id,bisac_code,bisac_prefix,bisac_category,thema_code_ids/id,sequence
bisac_ANT000000,ANT000000,ANT,ANTIQUES & COLLECTIBLES / General,thema_WC,10
bisac_ANT001000,ANT001000,ANT,ANTIQUES & COLLECTIBLES / Subjects & Themes / Americana,thema_WC,20
bisac_ANT002000,ANT002000,ANT,ANTIQUES & COLLECTIBLES / Art,"thema_WCU,thema_AF",30
bisac_ANT003000,ANT003000,ANT,ANTIQUES & COLLECTIBLES / Autographs,thema_WCS,40
bisac_ANT005000,ANT005000,ANT,ANTIQUES & COLLECTIBLES / Books,thema_WCS,50
bisac_ANT006000,ANT006000,ANT,ANTIQUES & COLLECTIBLES / Bottles,thema_WCNG,60
bisac_ANT007000,ANT007000,ANT,ANTIQUES & COLLECTIBLES / Buttons & Pins,thema_WCRB,70
bisac_ANT008000,ANT008000,ANT,ANTIQUES & COLLECTIBLES / Care & Restoration,thema_WCC,80
bisac_ANT009000,ANT009000,ANT,ANTIQUES & COLLECTIBLES / Subjects & Themes / Transportation,"thema_WC,thema_WG",90
bisac_ANT010000,ANT010000,ANT,ANTIQUES & COLLECTIBLES / Clocks & Watches,thema_WCJ,100
bisac_ANT011000,ANT011000,ANT,"ANTIQUES & COLLECTIBLES / Coins, Currency & Medals",thema_WCF,110
bisac_ANT012000,ANT012000,ANT,ANTIQUES & COLLECTIBLES / Comics,"thema_WCS,thema_XR",120
bisac_ANT015000,ANT015000,ANT,ANTIQUES & COLLECTIBLES / Dolls,thema_WCW,130
bisac_ANT016000,ANT016000,ANT,ANTIQUES & COLLECTIBLES / Firearms & Weapons,thema_WCK,140
bisac_ANT017000,ANT017000,ANT,ANTIQUES & COLLECTIBLES / Furniture,thema_WCL,150
bisac_ANT018000,ANT018000,ANT,ANTIQUES & COLLECTIBLES / Glass & Glassware,thema_WCNG,160
bisac_ANT021000,ANT021000,ANT,ANTIQUES & COLLECTIBLES / Jewelry,thema_WCP,170
bisac_ANT022000,ANT022000,ANT,ANTIQUES & COLLECTIBLES / Kitchenware,thema_WCN,180
bisac_ANT023000,ANT023000,ANT,ANTIQUES & COLLECTIBLES / Magazines & Newspapers,thema_WCS,190
bisac_ANT024000,ANT024000,ANT,ANTIQUES & COLLECTIBLES / Subjects & Themes / Military,thema_WCK,200
bisac_ANT025000,ANT025000,ANT,ANTIQUES & COLLECTIBLES / Subjects & Themes / Performing Arts,"thema_WC,thema_AT",210
bisac_ANT027000,ANT027000,ANT,ANTIQUES & COLLECTIBLES / Subjects & Themes / Nautical,"thema_WC,thema_WGG",220
bisac_ANT029000,ANT029000,ANT,ANTIQUES & COLLECTIBLES / Paper Ephemera,thema_WCS,230
bisac_ANT031000,ANT031000,ANT,ANTIQUES & COLLECTIBLES / Subjects & Themes / Political,"thema_WC,thema_JP",240
bisac_ANT032000,ANT032000,ANT,ANTIQUES & COLLECTIBLES / Porcelain & China,thema_WCNC,250
bisac_ANT033000,ANT033000,ANT,ANTIQUES & COLLECTIBLES / Postcards,thema_WCS,260
bisac_ANT034000,ANT034000,ANT,ANTIQUES & COLLECTIBLES / Posters,"thema_WCU,thema_AKLP",270
bisac_ANT035000,ANT035000,ANT,ANTIQUES & COLLECTIBLES / Pottery & Ceramics,thema_WCNC,280
bisac_ANT036000,ANT036000,ANT,ANTIQUES & COLLECTIBLES / Radios & Televisions (see also Subjects & Themes / Performing Arts),thema_WCX,290
bisac_ANT037000,ANT037000,ANT,ANTIQUES & COLLECTIBLES / Records,"thema_WC,thema_AVD",300
bisac_ANT038000,ANT038000,ANT,ANTIQUES & COLLECTIBLES / Reference,"thema_WC,thema_GBC",310
bisac_ANT039000,ANT039000,ANT,ANTIQUES & COLLECTIBLES / Subjects & Themes / Royalty,thema_WC,320
bisac_ANT040000,ANT040000,ANT,ANTIQUES & COLLECTIBLES / Rugs,thema_WCV,330
bisac_ANT041000,ANT041000,ANT,"ANTIQUES & COLLECTIBLES / Silver, Gold & Other Metals",thema_WCR,340
bisac_ANT042000,ANT042000,ANT,ANTIQUES & COLLECTIBLES / Sports Cards / General,"thema_WCT,thema_WCS",350
bisac_ANT042010,ANT042010,ANT,ANTIQUES & COLLECTIBLES / Sports Cards / Baseball,"thema_WCT,thema_WCS",360
bisac_ANT043000,ANT043000,ANT,ANTIQUES & COLLECTIBLES / Subjects & Themes / Sports (see also headings under Sports Cards),thema_WCT,370
bisac_ANT044000,ANT044000,ANT,ANTIQUES & COLLECTIBLES / Stamps,thema_WCG,380
bisac_ANT045000,ANT045000,ANT,ANTIQUES & COLLECTIBLES / Teddy Bears & Stuffed Animals,thema_WCW,390
bisac_ANT047000,ANT047000,ANT,ANTIQUES & COLLECTIBLES / Textiles & Costume,"thema_WCV,thema_WCVB",400
bisac_ANT050000,ANT050000,ANT,ANTIQUES & COLLECTIBLES / Toys & Games,thema_WCW,410
bisac_ANT051000,ANT051000,ANT,ANTIQUES & COLLECTIBLES / Wine,"thema_WC,thema_WBXD1",420
bisac_ANT052000,ANT052000,ANT,ANTIQUES & COLLECTIBLES / Subjects & Themes / Popular Culture,"thema_WC,thema_JBCC1",430
bisac_ANT053000,ANT053000,ANT,ANTIQUES & COLLECTIBLES / Figurines,"thema_WCN,thema_WCW",440
bisac_ANT054000,ANT054000,ANT,ANTIQUES & COLLECTIBLES / Subjects & Themes / Canadiana,thema_WC,450
bisac_ANT055000,ANT055000,ANT,ANTIQUES & COLLECTIBLES / Subjects & Themes / Tobacco-Related,"thema_WC,thema_WBZ",460
bisac_ANT056000,ANT056000,ANT,ANTIQUES & COLLECTIBLES / Advertising,"thema_WC,thema_KJSA",470
bisac_ANT057000,ANT057000,ANT,ANTIQUES & COLLECTIBLES / Buying & Selling / General,thema_WCB,480
bisac_ANT057010,ANT057010,ANT,ANTIQUES & COLLECTIBLES / Buying & Selling / Auctions & Dealerships,thema_WCB,490
bisac_ANT057020,ANT057020,ANT,ANTIQUES & COLLECTIBLES / Buying & Selling / Estate Sales & Storage Units,thema_WCB,500
bisac_ANT057030,ANT057030,ANT,"ANTIQUES & COLLECTIBLES / Buying & Selling / Flea Markets, Yard Sales, Thrift Shops, etc.",thema_WCB,510
bisac_ANT057040,ANT057040,ANT,ANTIQUES & COLLECTIBLES / Buying & Selling / Online Sales (see also BUSINESS & ECONOMICS / E-Commerce / Small Business),"thema_WCB,thema_UDBA",520
bisac_ANT058000,ANT058000,ANT,ANTIQUES & COLLECTIBLES / Subjects & Themes / General,thema_WC,530
bisac_ANT058010,ANT058010,ANT,ANTIQUES & COLLECTIBLES / Subjects & Themes / Animals,thema_WC,540
bisac_ANT058020,ANT058020,ANT,ANTIQUES & COLLECTIBLES / Subjects & Themes / Holidays,thema_WC,550
bisac_ANT058030,ANT058030,ANT,ANTIQUES & COLLECTIBLES / Subjects & Themes / Religious,"thema_WC,thema_QRV",560
bisac_ANT058040,ANT058040,ANT,ANTIQUES & COLLECTIBLES / Subjects & Themes / Trains,"thema_WC,thema_WGF",570
bisac_ARC000000,ARC000000,ARC,ARCHITECTURE / General,thema_AM,580
bisac_ARC001000,ARC001000,ARC,ARCHITECTURE / Criticism,thema_AMA,590
bisac_ARC002000,ARC002000,ARC,ARCHITECTURE / Decoration & Ornament,thema_AMCD,600
bisac_ARC003000,ARC003000,ARC,ARCHITECTURE / Buildings / Residential,thema_AMK,610
bisac_ARC004000,ARC004000,ARC,"ARCHITECTURE / Design, Drafting, Drawing & Presentation","thema_AMC,thema_AMD",620
bisac_ARC005000,ARC005000,ARC,ARCHITECTURE / History / General,thema_AMX,630
bisac_ARC005010,ARC005010,ARC,ARCHITECTURE / History / Prehistoric,thema_AMX,640
bisac_ARC005020,ARC005020,ARC,ARCHITECTURE / History / Ancient & Classical,thema_AMX,650
bisac_ARC005030,ARC005030,ARC,ARCHITECTURE / History / Medieval,thema_AMX,660
bisac_ARC005040,ARC005040,ARC,ARCHITECTURE / History / Renaissance,"thema_AMX,thema_NHDL",670
bisac_ARC005050,ARC005050,ARC,ARCHITECTURE / History / Baroque & Rococo,thema_AMX,680
bisac_ARC005060,ARC005060,ARC,ARCHITECTURE / History / Romanticism,thema_AMX,690
bisac_ARC005070,ARC005070,ARC,ARCHITECTURE / History / Modern (late 19th Century to 1945),thema_AMX,700
bisac_ARC005080,ARC005080,ARC,ARCHITECTURE / History / Contemporary (1945-),thema_AMX,710
bisac_ARC006000,ARC006000,ARC,ARCHITECTURE / Individual Architects & Firms / General,thema_AMB,720
bisac_ARC006010,ARC006010,ARC,ARCHITECTURE / Individual Architects & Firms / Essays,thema_AMB,730
bisac_ARC006020,ARC006020,ARC,ARCHITECTURE / Individual Architects & Firms / Monographs,thema_AMB,740
bisac_ARC007000,ARC007000,ARC,ARCHITECTURE / Interior Design / General,thema_AMR,750
bisac_ARC007010,ARC007010,ARC,ARCHITECTURE / Interior Design / Lighting,"thema_AMR,thema_TNKH",760
bisac_ARC008000,ARC008000,ARC,ARCHITECTURE / Landscape,thema_AMV,770
bisac_ARC009000,ARC009000,ARC,ARCHITECTURE / Methods & Materials,"thema_AMC,thema_AMCM",780
bisac_ARC010000,ARC010000,ARC,ARCHITECTURE / Urban & Land Use Planning,thema_AMVD,790
bisac_ARC011000,ARC011000,ARC,"ARCHITECTURE / Buildings / Public, Commercial & Industrial",thema_AMG,800
bisac_ARC012000,ARC012000,ARC,ARCHITECTURE / Reference,"thema_AM,thema_GBC",810
bisac_ARC013000,ARC013000,ARC,ARCHITECTURE / Study & Teaching,"thema_AM,thema_JNU",820
bisac_ARC014000,ARC014000,ARC,ARCHITECTURE / Historic Preservation / General,"thema_AM,thema_TNKX",830
bisac_ARC014010,ARC014010,ARC,ARCHITECTURE / Historic Preservation / Restoration Techniques,"thema_AM,thema_TNKX",840
bisac_ARC015000,ARC015000,ARC,ARCHITECTURE / Professional Practice,thema_AMD,850
bisac_ARC016000,ARC016000,ARC,ARCHITECTURE / Buildings / Religious,thema_AMN,860
bisac_ARC017000,ARC017000,ARC,ARCHITECTURE / Project Management,"thema_AMD,thema_KJMP",870
bisac_ARC018000,ARC018000,ARC,ARCHITECTURE / Sustainability & Green Design,thema_AMCR,880
bisac_ARC019000,ARC019000,ARC,ARCHITECTURE / Codes & Standards,"thema_AMD,thema_TNK",890
bisac_ARC020000,ARC020000,ARC,ARCHITECTURE / Regional,thema_AM,900
bisac_ARC021000,ARC021000,ARC,ARCHITECTURE / Security Design,"thema_AMC,thema_TNKS",910
bisac_ARC022000,ARC022000,ARC,ARCHITECTURE / Adaptive Reuse & Renovation,"thema_AMC,thema_ABC",920
bisac_ARC023000,ARC023000,ARC,ARCHITECTURE / Annuals,"thema_AM,thema_GBCY",930
bisac_ARC024000,ARC024000,ARC,ARCHITECTURE / Buildings / General,thema_AM,940
bisac_ARC024010,ARC024010,ARC,ARCHITECTURE / Buildings / Landmarks & Monuments,thema_AMG,950
bisac_ARC025000,ARC025000,ARC,ARCHITECTURE / Vernacular,thema_AMK,960
bisac_ART000000,ART000000,ART,ART / General,thema_AB,970
bisac_ART002000,ART002000,ART,ART / Techniques / Airbrush,"thema_AFC,thema_AGZ",980
bisac_ART003000,ART003000,ART,ART / Techniques / Calligraphy,"thema_WFU,thema_AGZ",990
bisac_ART004000,ART004000,ART,ART / Techniques / Cartooning,"thema_AKLC,thema_AGZ",1000
bisac_ART006000,ART006000,ART,"ART / Collections, Catalogs, Exhibitions / General",thema_AGC,1010
bisac_ART006010,ART006010,ART,"ART / Collections, Catalogs, Exhibitions / Group Shows",thema_AGC,1020
bisac_ART006020,ART006020,ART,"ART / Collections, Catalogs, Exhibitions / Permanent Collections",thema_AGC,1030
bisac_ART007000,ART007000,ART,ART / Color Theory,thema_AGZC,1040
bisac_ART008000,ART008000,ART,ART / Conceptual,thema_AGA,1050
bisac_ART009000,ART009000,ART,ART / Criticism & Theory,thema_ABA,1060
bisac_ART010000,ART010000,ART,ART / Techniques / Drawing / General,"thema_AFF,thema_AGZ",1070
bisac_ART013000,ART013000,ART,ART / Folk & Outsider Art,thema_AGA,1080
bisac_ART015000,ART015000,ART,ART / History / General,thema_AGA,1090
bisac_ART015010,ART015010,ART,ART / African,thema_AGA,1100
bisac_ART015020,ART015020,ART,ART / American,thema_AGA,1110
bisac_ART015030,ART015030,ART,ART / European / General,thema_AGA,1120
bisac_ART015040,ART015040,ART,ART / Canadian,thema_AGA,1130
bisac_ART015050,ART015050,ART,ART / History / Prehistoric,thema_AGA,1140
bisac_ART015060,ART015060,ART,ART / History / Ancient & Classical,thema_AGA,1150
bisac_ART015070,ART015070,ART,ART / Movements / Medieval,thema_AGA,1160
bisac_ART015080,ART015080,ART,ART / Movements / Renaissance,thema_AGA,1170
bisac_ART015090,ART015090,ART,ART / Movements / Baroque & Rococo,thema_AGA,1180
bisac_ART015100,ART015100,ART,ART / Movements / Modernism,thema_AGA,1190
bisac_ART015110,ART015110,ART,ART / History / 20th & 21st Century,thema_AGA,1200
bisac_ART015120,ART015120,ART,ART / Movements / Romanticism,thema_AGA,1210
bisac_ART015150,ART015150,ART,ART / European / Dutch,thema_AGA,1220
bisac_ART015160,ART015160,ART,ART / European / French,thema_AGA,1230
bisac_ART015170,ART015170,ART,ART / European / German & Austrian,thema_AGA,1240
bisac_ART015180,ART015180,ART,ART / European / Italian,thema_AGA,1250
bisac_ART015190,ART015190,ART,ART / European / Spanish,thema_AGA,1260
bisac_ART015200,ART015200,ART,ART / History / 1-500 C.E.,thema_AGA,1270
bisac_ART015210,ART015210,ART,ART / History / 500-1000 C.E.,thema_AGA,1280
bisac_ART015220,ART015220,ART,ART / History / 1000-1400 C.E.,thema_AGA,1290
bisac_ART015230,ART015230,ART,ART / History / 1400-1600 C.E.,thema_AGA,1300
bisac_ART015240,ART015240,ART,ART / History / 17th Century,thema_AGA,1310
bisac_ART015250,ART015250,ART,ART / History / 18th Century,thema_AGA,1320
bisac_ART015260,ART015260,ART,ART / History / 19th Century,thema_AGA,1330
bisac_ART015270,ART015270,ART,ART / Movements / General,thema_AGA,1340
bisac_ART015280,ART015280,ART,ART / Movements / Neoclassicism,thema_AGA,1350
bisac_ART015290,ART015290,ART,ART / Movements / Impressionism & Post-Impressionism,thema_AGA,1360
bisac_ART015300,ART015300,ART,ART / Movements / Art Nouveau,thema_AGA,1370
bisac_ART015310,ART015310,ART,ART / Movements / Expressionism,thema_AGA,1380
bisac_ART015320,ART015320,ART,ART / Movements / Art Deco,thema_AGA,1390
bisac_ART015330,ART015330,ART,ART / Movements / Surrealism,thema_AGA,1400
bisac_ART015340,ART015340,ART,ART / Movements / Abstract Expressionism,thema_AGA,1410
bisac_ART015350,ART015350,ART,ART / Movements / Pop Art,thema_AGA,1420
bisac_ART016000,ART016000,ART,ART / Individual Artists / General,thema_AGB,1430
bisac_ART016010,ART016010,ART,ART / Individual Artists / Artists' Books,thema_AGB,1440
bisac_ART016020,ART016020,ART,ART / Individual Artists / Essays,thema_AGB,1450
bisac_ART016030,ART016030,ART,ART / Individual Artists / Monographs,thema_AGB,1460
bisac_ART017000,ART017000,ART,ART / Mixed Media,thema_AFJ,1470
bisac_ART018000,ART018000,ART,ART / Techniques / Painting / Oil,"thema_AFCL,thema_AGZ",1480
bisac_ART019000,ART019000,ART,ART / Asian / General,thema_AGA,1490
bisac_ART019010,ART019010,ART,ART / Asian / Chinese,thema_AGA,1500
bisac_ART019020,ART019020,ART,ART / Asian / Indian & South Asian,thema_AGA,1510
bisac_ART019030,ART019030,ART,ART / Asian / Japanese,thema_AGA,1520
bisac_ART019040,ART019040,ART,ART / Asian / Central Asian,thema_AGA,1530
bisac_ART019050,ART019050,ART,ART / Asian / Korean,thema_AGA,1540
bisac_ART019060,ART019060,ART,ART / Asian / Southeast Asian,thema_AGA,1550
bisac_ART020000,ART020000,ART,ART / Techniques / Painting / General,"thema_AFC,thema_AGZ",1560
bisac_ART021000,ART021000,ART,ART / Techniques / Drawing / Pastel,"thema_AFFC,thema_AGZ",1570
bisac_ART023000,ART023000,ART,ART / Popular Culture,"thema_AGA,thema_JBCC1",1580
bisac_ART024000,ART024000,ART,ART / Techniques / Printmaking,"thema_AFH,thema_AGZ",1590
bisac_ART025000,ART025000,ART,ART / Reference,"thema_AB,thema_GBC",1600
bisac_ART026000,ART026000,ART,ART / Sculpture & Installation,"thema_AFKB,thema_AFKN",1610
bisac_ART027000,ART027000,ART,ART / Study & Teaching,"thema_AB,thema_JNU",1620
bisac_ART028000,ART028000,ART,ART / Techniques / General,thema_AGZ,1630
bisac_ART029000,ART029000,ART,ART / Techniques / Painting / Watercolor,"thema_AFCC,thema_AGZ",1640
bisac_ART031000,ART031000,ART,ART / Techniques / Painting / Acrylic,"thema_AFCL,thema_AGZ",1650
bisac_ART033000,ART033000,ART,ART / Techniques / Drawing / Pen & Ink,"thema_AFFK,thema_AGZ",1660
bisac_ART034000,ART034000,ART,ART / Techniques / Drawing / Pencil,"thema_AFFC,thema_AGZ",1670
bisac_ART035000,ART035000,ART,ART / Subjects & Themes / Religious,thema_AGR,1680
bisac_ART037000,ART037000,ART,ART / Art & Politics,thema_AB,1690
bisac_ART038000,ART038000,ART,ART / African American & Black,thema_AGA,1700
bisac_ART039000,ART039000,ART,ART / Asian American & Pacific Islander,thema_AGA,1710
bisac_ART040000,ART040000,ART,ART / Hispanic & Latino,thema_AGA,1720
bisac_ART041000,ART041000,ART,ART / Indigenous,"thema_AGA,thema_JBSL11",1730
bisac_ART042000,ART042000,ART,ART / Australian & Oceanian,thema_AGA,1740
bisac_ART043000,ART043000,ART,ART / Business Aspects,thema_ABQ,1750
bisac_ART044000,ART044000,ART,ART / Caribbean & Latin American,thema_AGA,1760
bisac_ART045000,ART045000,ART,ART / Ceramics,thema_AFP,1770
bisac_ART046000,ART046000,ART,ART / Digital,thema_AFKV,1780
bisac_ART047000,ART047000,ART,ART / Islamic & Middle Eastern,thema_AGA,1790
bisac_ART048000,ART048000,ART,ART / Prints,thema_AFH,1800
bisac_ART049000,ART049000,ART,ART / Russian & Soviet,thema_AGA,1810
bisac_ART050000,ART050000,ART,ART / Subjects & Themes / General,thema_AG,1820
bisac_ART050010,ART050010,ART,ART / Subjects & Themes / Human Figure,thema_AGH,1830
bisac_ART050020,ART050020,ART,ART / Subjects & Themes / Landscapes & Seascapes,thema_AGNL,1840
bisac_ART050030,ART050030,ART,ART / Subjects & Themes / Plants & Animals,thema_AGN,1850
bisac_ART050040,ART050040,ART,ART / Subjects & Themes / Portraits,thema_AGHF,1860
bisac_ART050050,ART050050,ART,ART / Subjects & Themes / Erotica,thema_AGHX,1870
bisac_ART050060,ART050060,ART,ART / Subjects & Themes / Science Fiction & Fantasy,thema_AG,1880
bisac_ART050070,ART050070,ART,ART / Subjects & Themes / Still Life,thema_AGNS,1890
bisac_ART050080,ART050080,ART,ART / Subjects & Themes / Buildings & Cityscapes,"thema_AGP,thema_AGNL",1900
bisac_ART051000,ART051000,ART,ART / Techniques / Color,thema_AGZC,1910
bisac_ART052000,ART052000,ART,ART / Techniques / Drawing / Life,"thema_AFF,thema_AGZ",1920
bisac_ART053000,ART053000,ART,ART / Techniques / Sculpting,"thema_AFKB,thema_AGZ",1930
bisac_ART054000,ART054000,ART,ART / Annuals,"thema_AB,thema_GBCY",1940
bisac_ART055000,ART055000,ART,ART / Body Art & Tattooing,thema_AFJY,1950
bisac_ART056000,ART056000,ART,ART / Conservation & Preservation,thema_ABC,1960
bisac_ART057000,ART057000,ART,ART / Film & Video,thema_AFKV,1970
bisac_ART058000,ART058000,ART,ART / Graffiti & Street Art,thema_AGTS,1980
bisac_ART059000,ART059000,ART,ART / Museum Studies,thema_GLZ,1990
bisac_ART060000,ART060000,ART,ART / Performance,thema_AFKP,2000
bisac_ART061000,ART061000,ART,ART / Glass,thema_AFP,2010
bisac_ART062000,ART062000,ART,ART / Public Art,thema_AGT,2020
bisac_ART063000,ART063000,ART,ART / Environmental & Land Art,thema_AFKN,2030
bisac_ART064000,ART064000,ART,ART / Video Game Art,"thema_AKLF,thema_AFKV",2040
bisac_ART065000,ART065000,ART,ART / Women Artists,"thema_AGB,thema_JBSF1",2050
bisac_ART066000,ART066000,ART,ART / LGBTQ+,thema_AGB,2060
bisac_ART067000,ART067000,ART,ART / Forgeries,thema_ABK,2070
bisac_ART068000,ART068000,ART,ART / Celtic Art,thema_AGA,2080
bisac_ART069000,ART069000,ART,ART / Native American,"thema_AGA,thema_JBSL11",2090
bisac_ART070000,ART070000,ART,ART / Indigenous Art of Turtle Island,"thema_AGA,thema_JBSL11",2100
bisac_ART071000,ART071000,ART,ART / Techniques / Basketry,"thema_WFL,thema_AGZ",2110
bisac_ART072000,ART072000,ART,ART / Techniques / Beadwork,"thema_WFJ,thema_AGZ",2120
bisac_ART073000,ART073000,ART,ART / Techniques / Composition,thema_AGZ,2130
bisac_ART074000,ART074000,ART,ART / Techniques / Leatherwork & Hidework,"thema_WFD,thema_AGZ",2140
bisac_ART075000,ART075000,ART,ART / Techniques / Quillwork,"thema_WFE,thema_AGZ",2150
bisac_ART076000,ART076000,ART,ART / Techniques / Textiles & Weaving,"thema_AFW,thema_AGZ",2160
bisac_ART077000,ART077000,ART,ART / Disability,thema_AB,2170
bisac_ART078000,ART078000,ART,ART / Diversity & Multicultural,thema_AB,2180
bisac_ART079000,ART079000,ART,ART / Techniques / En Plein Air & Urban Sketching,thema_AGZ,2190
bisac_BIB000000,BIB000000,BIB,BIBLES / General,thema_QRMF1,2200
bisac_BIB001000,BIB001000,BIB,BIBLES / Christian Standard Bible / General,thema_QRMF1,2210
bisac_BIB001010,BIB001010,BIB,BIBLES / Christian Standard Bible / Children,"thema_QRMF1,thema_YNRX",2220
bisac_BIB001020,BIB001020,BIB,BIBLES / Christian Standard Bible / Devotional,thema_QRMF1,2230
bisac_BIB001030,BIB001030,BIB,BIBLES / Christian Standard Bible / New Testament & Portions,thema_QRMF13,2240
bisac_BIB001040,BIB001040,BIB,BIBLES / Christian Standard Bible / Reference,thema_QRMF1,2250
bisac_BIB001050,BIB001050,BIB,BIBLES / Christian Standard Bible / Study,thema_QRMF1,2260
bisac_BIB001060,BIB001060,BIB,BIBLES / Christian Standard Bible / Text,thema_QRMF1,2270
bisac_BIB001070,BIB001070,BIB,BIBLES / Christian Standard Bible / Youth & Teen,"thema_QRMF1,thema_YNRX",2280
bisac_BIB001080,BIB001080,BIB,BIBLES / Christian Standard Bible / Dramatized,thema_QRMF1,2290
bisac_BIB001090,BIB001090,BIB,BIBLES / Christian Standard Bible / Journaling,thema_QRMF1,2300
bisac_BIB001100,BIB001100,BIB,BIBLES / Christian Standard Bible / Outreach,thema_QRMF1,2310
bisac_BIB001110,BIB001110,BIB,BIBLES / Christian Standard Bible / Reading,thema_QRMF1,2320
bisac_BIB002000,BIB002000,BIB,BIBLES / Contemporary English Version / General,thema_QRMF1,2330
bisac_BIB002010,BIB002010,BIB,BIBLES / Contemporary English Version / Children,"thema_QRMF1,thema_YNRX",2340
bisac_BIB002020,BIB002020,BIB,BIBLES / Contemporary English Version / Devotional,thema_QRMF1,2350
bisac_BIB002030,BIB002030,BIB,BIBLES / Contemporary English Version / New Testament & Portions,thema_QRMF13,2360
bisac_BIB002040,BIB002040,BIB,BIBLES / Contemporary English Version / Reference,thema_QRMF1,2370
bisac_BIB002050,BIB002050,BIB,BIBLES / Contemporary English Version / Study,thema_QRMF1,2380
bisac_BIB002060,BIB002060,BIB,BIBLES / Contemporary English Version / Text,thema_QRMF1,2390
bisac_BIB002070,BIB002070,BIB,BIBLES / Contemporary English Version / Youth & Teen,"thema_QRMF1,thema_YNRX",2400
bisac_BIB002080,BIB002080,BIB,BIBLES / Contemporary English Version / Dramatized,thema_QRMF1,2410
bisac_BIB002090,BIB002090,BIB,BIBLES / Contemporary English Version / Journaling,thema_QRMF1,2420
bisac_BIB002100,BIB002100,BIB,BIBLES / Contemporary English Version / Outreach,thema_QRMF1,2430
bisac_BIB002110,BIB002110,BIB,BIBLES / Contemporary English Version / Reading,thema_QRMF1,2440
bisac_BIB003000,BIB003000,BIB,BIBLES / English Standard Version / General,thema_QRMF1,2450
bisac_BIB003010,BIB003010,BIB,BIBLES / English Standard Version / Children,"thema_QRMF1,thema_YNRX",2460
bisac_BIB003020,BIB003020,BIB,BIBLES / English Standard Version / Devotional,thema_QRMF1,2470
bisac_BIB003030,BIB003030,BIB,BIBLES / English Standard Version / New Testament & Portions,thema_QRMF13,2480
bisac_BIB003040,BIB003040,BIB,BIBLES / English Standard Version / Reference,thema_QRMF1,2490
bisac_BIB003050,BIB003050,BIB,BIBLES / English Standard Version / Study,thema_QRMF1,2500
bisac_BIB003060,BIB003060,BIB,BIBLES / English Standard Version / Text,thema_QRMF1,2510
bisac_BIB003070,BIB003070,BIB,BIBLES / English Standard Version / Youth & Teen,"thema_QRMF1,thema_YNRX",2520
bisac_BIB003080,BIB003080,BIB,BIBLES / English Standard Version / Dramatized,thema_QRMF1,2530
bisac_BIB003090,BIB003090,BIB,BIBLES / English Standard Version / Journaling,thema_QRMF1,2540
bisac_BIB003100,BIB003100,BIB,BIBLES / English Standard Version / Outreach,thema_QRMF1,2550
bisac_BIB003110,BIB003110,BIB,BIBLES / English Standard Version / Reading,thema_QRMF1,2560
bisac_BIB004000,BIB004000,BIB,BIBLES / God's Word / General,thema_QRMF1,2570
bisac_BIB004010,BIB004010,BIB,BIBLES / God's Word / Children,"thema_QRMF1,thema_YNRX",2580
bisac_BIB004020,BIB004020,BIB,BIBLES / God's Word / Devotional,thema_QRMF1,2590
bisac_BIB004030,BIB004030,BIB,BIBLES / God's Word / New Testament & Portions,thema_QRMF13,2600
bisac_BIB004040,BIB004040,BIB,BIBLES / God's Word / Reference,thema_QRMF1,2610
bisac_BIB004050,BIB004050,BIB,BIBLES / God's Word / Study,thema_QRMF1,2620
bisac_BIB004060,BIB004060,BIB,BIBLES / God's Word / Text,thema_QRMF1,2630
bisac_BIB004070,BIB004070,BIB,BIBLES / God's Word / Youth & Teen,"thema_QRMF1,thema_YNRX",2640
bisac_BIB004080,BIB004080,BIB,BIBLES / God's Word / Dramatized,thema_QRMF1,2650
bisac_BIB004090,BIB004090,BIB,BIBLES / God's Word / Journaling,thema_QRMF1,2660
bisac_BIB004100,BIB004100,BIB,BIBLES / God's Word / Outreach,thema_QRMF1,2670
bisac_BIB004110,BIB004110,BIB,BIBLES / God's Word / Reading,thema_QRMF1,2680
bisac_BIB005000,BIB005000,BIB,BIBLES / International Children's Bible / General,"thema_QRMF1,thema_YNRX",2690
bisac_BIB005010,BIB005010,BIB,BIBLES / International Children's Bible / Children,"thema_QRMF1,thema_YNRX",2700
bisac_BIB005020,BIB005020,BIB,BIBLES / International Children's Bible / Devotional,"thema_QRMF1,thema_YNRX",2710
bisac_BIB005030,BIB005030,BIB,BIBLES / International Children's Bible / New Testament & Portions,"thema_QRMF13,thema_YNRX",2720
bisac_BIB005040,BIB005040,BIB,BIBLES / International Children's Bible / Reference,"thema_QRMF1,thema_YNRX",2730
bisac_BIB005050,BIB005050,BIB,BIBLES / International Children's Bible / Study,"thema_QRMF1,thema_YNRX",2740
bisac_BIB005060,BIB005060,BIB,BIBLES / International Children's Bible / Text,"thema_QRMF1,thema_YNRX",2750
bisac_BIB005070,BIB005070,BIB,BIBLES / International Children's Bible / Youth & Teen,"thema_QRMF1,thema_YNRX",2760
bisac_BIB005080,BIB005080,BIB,BIBLES / International Children's Bible / Dramatized,"thema_QRMF1,thema_YNRX",2770
bisac_BIB005090,BIB005090,BIB,BIBLES / International Children's Bible / Journaling,"thema_QRMF1,thema_YNRX",2780
bisac_BIB005100,BIB005100,BIB,BIBLES / International Children's Bible / Outreach,"thema_QRMF1,thema_YNRX",2790
bisac_BIB005110,BIB005110,BIB,BIBLES / International Children's Bible / Reading,"thema_QRMF1,thema_YNRX",2800
bisac_BIB006000,BIB006000,BIB,BIBLES / King James Version / General,thema_QRMF1,2810
bisac_BIB006010,BIB006010,BIB,BIBLES / King James Version / Children,"thema_QRMF1,thema_YNRX",2820
bisac_BIB006020,BIB006020,BIB,BIBLES / King James Version / Devotional,thema_QRMF1,2830
bisac_BIB006030,BIB006030,BIB,BIBLES / King James Version / New Testament & Portions,thema_QRMF13,2840
bisac_BIB006040,BIB006040,BIB,BIBLES / King James Version / Reference,thema_QRMF1,2850
bisac_BIB006050,BIB006050,BIB,BIBLES / King James Version / Study,thema_QRMF1,2860
bisac_BIB006060,BIB006060,BIB,BIBLES / King James Version / Text,thema_QRMF1,2870
bisac_BIB006070,BIB006070,BIB,BIBLES / King James Version / Youth & Teen,"thema_QRMF1,thema_YNRX",2880
bisac_BIB006080,BIB006080,BIB,BIBLES / King James Version / Dramatized,thema_QRMF1,2890
bisac_BIB006090,BIB006090,BIB,BIBLES / King James Version / Journaling,thema_QRMF1,2900
bisac_BIB006100,BIB006100,BIB,BIBLES / King James Version / Outreach,thema_QRMF1,2910
bisac_BIB006110,BIB006110,BIB,BIBLES / King James Version / Reading,thema_QRMF1,2920
bisac_BIB007000,BIB007000,BIB,BIBLES / La Biblia de las Americas / General,thema_QRMF1,2930
bisac_BIB007010,BIB007010,BIB,BIBLES / La Biblia de las Americas / Children,"thema_QRMF1,thema_YNRX",2940
bisac_BIB007020,BIB007020,BIB,BIBLES / La Biblia de las Americas / Devotional,thema_QRMF1,2950
bisac_BIB007030,BIB007030,BIB,BIBLES / La Biblia de las Americas / New Testament & Portions,thema_QRMF13,2960
bisac_BIB007040,BIB007040,BIB,BIBLES / La Biblia de las Americas / Reference,thema_QRMF1,2970
bisac_BIB007050,BIB007050,BIB,BIBLES / La Biblia de las Americas / Study,thema_QRMF1,2980
bisac_BIB007060,BIB007060,BIB,BIBLES / La Biblia de las Americas / Text,thema_QRMF1,2990
bisac_BIB007070,BIB007070,BIB,BIBLES / La Biblia de las Americas / Youth & Teen,"thema_QRMF1,thema_YNRX",3000
bisac_BIB007080,BIB007080,BIB,BIBLES / La Biblia de las Americas / Dramatized,thema_QRMF1,3010
bisac_BIB007090,BIB007090,BIB,BIBLES / La Biblia de las Americas / Journaling,thema_QRMF1,3020
bisac_BIB007100,BIB007100,BIB,BIBLES / La Biblia de las Americas / Outreach,thema_QRMF1,3030
bisac_BIB007110,BIB007110,BIB,BIBLES / La Biblia de las Americas / Reading,thema_QRMF1,3040
bisac_BIB008000,BIB008000,BIB,BIBLES / Multiple Translations / General,thema_QRMF1,3050
bisac_BIB008010,BIB008010,BIB,BIBLES / Multiple Translations / Children,"thema_QRMF1,thema_YNRX",3060
bisac_BIB008020,BIB008020,BIB,BIBLES / Multiple Translations / Devotional,thema_QRMF1,3070
bisac_BIB008030,BIB008030,BIB,BIBLES / Multiple Translations / New Testament & Portions,thema_QRMF13,3080
bisac_BIB008040,BIB008040,BIB,BIBLES / Multiple Translations / Reference,thema_QRMF1,3090
bisac_BIB008050,BIB008050,BIB,BIBLES / Multiple Translations / Study,thema_QRMF1,3100
bisac_BIB008060,BIB008060,BIB,BIBLES / Multiple Translations / Text,thema_QRMF1,3110
bisac_BIB008070,BIB008070,BIB,BIBLES / Multiple Translations / Youth & Teen,"thema_QRMF1,thema_YNRX",3120
bisac_BIB008080,BIB008080,BIB,BIBLES / Multiple Translations / Dramatized,thema_QRMF1,3130
bisac_BIB008090,BIB008090,BIB,BIBLES / Multiple Translations / Journaling,thema_QRMF1,3140
bisac_BIB008100,BIB008100,BIB,BIBLES / Multiple Translations / Outreach,thema_QRMF1,3150
bisac_BIB008110,BIB008110,BIB,BIBLES / Multiple Translations / Reading,thema_QRMF1,3160
bisac_BIB009000,BIB009000,BIB,BIBLES / New American Bible / General,thema_QRMF1,3170
bisac_BIB009010,BIB009010,BIB,BIBLES / New American Bible / Children,"thema_QRMF1,thema_YNRX",3180
bisac_BIB009020,BIB009020,BIB,BIBLES / New American Bible / Devotional,thema_QRMF1,3190
bisac_BIB009030,BIB009030,BIB,BIBLES / New American Bible / New Testament & Portions,thema_QRMF13,3200
bisac_BIB009040,BIB009040,BIB,BIBLES / New American Bible / Reference,thema_QRMF1,3210
bisac_BIB009050,BIB009050,BIB,BIBLES / New American Bible / Study,thema_QRMF1,3220
bisac_BIB009060,BIB009060,BIB,BIBLES / New American Bible / Text,thema_QRMF1,3230
bisac_BIB009070,BIB009070,BIB,BIBLES / New American Bible / Youth & Teen,"thema_QRMF1,thema_YNRX",3240
bisac_BIB009080,BIB009080,BIB,BIBLES / New American Bible / Dramatized,thema_QRMF1,3250
bisac_BIB009090,BIB009090,BIB,BIBLES / New American Bible / Journaling,thema_QRMF1,3260
bisac_BIB009100,BIB009100,BIB,BIBLES / New American Bible / Outreach,thema_QRMF1,3270
bisac_BIB009110,BIB009110,BIB,BIBLES / New American Bible / Reading,thema_QRMF1,3280
bisac_BIB010000,BIB010000,BIB,BIBLES / New American Standard Bible / General,thema_QRMF1,3290
bisac_BIB010010,BIB010010,BIB,BIBLES / New American Standard Bible / Children,"thema_QRMF1,thema_YNRX",3300
bisac_BIB010020,BIB010020,BIB,BIBLES / New American Standard Bible / Devotional,thema_QRMF1,3310
bisac_BIB010030,BIB010030,BIB,BIBLES / New American Standard Bible / New Testament & Portions,thema_QRMF13,3320
bisac_BIB010040,BIB010040,BIB,BIBLES / New American Standard Bible / Reference,thema_QRMF1,3330
bisac_BIB010050,BIB010050,BIB,BIBLES / New American Standard Bible / Study,thema_QRMF1,3340
bisac_BIB010060,BIB010060,BIB,BIBLES / New American Standard Bible / Text,thema_QRMF1,3350
bisac_BIB010070,BIB010070,BIB,BIBLES / New American Standard Bible / Youth & Teen,"thema_QRMF1,thema_YNRX",3360
bisac_BIB010080,BIB010080,BIB,BIBLES / New American Standard Bible / Dramatized,thema_QRMF1,3370
bisac_BIB010090,BIB010090,BIB,BIBLES / New American Standard Bible / Journaling,thema_QRMF1,3380
bisac_BIB010100,BIB010100,BIB,BIBLES / New American Standard Bible / Outreach,thema_QRMF1,3390
bisac_BIB010110,BIB010110,BIB,BIBLES / New American Standard Bible / Reading,thema_QRMF1,3400
bisac_BIB011000,BIB011000,BIB,BIBLES / New Century Version / General,thema_QRMF1,3410
bisac_BIB011010,BIB011010,BIB,BIBLES / New Century Version / Children,"thema_QRMF1,thema_YNRX",3420
bisac_BIB011020,BIB011020,BIB,BIBLES / New Century Version / Devotional,thema_QRMF1,3430
bisac_BIB011030,BIB011030,BIB,BIBLES / New Century Version / New Testament & Portions,thema_QRMF13,3440
bisac_BIB011040,BIB011040,BIB,BIBLES / New Century Version / Reference,thema_QRMF1,3450
bisac_BIB011050,BIB011050,BIB,BIBLES / New Century Version / Study,thema_QRMF1,3460
bisac_BIB011060,BIB011060,BIB,BIBLES / New Century Version / Text,thema_QRMF1,3470
bisac_BIB011070,BIB011070,BIB,BIBLES / New Century Version / Youth & Teen,"thema_QRMF1,thema_YNRX",3480
bisac_BIB011080,BIB011080,BIB,BIBLES / New Century Version / Dramatized,thema_QRMF1,3490
bisac_BIB011090,BIB011090,BIB,BIBLES / New Century Version / Journaling,thema_QRMF1,3500
bisac_BIB011100,BIB011100,BIB,BIBLES / New Century Version / Outreach,thema_QRMF1,3510
bisac_BIB011110,BIB011110,BIB,BIBLES / New Century Version / Reading,thema_QRMF1,3520
bisac_BIB012000,BIB012000,BIB,BIBLES / New International Reader's Version / General,thema_QRMF1,3530
bisac_BIB012010,BIB012010,BIB,BIBLES / New International Reader's Version / Children,"thema_QRMF1,thema_YNRX",3540
bisac_BIB012020,BIB012020,BIB,BIBLES / New International Reader's Version / Devotional,thema_QRMF1,3550
bisac_BIB012030,BIB012030,BIB,BIBLES / New International Reader's Version / New Testament & Portions,thema_QRMF13,3560
bisac_BIB012040,BIB012040,BIB,BIBLES / New International Reader's Version / Reference,thema_QRMF1,3570
bisac_BIB012050,BIB012050,BIB,BIBLES / New International Reader's Version / Study,thema_QRMF1,3580
bisac_BIB012060,BIB012060,BIB,BIBLES / New International Reader's Version / Text,thema_QRMF1,3590
bisac_BIB012070,BIB012070,BIB,BIBLES / New International Reader's Version / Youth & Teen,"thema_QRMF1,thema_YNRX",3600
bisac_BIB012080,BIB012080,BIB,BIBLES / New International Reader's Version / Dramatized,thema_QRMF1,3610
bisac_BIB012090,BIB012090,BIB,BIBLES / New International Reader's Version / Journaling,thema_QRMF1,3620
bisac_BIB012100,BIB012100,BIB,BIBLES / New International Reader's Version / Outreach,thema_QRMF1,3630
bisac_BIB012110,BIB012110,BIB,BIBLES / New International Reader's Version / Reading,thema_QRMF1,3640
bisac_BIB013000,BIB013000,BIB,BIBLES / New International Version / General,thema_QRMF1,3650
bisac_BIB013010,BIB013010,BIB,BIBLES / New International Version / Children,"thema_QRMF1,thema_YNRX",3660
bisac_BIB013020,BIB013020,BIB,BIBLES / New International Version / Devotional,thema_QRMF1,3670
bisac_BIB013030,BIB013030,BIB,BIBLES / New International Version / New Testament & Portions,thema_QRMF13,3680
bisac_BIB013040,BIB013040,BIB,BIBLES / New International Version / Reference,thema_QRMF1,3690
bisac_BIB013050,BIB013050,BIB,BIBLES / New International Version / Study,thema_QRMF1,3700
bisac_BIB013060,BIB013060,BIB,BIBLES / New International Version / Text,thema_QRMF1,3710
bisac_BIB013070,BIB013070,BIB,BIBLES / New International Version / Youth & Teen,"thema_QRMF1,thema_YNRX",3720
bisac_BIB013080,BIB013080,BIB,BIBLES / New International Version / Dramatized,thema_QRMF1,3730
bisac_BIB013090,BIB013090,BIB,BIBLES / New International Version / Journaling,thema_QRMF1,3740
bisac_BIB013100,BIB013100,BIB,BIBLES / New International Version / Outreach,thema_QRMF1,3750
bisac_BIB013110,BIB013110,BIB,BIBLES / New International Version / Reading,thema_QRMF1,3760
bisac_BIB014000,BIB014000,BIB,BIBLES / New King James Version / General,thema_QRMF1,3770
bisac_BIB014010,BIB014010,BIB,BIBLES / New King James Version / Children,"thema_QRMF1,thema_YNRX",3780
bisac_BIB014020,BIB014020,BIB,BIBLES / New King James Version / Devotional,thema_QRMF1,3790
bisac_BIB014030,BIB014030,BIB,BIBLES / New King James Version / New Testament & Portions,thema_QRMF13,3800
bisac_BIB014040,BIB014040,BIB,BIBLES / New King James Version / Reference,thema_QRMF1,3810
bisac_BIB014050,BIB014050,BIB,BIBLES / New King James Version / Study,thema_QRMF1,3820
bisac_BIB014060,BIB014060,BIB,BIBLES / New King James Version / Text,thema_QRMF1,3830
bisac_BIB014070,BIB014070,BIB,BIBLES / New King James Version / Youth & Teen,"thema_QRMF1,thema_YNRX",3840
bisac_BIB014080,BIB014080,BIB,BIBLES / New King James Version / Dramatized,thema_QRMF1,3850
bisac_BIB014090,BIB014090,BIB,BIBLES / New King James Version / Journaling,thema_QRMF1,3860
bisac_BIB014100,BIB014100,BIB,BIBLES / New King James Version / Outreach,thema_QRMF1,3870
bisac_BIB014110,BIB014110,BIB,BIBLES / New King James Version / Reading,thema_QRMF1,3880
bisac_BIB015000,BIB015000,BIB,BIBLES / New Living Translation / General,thema_QRMF1,3890
bisac_BIB015010,BIB015010,BIB,BIBLES / New Living Translation / Children,"thema_QRMF1,thema_YNRX",3900
bisac_BIB015020,BIB015020,BIB,BIBLES / New Living Translation / Devotional,thema_QRMF1,3910
bisac_BIB015030,BIB015030,BIB,BIBLES / New Living Translation / New Testament & Portions,thema_QRMF13,3920
bisac_BIB015040,BIB015040,BIB,BIBLES / New Living Translation / Reference,thema_QRMF1,3930
bisac_BIB015050,BIB015050,BIB,BIBLES / New Living Translation / Study,thema_QRMF1,3940
bisac_BIB015060,BIB015060,BIB,BIBLES / New Living Translation / Text,thema_QRMF1,3950
bisac_BIB015070,BIB015070,BIB,BIBLES / New Living Translation / Youth & Teen,"thema_QRMF1,thema_YNRX",3960
bisac_BIB015080,BIB015080,BIB,BIBLES / New Living Translation / Dramatized,thema_QRMF1,3970
bisac_BIB015090,BIB015090,BIB,BIBLES / New Living Translation / Journaling,thema_QRMF1,3980
bisac_BIB015100,BIB015100,BIB,BIBLES / New Living Translation / Outreach,thema_QRMF1,3990
bisac_BIB015110,BIB015110,BIB,BIBLES / New Living Translation / Reading,thema_QRMF1,4000
bisac_BIB016000,BIB016000,BIB,BIBLES / New Revised Standard Version / General,thema_QRMF1,4010
bisac_BIB016010,BIB016010,BIB,BIBLES / New Revised Standard Version / Children,"thema_QRMF1,thema_YNRX",4020
bisac_BIB016020,BIB016020,BIB,BIBLES / New Revised Standard Version / Devotional,thema_QRMF1,4030
bisac_BIB016030,BIB016030,BIB,BIBLES / New Revised Standard Version / New Testament & Portions,thema_QRMF13,4040
bisac_BIB016040,BIB016040,BIB,BIBLES / New Revised Standard Version / Reference,thema_QRMF1,4050
bisac_BIB016050,BIB016050,BIB,BIBLES / New Revised Standard Version / Study,thema_QRMF1,4060
bisac_BIB016060,BIB016060,BIB,BIBLES / New Revised Standard Version / Text,thema_QRMF1,4070
bisac_BIB016070,BIB016070,BIB,BIBLES / New Revised Standard Version / Youth & Teen,"thema_QRMF1,thema_YNRX",4080
bisac_BIB016080,BIB016080,BIB,BIBLES / New Revised Standard Version / Dramatized,thema_QRMF1,4090
bisac_BIB016090,BIB016090,BIB,BIBLES / New Revised Standard Version / Journaling,thema_QRMF1,4100
bisac_BIB016100,BIB016100,BIB,BIBLES / New Revised Standard Version / Outreach,thema_QRMF1,4110
bisac_BIB016110,BIB016110,BIB,BIBLES / New Revised Standard Version / Reading,thema_QRMF1,4120
bisac_BIB017000,BIB017000,BIB,BIBLES / Nueva Version International / General,thema_QRMF1,4130
bisac_BIB017010,BIB017010,BIB,BIBLES / Nueva Version International / Children,"thema_QRMF1,thema_YNRX",4140
bisac_BIB017020,BIB017020,BIB,BIBLES / Nueva Version International / Devotional,thema_QRMF1,4150
bisac_BIB017030,BIB017030,BIB,BIBLES / Nueva Version International / New Testament & Portions,thema_QRMF13,4160
bisac_BIB017040,BIB017040,BIB,BIBLES / Nueva Version International / Reference,thema_QRMF1,4170
bisac_BIB017050,BIB017050,BIB,BIBLES / Nueva Version International / Study,thema_QRMF1,4180
bisac_BIB017060,BIB017060,BIB,BIBLES / Nueva Version International / Text,thema_QRMF1,4190
bisac_BIB017070,BIB017070,BIB,BIBLES / Nueva Version International / Youth & Teen,"thema_QRMF1,thema_YNRX",4200
bisac_BIB017080,BIB017080,BIB,BIBLES / Nueva Version International / Dramatized,thema_QRMF1,4210
bisac_BIB017090,BIB017090,BIB,BIBLES / Nueva Version International / Journaling,thema_QRMF1,4220
bisac_BIB017100,BIB017100,BIB,BIBLES / Nueva Version International / Outreach,thema_QRMF1,4230
bisac_BIB017110,BIB017110,BIB,BIBLES / Nueva Version International / Reading,thema_QRMF1,4240
bisac_BIB018000,BIB018000,BIB,BIBLES / Other English Translations / General,thema_QRMF1,4250
bisac_BIB018010,BIB018010,BIB,BIBLES / Other English Translations / Children,"thema_QRMF1,thema_YNRX",4260
bisac_BIB018020,BIB018020,BIB,BIBLES / Other English Translations / Devotional,thema_QRMF1,4270
bisac_BIB018030,BIB018030,BIB,BIBLES / Other English Translations / New Testament & Portions,thema_QRMF13,4280
bisac_BIB018040,BIB018040,BIB,BIBLES / Other English Translations / Reference,thema_QRMF1,4290
bisac_BIB018050,BIB018050,BIB,BIBLES / Other English Translations / Study,thema_QRMF1,4300
bisac_BIB018060,BIB018060,BIB,BIBLES / Other English Translations / Text,thema_QRMF1,4310
bisac_BIB018070,BIB018070,BIB,BIBLES / Other English Translations / Youth & Teen,"thema_QRMF1,thema_YNRX",4320
bisac_BIB018080,BIB018080,BIB,BIBLES / Other English Translations / Dramatized,thema_QRMF1,4330
bisac_BIB018090,BIB018090,BIB,BIBLES / Other English Translations / Journaling,thema_QRMF1,4340
bisac_BIB018100,BIB018100,BIB,BIBLES / Other English Translations / Outreach,thema_QRMF1,4350
bisac_BIB018110,BIB018110,BIB,BIBLES / Other English Translations / Reading,thema_QRMF1,4360
bisac_BIB019000,BIB019000,BIB,BIBLES / Reina Valera / General,thema_QRMF1,4370
bisac_BIB019010,BIB019010,BIB,BIBLES / Reina Valera / Children,"thema_QRMF1,thema_YNRX",4380
bisac_BIB019020,BIB019020,BIB,BIBLES / Reina Valera / Devotional,thema_QRMF1,4390
bisac_BIB019030,BIB019030,BIB,BIBLES / Reina Valera / New Testament & Portions,thema_QRMF13,4400
bisac_BIB019040,BIB019040,BIB,BIBLES / Reina Valera / Reference,thema_QRMF1,4410
bisac_BIB019050,BIB019050,BIB,BIBLES / Reina Valera / Study,thema_QRMF1,4420
bisac_BIB019060,BIB019060,BIB,BIBLES / Reina Valera / Text,thema_QRMF1,4430
bisac_BIB019070,BIB019070,BIB,BIBLES / Reina Valera / Youth & Teen,"thema_QRMF1,thema_YNRX",4440
bisac_BIB019080,BIB019080,BIB,BIBLES / Reina Valera / Dramatized,thema_QRMF1,4450
bisac_BIB019090,BIB019090,BIB,BIBLES / Reina Valera / Journaling,thema_QRMF1,4460
bisac_BIB019100,BIB019100,BIB,BIBLES / Reina Valera / Outreach,thema_QRMF1,4470
bisac_BIB019110,BIB019110,BIB,BIBLES / Reina Valera / Reading,thema_QRMF1,4480
bisac_BIB020000,BIB020000,BIB,BIBLES / The Message / General,thema_QRMF1,4490
bisac_BIB020010,BIB020010,BIB,BIBLES / The Message / Children,"thema_QRMF1,thema_YNRX",4500
bisac_BIB020020,BIB020020,BIB,BIBLES / The Message / Devotional,thema_QRMF1,4510
bisac_BIB020030,BIB020030,BIB,BIBLES / The Message / New Testament & Portions,thema_QRMF13,4520
bisac_BIB020040,BIB020040,BIB,BIBLES / The Message / Reference,thema_QRMF1,4530
bisac_BIB020050,BIB020050,BIB,BIBLES / The Message / Study,thema_QRMF1,4540
bisac_BIB020060,BIB020060,BIB,BIBLES / The Message / Text,thema_QRMF1,4550
bisac_BIB020070,BIB020070,BIB,BIBLES / The Message / Youth & Teen,"thema_QRMF1,thema_YNRX",4560
bisac_BIB020080,BIB020080,BIB,BIBLES / The Message / Dramatized,thema_QRMF1,4570
bisac_BIB020090,BIB020090,BIB,BIBLES / The Message / Journaling,thema_QRMF1,4580
bisac_BIB020100,BIB020100,BIB,BIBLES / The Message / Outreach,thema_QRMF1,4590
bisac_BIB020110,BIB020110,BIB,BIBLES / The Message / Reading,thema_QRMF1,4600
bisac_BIB022000,BIB022000,BIB,BIBLES / Common English Bible / General,thema_QRMF1,4610
bisac_BIB022010,BIB022010,BIB,BIBLES / Common English Bible / Children,"thema_QRMF1,thema_YNRX",4620
bisac_BIB022020,BIB022020,BIB,BIBLES / Common English Bible / Devotional,thema_QRMF1,4630
bisac_BIB022030,BIB022030,BIB,BIBLES / Common English Bible / New Testament & Portions,thema_QRMF13,4640
bisac_BIB022040,BIB022040,BIB,BIBLES / Common English Bible / Reference,thema_QRMF1,4650
bisac_BIB022050,BIB022050,BIB,BIBLES / Common English Bible / Study,thema_QRMF1,4660
bisac_BIB022060,BIB022060,BIB,BIBLES / Common English Bible / Text,thema_QRMF1,4670
bisac_BIB022070,BIB022070,BIB,BIBLES / Common English Bible / Youth & Teen,"thema_QRMF1,thema_YNRX",4680
bisac_BIB022080,BIB022080,BIB,BIBLES / Common English Bible / Dramatized,thema_QRMF1,4690
bisac_BIB022090,BIB022090,BIB,BIBLES / Common English Bible / Journaling,thema_QRMF1,4700
bisac_BIB022100,BIB022100,BIB,BIBLES / Common English Bible / Outreach,thema_QRMF1,4710
bisac_BIB022110,BIB022110,BIB,BIBLES / Common English Bible / Reading,thema_QRMF1,4720
bisac_BIB023000,BIB023000,BIB,BIBLES / The Amplified Bible / General,thema_QRMF1,4730
bisac_BIB023010,BIB023010,BIB,BIBLES / The Amplified Bible / Children,"thema_QRMF1,thema_YNRX",4740
bisac_BIB023020,BIB023020,BIB,BIBLES / The Amplified Bible / Devotional,thema_QRMF1,4750
bisac_BIB023030,BIB023030,BIB,BIBLES / The Amplified Bible / New Testament & Portions,thema_QRMF13,4760
bisac_BIB023040,BIB023040,BIB,BIBLES / The Amplified Bible / Reference,thema_QRMF1,4770
bisac_BIB023050,BIB023050,BIB,BIBLES / The Amplified Bible / Study,thema_QRMF1,4780
bisac_BIB023060,BIB023060,BIB,BIBLES / The Amplified Bible / Text,thema_QRMF1,4790
bisac_BIB023070,BIB023070,BIB,BIBLES / The Amplified Bible / Youth & Teen,"thema_QRMF1,thema_YNRX",4800
bisac_BIB023080,BIB023080,BIB,BIBLES / The Amplified Bible / Dramatized,thema_QRMF1,4810
bisac_BIB023090,BIB023090,BIB,BIBLES / The Amplified Bible / Journaling,thema_QRMF1,4820
bisac_BIB023100,BIB023100,BIB,BIBLES / The Amplified Bible / Outreach,thema_QRMF1,4830
bisac_BIB023110,BIB023110,BIB,BIBLES / The Amplified Bible / Reading,thema_QRMF1,4840
bisac_BIB024000,BIB024000,BIB,BIBLES / Nueva Traduccion Viviente / General,thema_QRMF1,4850
bisac_BIB024010,BIB024010,BIB,BIBLES / Nueva Traduccion Viviente / Children,"thema_QRMF1,thema_YNRX",4860
bisac_BIB024020,BIB024020,BIB,BIBLES / Nueva Traduccion Viviente / Devotional,thema_QRMF1,4870
bisac_BIB024030,BIB024030,BIB,BIBLES / Nueva Traduccion Viviente / Dramatized,thema_QRMF1,4880
bisac_BIB024040,BIB024040,BIB,BIBLES / Nueva Traduccion Viviente / Journaling,thema_QRMF1,4890
bisac_BIB024050,BIB024050,BIB,BIBLES / Nueva Traduccion Viviente / New Testament & Portions,thema_QRMF13,4900
bisac_BIB024060,BIB024060,BIB,BIBLES / Nueva Traduccion Viviente / Outreach,thema_QRMF1,4910
bisac_BIB024070,BIB024070,BIB,BIBLES / Nueva Traduccion Viviente / Reading,thema_QRMF1,4920
bisac_BIB024080,BIB024080,BIB,BIBLES / Nueva Traduccion Viviente / Reference,thema_QRMF1,4930
bisac_BIB024090,BIB024090,BIB,BIBLES / Nueva Traduccion Viviente / Study,thema_QRMF1,4940
bisac_BIB024100,BIB024100,BIB,BIBLES / Nueva Traduccion Viviente / Text,thema_QRMF1,4950
bisac_BIB024110,BIB024110,BIB,BIBLES / Nueva Traduccion Viviente / Youth & Teen,"thema_QRMF1,thema_YNRX",4960
bisac_BIB025000,BIB025000,BIB,BIBLES / Other Non-English Translations / General,thema_QRMF1,4970
bisac_BIB025010,BIB025010,BIB,BIBLES / Other Non-English Translations / Children,"thema_QRMF1,thema_YNRX",4980
bisac_BIB025020,BIB025020,BIB,BIBLES / Other Non-English Translations / Devotional,thema_QRMF1,4990
bisac_BIB025030,BIB025030,BIB,BIBLES / Other Non-English Translations / Dramatized,thema_QRMF1,5000
bisac_BIB025040,BIB025040,BIB,BIBLES / Other Non-English Translations / Journaling,thema_QRMF1,5010
bisac_BIB025050,BIB025050,BIB,BIBLES / Other Non-English Translations / New Testament & Portions,thema_QRMF13,5020
bisac_BIB025060,BIB025060,BIB,BIBLES / Other Non-English Translations / Outreach,thema_QRMF1,5030
bisac_BIB025070,BIB025070,BIB,BIBLES / Other Non-English Translations / Reading,thema_QRMF1,5040
bisac_BIB025080,BIB025080,BIB,BIBLES / Other Non-English Translations / Reference,thema_QRMF1,5050
bisac_BIB025090,BIB025090,BIB,BIBLES / Other Non-English Translations / Study,thema_QRMF1,5060
bisac_BIB025100,BIB025100,BIB,BIBLES / Other Non-English Translations / Text,thema_QRMF1,5070
bisac_BIB025110,BIB025110,BIB,BIBLES / Other Non-English Translations / Youth & Teen,"thema_QRMF1,thema_YNRX",5080
bisac_BIB026000,BIB026000,BIB,BIBLES / Other Catholic Translations / General,"thema_QRMF1,thema_QRMB1",5090
bisac_BIB026010,BIB026010,BIB,BIBLES / Other Catholic Translations / Children,"thema_QRMF1,thema_QRMB1",5100
bisac_BIB026020,BIB026020,BIB,BIBLES / Other Catholic Translations / Devotional,"thema_QRMF1,thema_QRMB1",5110
bisac_BIB026030,BIB026030,BIB,BIBLES / Other Catholic Translations / Dramatized,"thema_QRMF1,thema_QRMB1",5120
bisac_BIB026040,BIB026040,BIB,BIBLES / Other Catholic Translations / Journaling,"thema_QRMF1,thema_QRMB1",5130
bisac_BIB026050,BIB026050,BIB,BIBLES / Other Catholic Translations / New Testament & Portions,"thema_QRMF13,thema_QRMB1",5140
bisac_BIB026060,BIB026060,BIB,BIBLES / Other Catholic Translations / Outreach,"thema_QRMF1,thema_QRMB1",5150
bisac_BIB026070,BIB026070,BIB,BIBLES / Other Catholic Translations / Reading,"thema_QRMF1,thema_QRMB1",5160
bisac_BIB026080,BIB026080,BIB,BIBLES / Other Catholic Translations / Reference,"thema_QRMF1,thema_QRMB1",5170
bisac_BIB026090,BIB026090,BIB,BIBLES / Other Catholic Translations / Study,"thema_QRMF1,thema_QRMB1",5180
bisac_BIB026100,BIB026100,BIB,BIBLES / Other Catholic Translations / Text,"thema_QRMF1,thema_QRMB1",5190
bisac_BIB026110,BIB026110,BIB,BIBLES / Other Catholic Translations / Youth & Teen,"thema_QRMF1,thema_QRMB1",5200
bisac_BIB027000,BIB027000,BIB,BIBLES / Other Spanish Translations / General,thema_QRMF1,5210
bisac_BIB027010,BIB027010,BIB,BIBLES / Other Spanish Translations / Children,"thema_QRMF1,thema_YNRX",5220
bisac_BIB027020,BIB027020,BIB,BIBLES / Other Spanish Translations / Devotional,thema_QRMF1,5230
bisac_BIB027030,BIB027030,BIB,BIBLES / Other Spanish Translations / Dramatized,thema_QRMF1,5240
bisac_BIB027040,BIB027040,BIB,BIBLES / Other Spanish Translations / Journaling,thema_QRMF1,5250
bisac_BIB027050,BIB027050,BIB,BIBLES / Other Spanish Translations / New Testament & Portions,thema_QRMF13,5260
bisac_BIB027060,BIB027060,BIB,BIBLES / Other Spanish Translations / Outreach,thema_QRMF1,5270
bisac_BIB027070,BIB027070,BIB,BIBLES / Other Spanish Translations / Reading,thema_QRMF1,5280
bisac_BIB027080,BIB027080,BIB,BIBLES / Other Spanish Translations / Reference,thema_QRMF1,5290
bisac_BIB027090,BIB027090,BIB,BIBLES / Other Spanish Translations / Study,thema_QRMF1,5300
bisac_BIB027100,BIB027100,BIB,BIBLES / Other Spanish Translations / Text,thema_QRMF1,5310
bisac_BIB027110,BIB027110,BIB,BIBLES / Other Spanish Translations / Youth & Teen,"thema_QRMF1,thema_YNRX",5320
bisac_BIB028000,BIB028000,BIB,BIBLES / New Catholic Bible / General,"thema_QRMF1,thema_QRMB1",5330
bisac_BIB028010,BIB028010,BIB,BIBLES / New Catholic Bible / Children,"thema_QRMF1,thema_QRMB1",5340
bisac_BIB028020,BIB028020,BIB,BIBLES / New Catholic Bible / Devotional,"thema_QRMF1,thema_QRMB1",5350
bisac_BIB028030,BIB028030,BIB,BIBLES / New Catholic Bible / Dramatized,"thema_QRMF1,thema_QRMB1",5360
bisac_BIB028040,BIB028040,BIB,BIBLES / New Catholic Bible / Journaling,"thema_QRMF1,thema_QRMB1",5370
bisac_BIB028050,BIB028050,BIB,BIBLES / New Catholic Bible / New Testament & Portions,"thema_QRMF13,thema_QRMB1",5380
bisac_BIB028060,BIB028060,BIB,BIBLES / New Catholic Bible / Outreach,"thema_QRMF1,thema_QRMB1",5390
bisac_BIB028070,BIB028070,BIB,BIBLES / New Catholic Bible / Reading,"thema_QRMF1,thema_QRMB1",5400
bisac_BIB028080,BIB028080,BIB,BIBLES / New Catholic Bible / Reference,"thema_QRMF1,thema_QRMB1",5410
bisac_BIB028090,BIB028090,BIB,BIBLES / New Catholic Bible / Study,"thema_QRMF1,thema_QRMB1",5420
bisac_BIB028100,BIB028100,BIB,BIBLES / New Catholic Bible / Text,"thema_QRMF1,thema_QRMB1",5430
bisac_BIB028110,BIB028110,BIB,BIBLES / New Catholic Bible / Youth & Teen,"thema_QRMF1,thema_QRMB1",5440
bisac_BIB029000,BIB029000,BIB,BIBLES / New World Translation / General,thema_QRMF1,5450
bisac_BIB029010,BIB029010,BIB,BIBLES / New World Translation / Children,"thema_QRMF1,thema_YNRX",5460
bisac_BIB029020,BIB029020,BIB,BIBLES / New World Translation / Devotional,thema_QRMF1,5470
bisac_BIB029030,BIB029030,BIB,BIBLES / New World Translation / Dramatized,thema_QRMF1,5480
bisac_BIB029040,BIB029040,BIB,BIBLES / New World Translation / Journaling,thema_QRMF1,5490
bisac_BIB029050,BIB029050,BIB,BIBLES / New World Translation / New Testament & Portions,thema_QRMF13,5500
bisac_BIB029060,BIB029060,BIB,BIBLES / New World Translation / Outreach,thema_QRMF1,5510
bisac_BIB029070,BIB029070,BIB,BIBLES / New World Translation / Reading,thema_QRMF1,5520
bisac_BIB029080,BIB029080,BIB,BIBLES / New World Translation / Reference,thema_QRMF1,5530
bisac_BIB029090,BIB029090,BIB,BIBLES / New World Translation / Study,thema_QRMF1,5540
bisac_BIB029100,BIB029100,BIB,BIBLES / New World Translation / Text,thema_QRMF1,5550
bisac_BIB029110,BIB029110,BIB,BIBLES / New World Translation / Youth & Teen,"thema_QRMF1,thema_YNRX",5560
bisac_BIO000000,BIO000000,BIO,BIOGRAPHY & AUTOBIOGRAPHY / General,thema_DNB,5570
bisac_BIO001000,BIO001000,BIO,"BIOGRAPHY & AUTOBIOGRAPHY / Artists, Architects, Photographers","thema_DNBF,thema_AGB",5580
bisac_BIO002000,BIO002000,BIO,BIOGRAPHY & AUTOBIOGRAPHY / Cultural & Regional,"thema_DNB,thema_JBSL1",5590
bisac_BIO002010,BIO002010,BIO,BIOGRAPHY & AUTOBIOGRAPHY / African American & Black,thema_DNB,5600
bisac_BIO002020,BIO002020,BIO,BIOGRAPHY & AUTOBIOGRAPHY / Asian & Asian American,thema_DNB,5610
bisac_BIO002030,BIO002030,BIO,BIOGRAPHY & AUTOBIOGRAPHY / Hispanic & Latino,thema_DNB,5620
bisac_BIO002040,BIO002040,BIO,BIOGRAPHY & AUTOBIOGRAPHY / Arab & Middle Eastern,thema_DNB,5630
bisac_BIO003000,BIO003000,BIO,BIOGRAPHY & AUTOBIOGRAPHY / Business,thema_DNBB,5640
bisac_BIO004000,BIO004000,BIO,BIOGRAPHY & AUTOBIOGRAPHY / Music,"thema_DNBF,thema_AVN",5650
bisac_BIO005000,BIO005000,BIO,BIOGRAPHY & AUTOBIOGRAPHY / Entertainment & Performing Arts,thema_DNBF,5660
bisac_BIO006000,BIO006000,BIO,BIOGRAPHY & AUTOBIOGRAPHY / Historical,thema_DNBH,5670
bisac_BIO007000,BIO007000,BIO,BIOGRAPHY & AUTOBIOGRAPHY / Literary Figures,thema_DNBL,5680
bisac_BIO008000,BIO008000,BIO,BIOGRAPHY & AUTOBIOGRAPHY / Military,"thema_DNBH,thema_DNXM",5690
bisac_BIO009000,BIO009000,BIO,BIOGRAPHY & AUTOBIOGRAPHY / Philosophers,"thema_DNBM,thema_QD",5700
bisac_BIO010000,BIO010000,BIO,BIOGRAPHY & AUTOBIOGRAPHY / Political,"thema_DNBH,thema_JPHL",5710
bisac_BIO011000,BIO011000,BIO,BIOGRAPHY & AUTOBIOGRAPHY / Presidents & Heads of State,"thema_DNBH,thema_JPHL",5720
bisac_BIO012000,BIO012000,BIO,BIOGRAPHY & AUTOBIOGRAPHY / Reference,thema_GBCB,5730
bisac_BIO013000,BIO013000,BIO,BIOGRAPHY & AUTOBIOGRAPHY / Rich & Famous,thema_DNB,5740
bisac_BIO014000,BIO014000,BIO,BIOGRAPHY & AUTOBIOGRAPHY / Royalty,thema_DNBR,5750
bisac_BIO015000,BIO015000,BIO,BIOGRAPHY & AUTOBIOGRAPHY / Science & Technology,thema_DNBT,5760
bisac_BIO016000,BIO016000,BIO,BIOGRAPHY & AUTOBIOGRAPHY / Sports,thema_DNBS,5770
bisac_BIO017000,BIO017000,BIO,BIOGRAPHY & AUTOBIOGRAPHY / Medical (incl. Patients),thema_DNBT,5780
bisac_BIO018000,BIO018000,BIO,BIOGRAPHY & AUTOBIOGRAPHY / Religious,thema_DNBX,5790
bisac_BIO019000,BIO019000,BIO,BIOGRAPHY & AUTOBIOGRAPHY / Educators,"thema_DNBM,thema_JN",5800
bisac_BIO020000,BIO020000,BIO,BIOGRAPHY & AUTOBIOGRAPHY / Lawyers & Judges,"thema_DNBM,thema_LAT",5810
bisac_BIO021000,BIO021000,BIO,BIOGRAPHY & AUTOBIOGRAPHY / Social Scientists & Psychologists,"thema_DNBM,thema_JM",5820
bisac_BIO022000,BIO022000,BIO,BIOGRAPHY & AUTOBIOGRAPHY / Women,thema_DNB,5830
bisac_BIO023000,BIO023000,BIO,BIOGRAPHY & AUTOBIOGRAPHY / Adventurers & Explorers,thema_DNBP,5840
bisac_BIO024000,BIO024000,BIO,BIOGRAPHY & AUTOBIOGRAPHY / Criminals & Outlaws,"thema_DNB,thema_DNXC",5850
bisac_BIO025000,BIO025000,BIO,"BIOGRAPHY & AUTOBIOGRAPHY / Editors, Journalists, Publishers","thema_DNB,thema_KNTP",5860
bisac_BIO026000,BIO026000,BIO,BIOGRAPHY & AUTOBIOGRAPHY / Memoirs,thema_DNC,5870
bisac_BIO027000,BIO027000,BIO,BIOGRAPHY & AUTOBIOGRAPHY / Law Enforcement,"thema_DNB,thema_JKSW1",5880
bisac_BIO028000,BIO028000,BIO,BIOGRAPHY & AUTOBIOGRAPHY / Indigenous,"thema_DNB,thema_JBSL11",5890
bisac_BIO029000,BIO029000,BIO,BIOGRAPHY & AUTOBIOGRAPHY / Culinary,"thema_DNB,thema_WB",5900
bisac_BIO030000,BIO030000,BIO,BIOGRAPHY & AUTOBIOGRAPHY / Environmentalists & Naturalists,"thema_DNBT,thema_WN",5910
bisac_BIO031000,BIO031000,BIO,BIOGRAPHY & AUTOBIOGRAPHY / LGBTQ+,"thema_DNB,thema_JBSJ",5920
bisac_BIO032000,BIO032000,BIO,BIOGRAPHY & AUTOBIOGRAPHY / Social Activists,"thema_DNBH,thema_JPW",5930
bisac_BIO033000,BIO033000,BIO,BIOGRAPHY & AUTOBIOGRAPHY / Disability,thema_DNB,5940
bisac_BIO034000,BIO034000,BIO,BIOGRAPHY & AUTOBIOGRAPHY / Aviation & Nautical,"thema_DNB,thema_WG",5950
bisac_BIO035000,BIO035000,BIO,BIOGRAPHY & AUTOBIOGRAPHY / Fashion,"thema_DNBF,thema_AKT",5960
bisac_BIO036000,BIO036000,BIO,BIOGRAPHY & AUTOBIOGRAPHY / Fire & Emergency Services,"thema_DNB,thema_JKSW",5970
bisac_BIO037000,BIO037000,BIO,BIOGRAPHY & AUTOBIOGRAPHY / Jewish,thema_DNB,5980
bisac_BIO038000,BIO038000,BIO,BIOGRAPHY & AUTOBIOGRAPHY / Survival,thema_DNXP,5990
bisac_BIO039000,BIO039000,BIO,BIOGRAPHY & AUTOBIOGRAPHY / Indigenous Peoples of Turtle Island,"thema_DNB,thema_JBSL11",6000
bisac_BIO040000,BIO040000,BIO,BIOGRAPHY & AUTOBIOGRAPHY / Native American,"thema_DNB,thema_JBSL11",6010
bisac_BIO041000,BIO041000,BIO,BIOGRAPHY & AUTOBIOGRAPHY / Multicultural,"thema_DNB,thema_JBSL1",6020
bisac_BUS000000,BUS000000,BUS,BUSINESS & ECONOMICS / General,thema_KJ,6030
bisac_BUS001000,BUS001000,BUS,BUSINESS & ECONOMICS / Accounting / General,thema_KFC,6040
bisac_BUS001010,BUS001010,BUS,BUSINESS & ECONOMICS / Accounting / Financial,thema_KFCF,6050
bisac_BUS001020,BUS001020,BUS,BUSINESS & ECONOMICS / Accounting / Governmental,thema_KFCP,6060
bisac_BUS001030,BUS001030,BUS,BUSINESS & ECONOMICS / International / Accounting,"thema_KJK,thema_KFC",6070
bisac_BUS001040,BUS001040,BUS,BUSINESS & ECONOMICS / Accounting / Managerial,thema_KFCM,6080
bisac_BUS001050,BUS001050,BUS,"BUSINESS & ECONOMICS / Accounting / Standards (GAAP, IFRS, etc.)",thema_KFCR,6090
bisac_BUS002000,BUS002000,BUS,BUSINESS & ECONOMICS / Advertising & Promotion,thema_KJSA,6100
bisac_BUS003000,BUS003000,BUS,BUSINESS & ECONOMICS / Auditing,thema_KFCM1,6110
bisac_BUS004000,BUS004000,BUS,BUSINESS & ECONOMICS / Banks & Banking,thema_KFFK,6120
bisac_BUS005000,BUS005000,BUS,BUSINESS & ECONOMICS / Bookkeeping,thema_KFCM,6130
bisac_BUS006000,BUS006000,BUS,BUSINESS & ECONOMICS / Budgeting,thema_KJMV1,6140
bisac_BUS007000,BUS007000,BUS,BUSINESS & ECONOMICS / Business Communication / General,thema_KJP,6150
bisac_BUS007010,BUS007010,BUS,BUSINESS & ECONOMICS / Business Communication / Meetings & Presentations,thema_KJP,6160
bisac_BUS008000,BUS008000,BUS,BUSINESS & ECONOMICS / Business Ethics,thema_KJG,6170
bisac_BUS009000,BUS009000,BUS,BUSINESS & ECONOMICS / Business Etiquette,thema_KJP,6180
bisac_BUS010000,BUS010000,BUS,BUSINESS & ECONOMICS / Business Law,thema_LNC,6190
bisac_BUS011000,BUS011000,BUS,BUSINESS & ECONOMICS / Business Writing,"thema_KJP,thema_CBW",6200
bisac_BUS012000,BUS012000,BUS,BUSINESS & ECONOMICS / Careers / General,thema_VSC,6210
bisac_BUS012010,BUS012010,BUS,BUSINESS & ECONOMICS / Careers / Internships,"thema_VSC,thema_JNRD",6220
bisac_BUS012020,BUS012020,BUS,BUSINESS & ECONOMICS / Careers / Interviewing,thema_VSCB,6230
bisac_BUS012030,BUS012030,BUS,BUSINESS & ECONOMICS / Careers / Career Advancement & Professional Development,thema_VSC,6240
bisac_BUS013000,BUS013000,BUS,BUSINESS & ECONOMICS / Commercial Policy,thema_KCL,6250
bisac_BUS014000,BUS014000,BUS,BUSINESS & ECONOMICS / Investments & Securities / Commodities / General,thema_KFFM,6260
bisac_BUS014010,BUS014010,BUS,BUSINESS & ECONOMICS / Investments & Securities / Commodities / Energy,thema_KFFM,6270
bisac_BUS014020,BUS014020,BUS,BUSINESS & ECONOMICS / Investments & Securities / Commodities / Metals,thema_KFFM,6280
bisac_BUS015000,BUS015000,BUS,BUSINESS & ECONOMICS / Mergers & Acquisitions,thema_KJVB,6290
bisac_BUS016000,BUS016000,BUS,BUSINESS & ECONOMICS / Consumer Behavior,thema_KCK,6300
bisac_BUS017000,BUS017000,BUS,BUSINESS & ECONOMICS / Corporate Finance / General,thema_KFFH,6310
bisac_BUS017010,BUS017010,BUS,BUSINESS & ECONOMICS / Corporate Finance / Private Equity,thema_KFFH,6320
bisac_BUS017020,BUS017020,BUS,BUSINESS & ECONOMICS / Corporate Finance / Valuation,"thema_KFFH,thema_KFCM2",6330
bisac_BUS017030,BUS017030,BUS,BUSINESS & ECONOMICS / Corporate Finance / Venture Capital,thema_KFFH,6340
bisac_BUS018000,BUS018000,BUS,BUSINESS & ECONOMICS / Customer Relations,thema_KJSU,6350
bisac_BUS019000,BUS019000,BUS,BUSINESS & ECONOMICS / Decision-Making & Problem Solving,thema_KJMD,6360
bisac_BUS020000,BUS020000,BUS,BUSINESS & ECONOMICS / Development / Business Development,thema_KJMV6,6370
bisac_BUS021000,BUS021000,BUS,BUSINESS & ECONOMICS / Econometrics,thema_KCH,6380
bisac_BUS022000,BUS022000,BUS,BUSINESS & ECONOMICS / Economic Conditions,"thema_KCV,thema_RGCM",6390
bisac_BUS023000,BUS023000,BUS,BUSINESS & ECONOMICS / Economic History,thema_KCZ,6400
bisac_BUS024000,BUS024000,BUS,BUSINESS & ECONOMICS / Education,thema_KJB,6410
bisac_BUS025000,BUS025000,BUS,BUSINESS & ECONOMICS / Entrepreneurship,thema_KJH,6420
bisac_BUS026000,BUS026000,BUS,BUSINESS & ECONOMICS / Exports & Imports,thema_KCL,6430
bisac_BUS027000,BUS027000,BUS,BUSINESS & ECONOMICS / Finance / General,thema_KFF,6440
bisac_BUS027010,BUS027010,BUS,BUSINESS & ECONOMICS / Finance / Financial Engineering,thema_KFF,6450
bisac_BUS027020,BUS027020,BUS,BUSINESS & ECONOMICS / Finance / Financial Risk Management,"thema_KFF,thema_GPQD",6460
bisac_BUS027030,BUS027030,BUS,BUSINESS & ECONOMICS / Finance / Wealth Management,thema_KFFT,6470
bisac_BUS028000,BUS028000,BUS,BUSINESS & ECONOMICS / Foreign Exchange,thema_KFFJ,6480
bisac_BUS029000,BUS029000,BUS,BUSINESS & ECONOMICS / Free Enterprise & Capitalism,thema_KCSA,6490
bisac_BUS030000,BUS030000,BUS,BUSINESS & ECONOMICS / Human Resources & Personnel Management,thema_KJMV2,6500
bisac_BUS031000,BUS031000,BUS,BUSINESS & ECONOMICS / Inflation,thema_KCBM,6510
bisac_BUS032000,BUS032000,BUS,BUSINESS & ECONOMICS / Infrastructure,thema_KCS,6520
bisac_BUS033000,BUS033000,BUS,BUSINESS & ECONOMICS / Insurance / General,thema_KFFN,6530
bisac_BUS033010,BUS033010,BUS,BUSINESS & ECONOMICS / Insurance / Automobile,thema_KFFN,6540
bisac_BUS033020,BUS033020,BUS,BUSINESS & ECONOMICS / Insurance / Casualty,thema_KFFN,6550
bisac_BUS033040,BUS033040,BUS,BUSINESS & ECONOMICS / Insurance / Health,thema_KFFN,6560
bisac_BUS033050,BUS033050,BUS,BUSINESS & ECONOMICS / Insurance / Liability,thema_KFFN,6570
bisac_BUS033060,BUS033060,BUS,BUSINESS & ECONOMICS / Insurance / Life,thema_KFFN,6580
bisac_BUS033070,BUS033070,BUS,BUSINESS & ECONOMICS / Insurance / Risk Assessment & Management,"thema_KFFN,thema_GPQD",6590
bisac_BUS033080,BUS033080,BUS,BUSINESS & ECONOMICS / Insurance / Property,thema_KFFN,6600
bisac_BUS034000,BUS034000,BUS,BUSINESS & ECONOMICS / Interest,thema_KFF,6610
bisac_BUS035000,BUS035000,BUS,BUSINESS & ECONOMICS / International / General,thema_KJK,6620
bisac_BUS036000,BUS036000,BUS,BUSINESS & ECONOMICS / Investments & Securities / General,thema_KFFM,6630
bisac_BUS036010,BUS036010,BUS,BUSINESS & ECONOMICS / Investments & Securities / Bonds,thema_KFFM,6640
bisac_BUS036020,BUS036020,BUS,BUSINESS & ECONOMICS / Investments & Securities / Futures,thema_KFFM,6650
bisac_BUS036030,BUS036030,BUS,BUSINESS & ECONOMICS / Investments & Securities / Mutual Funds,thema_KFFM,6660
bisac_BUS036040,BUS036040,BUS,BUSINESS & ECONOMICS / Investments & Securities / Options,thema_KFFM,6670
bisac_BUS036050,BUS036050,BUS,BUSINESS & ECONOMICS / Investments & Securities / Real Estate,"thema_KFFM,thema_KFFR",6680
bisac_BUS036060,BUS036060,BUS,BUSINESS & ECONOMICS / Investments & Securities / Stocks,thema_KFFM,6690
bisac_BUS036070,BUS036070,BUS,BUSINESS & ECONOMICS / Investments & Securities / Analysis & Trading Strategies,thema_KFFM,6700
bisac_BUS036080,BUS036080,BUS,BUSINESS & ECONOMICS / Investments & Securities / Derivatives,thema_KFFM,6710
bisac_BUS036090,BUS036090,BUS,BUSINESS & ECONOMICS / Investments & Securities / Portfolio Management,thema_KFFM,6720
bisac_BUS037020,BUS037020,BUS,BUSINESS & ECONOMICS / Careers / Job Hunting,thema_VSCB,6730
bisac_BUS038000,BUS038000,BUS,BUSINESS & ECONOMICS / Labor / General,"thema_KCF,thema_KNX",6740
bisac_BUS038010,BUS038010,BUS,BUSINESS & ECONOMICS / Labor / Unions,"thema_KCF,thema_KNXU",6750
bisac_BUS038020,BUS038020,BUS,BUSINESS & ECONOMICS / Labor / Wages & Compensation,thema_KCF,6760
bisac_BUS039000,BUS039000,BUS,BUSINESS & ECONOMICS / Economics / Macroeconomics,thema_KCB,6770
bisac_BUS040000,BUS040000,BUS,BUSINESS & ECONOMICS / Mail Order,thema_KJS,6780
bisac_BUS041000,BUS041000,BUS,BUSINESS & ECONOMICS / Management,thema_KJM,6790
bisac_BUS042000,BUS042000,BUS,BUSINESS & ECONOMICS / Management Science,thema_KJM,6800
bisac_BUS043000,BUS043000,BUS,BUSINESS & ECONOMICS / Marketing / General,thema_KJS,6810
bisac_BUS043010,BUS043010,BUS,BUSINESS & ECONOMICS / Marketing / Direct,thema_KJSJ,6820
bisac_BUS043020,BUS043020,BUS,BUSINESS & ECONOMICS / Marketing / Industrial,thema_KJS,6830
bisac_BUS043030,BUS043030,BUS,BUSINESS & ECONOMICS / International / Marketing,"thema_KJK,thema_KJS",6840
bisac_BUS043040,BUS043040,BUS,BUSINESS & ECONOMICS / Marketing / Multilevel,thema_KJS,6850
bisac_BUS043050,BUS043050,BUS,BUSINESS & ECONOMICS / Marketing / Telemarketing,thema_KJSJ,6860
bisac_BUS043060,BUS043060,BUS,BUSINESS & ECONOMICS / Marketing / Research,thema_KJSM,6870
bisac_BUS044000,BUS044000,BUS,BUSINESS & ECONOMICS / Economics / Microeconomics,thema_KCC,6880
bisac_BUS045000,BUS045000,BUS,BUSINESS & ECONOMICS / Money & Monetary Policy,thema_KCBM,6890
bisac_BUS046000,BUS046000,BUS,BUSINESS & ECONOMICS / Motivational,thema_KJMB,6900
bisac_BUS047000,BUS047000,BUS,BUSINESS & ECONOMICS / Negotiating,thema_KJN,6910
bisac_BUS048000,BUS048000,BUS,BUSINESS & ECONOMICS / New Business Enterprises,thema_KJV,6920
bisac_BUS049000,BUS049000,BUS,BUSINESS & ECONOMICS / Operations Research,thema_KJT,6930
bisac_BUS050000,BUS050000,BUS,BUSINESS & ECONOMICS / Personal Finance / General,thema_VSB,6940
bisac_BUS050010,BUS050010,BUS,BUSINESS & ECONOMICS / Personal Finance / Budgeting,"thema_VSB,thema_KJMV1",6950
bisac_BUS050020,BUS050020,BUS,BUSINESS & ECONOMICS / Personal Finance / Investing,"thema_VSB,thema_KFFM",6960
bisac_BUS050030,BUS050030,BUS,BUSINESS & ECONOMICS / Personal Finance / Money Management,"thema_VSB,thema_KFCM",6970
bisac_BUS050040,BUS050040,BUS,BUSINESS & ECONOMICS / Personal Finance / Retirement Planning,"thema_VSB,thema_VSR",6980
bisac_BUS050050,BUS050050,BUS,BUSINESS & ECONOMICS / Personal Finance / Taxation,"thema_VSB,thema_KFCT",6990
bisac_BUS051000,BUS051000,BUS,BUSINESS & ECONOMICS / Public Finance,thema_KFFD,7000
bisac_BUS052000,BUS052000,BUS,BUSINESS & ECONOMICS / Public Relations,thema_KJSP,7010
bisac_BUS053000,BUS053000,BUS,BUSINESS & ECONOMICS / Quality Control,thema_KJMQ,7020
bisac_BUS054000,BUS054000,BUS,BUSINESS & ECONOMICS / Real Estate / General,thema_KFFR,7030
bisac_BUS054010,BUS054010,BUS,BUSINESS & ECONOMICS / Real Estate / Buying & Selling Homes,"thema_KFFR,thema_VSH",7040
bisac_BUS054020,BUS054020,BUS,BUSINESS & ECONOMICS / Real Estate / Commercial,thema_KFFR,7050
bisac_BUS054030,BUS054030,BUS,BUSINESS & ECONOMICS / Real Estate / Mortgages,thema_KFFR,7060
bisac_BUS055000,BUS055000,BUS,BUSINESS & ECONOMICS / Reference,"thema_KJ,thema_GBC",7070
bisac_BUS056030,BUS056030,BUS,BUSINESS & ECONOMICS / Careers / Resumes,thema_VSCB,7080
bisac_BUS057000,BUS057000,BUS,BUSINESS & ECONOMICS / Industries / Retailing,thema_KNP,7090
bisac_BUS058000,BUS058000,BUS,BUSINESS & ECONOMICS / Sales & Selling / General,thema_KJS,7100
bisac_BUS058010,BUS058010,BUS,BUSINESS & ECONOMICS / Sales & Selling / Management,thema_KJMV7,7110
bisac_BUS059000,BUS059000,BUS,BUSINESS & ECONOMICS / Skills,thema_KJW,7120
bisac_BUS060000,BUS060000,BUS,BUSINESS & ECONOMICS / Small Business,thema_KJVS,7130
bisac_BUS061000,BUS061000,BUS,BUSINESS & ECONOMICS / Statistics,thema_KCH,7140
bisac_BUS062000,BUS062000,BUS,BUSINESS & ECONOMICS / Structural Adjustment,thema_KCS,7150
bisac_BUS063000,BUS063000,BUS,BUSINESS & ECONOMICS / Strategic Planning,thema_KJC,7160
bisac_BUS064000,BUS064000,BUS,BUSINESS & ECONOMICS / Taxation / General,thema_KFCT,7170
bisac_BUS064010,BUS064010,BUS,BUSINESS & ECONOMICS / Taxation / Corporate,"thema_KFCT,thema_KFFH",7180
bisac_BUS064020,BUS064020,BUS,BUSINESS & ECONOMICS / International / Taxation,"thema_KJK,thema_KFFD",7190
bisac_BUS064030,BUS064030,BUS,BUSINESS & ECONOMICS / Taxation / Small Business,"thema_KFCT,thema_KJVS",7200
bisac_BUS065000,BUS065000,BUS,BUSINESS & ECONOMICS / Total Quality Management,thema_KJMQ,7210
bisac_BUS066000,BUS066000,BUS,BUSINESS & ECONOMICS / Training,thema_KJMV2,7220
bisac_BUS067000,BUS067000,BUS,BUSINESS & ECONOMICS / Urban & Regional,thema_KCVS,7230
bisac_BUS068000,BUS068000,BUS,BUSINESS & ECONOMICS / Development / Economic Development,thema_KCM,7240
bisac_BUS069000,BUS069000,BUS,BUSINESS & ECONOMICS / Economics / General,thema_KC,7250
bisac_BUS069010,BUS069010,BUS,BUSINESS & ECONOMICS / Economics / Comparative,thema_KC,7260
bisac_BUS069020,BUS069020,BUS,BUSINESS & ECONOMICS / International / Economics & Trade,"thema_KCL,thema_KCLT",7270
bisac_BUS069030,BUS069030,BUS,BUSINESS & ECONOMICS / Economics / Theory,thema_KCA,7280
bisac_BUS069040,BUS069040,BUS,BUSINESS & ECONOMICS / Economics / Social & Behavioral,thema_KCK,7290
bisac_BUS070000,BUS070000,BUS,BUSINESS & ECONOMICS / Industries / General,thema_KN,7300
bisac_BUS070010,BUS070010,BUS,BUSINESS & ECONOMICS / Industries / Agribusiness,thema_KNAC,7310
bisac_BUS070020,BUS070020,BUS,BUSINESS & ECONOMICS / Industries / Automobile Industry,thema_KNDR,7320
bisac_BUS070030,BUS070030,BUS,BUSINESS & ECONOMICS / Industries / Computers & Information Technology,thema_KNTX,7330
bisac_BUS070040,BUS070040,BUS,BUSINESS & ECONOMICS / Industries / Energy,thema_KNB,7340
bisac_BUS070050,BUS070050,BUS,BUSINESS & ECONOMICS / Industries / Manufacturing,thema_KND,7350
bisac_BUS070060,BUS070060,BUS,BUSINESS & ECONOMICS / Industries / Media & Communications,thema_KNT,7360
bisac_BUS070070,BUS070070,BUS,BUSINESS & ECONOMICS / Industries / Park & Recreation Management,thema_KNS,7370
bisac_BUS070080,BUS070080,BUS,BUSINESS & ECONOMICS / Industries / Service,thema_KNS,7380
bisac_BUS070090,BUS070090,BUS,BUSINESS & ECONOMICS / Industries / Fashion & Textile Industry,"thema_KNDD,thema_KNSX",7390
bisac_BUS070100,BUS070100,BUS,BUSINESS & ECONOMICS / Industries / Transportation,thema_KNG,7400
bisac_BUS070110,BUS070110,BUS,BUSINESS & ECONOMICS / Industries / Entertainment,thema_KNT,7410
bisac_BUS070120,BUS070120,BUS,BUSINESS & ECONOMICS / Industries / Food Industry,thema_KNAC,7420
bisac_BUS070130,BUS070130,BUS,BUSINESS & ECONOMICS / Industries / Pharmaceutical & Biotechnology,thema_KNDC,7430
bisac_BUS070140,BUS070140,BUS,BUSINESS & ECONOMICS / Industries / Financial Services,thema_KFF,7440
bisac_BUS070150,BUS070150,BUS,BUSINESS & ECONOMICS / Industries / Natural Resource Extraction,thema_KNAT,7450
bisac_BUS070160,BUS070160,BUS,BUSINESS & ECONOMICS / Industries / Construction,thema_KNJC,7460
bisac_BUS070170,BUS070170,BUS,BUSINESS & ECONOMICS / Industries / Healthcare,"thema_KN,thema_MBP",7470
bisac_BUS071000,BUS071000,BUS,BUSINESS & ECONOMICS / Leadership,thema_KJMB,7480
bisac_BUS072000,BUS072000,BUS,BUSINESS & ECONOMICS / Development / Sustainable Development,"thema_KCM,thema_RNU",7490
bisac_BUS073000,BUS073000,BUS,BUSINESS & ECONOMICS / Commerce,thema_KCC,7500
bisac_BUS074000,BUS074000,BUS,BUSINESS & ECONOMICS / Nonprofit Organizations & Charities / General,thema_KJVX,7510
bisac_BUS074010,BUS074010,BUS,BUSINESS & ECONOMICS / Nonprofit Organizations & Charities / Finance & Accounting,"thema_KJVX,thema_KF",7520
bisac_BUS074020,BUS074020,BUS,BUSINESS & ECONOMICS / Nonprofit Organizations & Charities / Fundraising & Grants,"thema_KJVX,thema_KFFC",7530
bisac_BUS074030,BUS074030,BUS,BUSINESS & ECONOMICS / Nonprofit Organizations & Charities / Management & Leadership,"thema_KJVX,thema_KJM",7540
bisac_BUS074040,BUS074040,BUS,BUSINESS & ECONOMICS / Nonprofit Organizations & Charities / Marketing & Communications,"thema_KJVX,thema_KJS",7550
bisac_BUS075000,BUS075000,BUS,BUSINESS & ECONOMICS / Consulting,thema_KJL,7560
bisac_BUS076000,BUS076000,BUS,BUSINESS & ECONOMICS / Purchasing & Buying,thema_KJMV8,7570
bisac_BUS077000,BUS077000,BUS,BUSINESS & ECONOMICS / Corporate & Business History,thema_KJZ,7580
bisac_BUS078000,BUS078000,BUS,BUSINESS & ECONOMICS / Distribution,thema_KJMV9,7590
bisac_BUS079000,BUS079000,BUS,BUSINESS & ECONOMICS / Government & Business,thema_KCP,7600
bisac_BUS080000,BUS080000,BUS,BUSINESS & ECONOMICS / Home-Based Businesses,thema_KJVS,7610
bisac_BUS081000,BUS081000,BUS,"BUSINESS & ECONOMICS / Industries / Hospitality, Travel & Tourism",thema_KNSG,7620
bisac_BUS082000,BUS082000,BUS,BUSINESS & ECONOMICS / Industrial Management,thema_KJM,7630
bisac_BUS083000,BUS083000,BUS,BUSINESS & ECONOMICS / Information Management,thema_KJMK,7640
bisac_BUS084000,BUS084000,BUS,BUSINESS & ECONOMICS / Office Automation,thema_KJWF,7650
bisac_BUS085000,BUS085000,BUS,BUSINESS & ECONOMICS / Organizational Behavior,thema_KJU,7660
bisac_BUS086000,BUS086000,BUS,BUSINESS & ECONOMICS / Forecasting,thema_KCJ,7670
bisac_BUS087000,BUS087000,BUS,BUSINESS & ECONOMICS / Production & Operations Management,"thema_KJMV5,thema_KJMN",7680
bisac_BUS088000,BUS088000,BUS,BUSINESS & ECONOMICS / Time Management,thema_KJMT,7690
bisac_BUS089000,BUS089000,BUS,BUSINESS & ECONOMICS / Secretarial Aids & Training,thema_KJWS,7700
bisac_BUS090000,BUS090000,BUS,BUSINESS & ECONOMICS / E-Commerce / General (see also COMPUTERS / Electronic Commerce),thema_KJE,7710
bisac_BUS090010,BUS090010,BUS,BUSINESS & ECONOMICS / E-Commerce / Digital Marketing,thema_KJSG,7720
bisac_BUS090030,BUS090030,BUS,BUSINESS & ECONOMICS / E-Commerce / Online Trading,"thema_KFFF,thema_UDBM",7730
bisac_BUS090040,BUS090040,BUS,BUSINESS & ECONOMICS / E-Commerce / Small Business,"thema_KJE,thema_KJVS",7740
bisac_BUS090050,BUS090050,BUS,BUSINESS & ECONOMICS / E-Commerce / Search Engine Optimization,"thema_KJE,thema_KJSG",7750
bisac_BUS091000,BUS091000,BUS,BUSINESS & ECONOMICS / Business Mathematics,thema_KJQ,7760
bisac_BUS092000,BUS092000,BUS,BUSINESS & ECONOMICS / Development / General,thema_KCM,7770
bisac_BUS093000,BUS093000,BUS,BUSINESS & ECONOMICS / Facility Management,thema_KJMV4,7780
bisac_BUS094000,BUS094000,BUS,BUSINESS & ECONOMICS / Green Business,thema_KJJ,7790
bisac_BUS095000,BUS095000,BUS,BUSINESS & ECONOMICS / Office Equipment & Supplies,thema_KJWF,7800
bisac_BUS096000,BUS096000,BUS,BUSINESS & ECONOMICS / Office Management,thema_KJWB,7810
bisac_BUS097000,BUS097000,BUS,BUSINESS & ECONOMICS / Workplace Culture,thema_KJWX,7820
bisac_BUS098000,BUS098000,BUS,BUSINESS & ECONOMICS / Knowledge Capital,"thema_KCVP,thema_KJMK",7830
bisac_BUS099000,BUS099000,BUS,BUSINESS & ECONOMICS / Environmental Economics,thema_KCVG,7840
bisac_BUS100000,BUS100000,BUS,BUSINESS & ECONOMICS / Museum Administration & Museology,"thema_GLZ,thema_KJM",7850
bisac_BUS101000,BUS101000,BUS,BUSINESS & ECONOMICS / Project Management,thema_KJMP,7860
bisac_BUS102000,BUS102000,BUS,BUSINESS & ECONOMICS / Outsourcing,thema_KJVT,7870
bisac_BUS103000,BUS103000,BUS,BUSINESS & ECONOMICS / Organizational Development,thema_KJU,7880
bisac_BUS104000,BUS104000,BUS,BUSINESS & ECONOMICS / Corporate Governance,thema_KJR,7890
bisac_BUS105000,BUS105000,BUS,BUSINESS & ECONOMICS / Franchises,thema_KJVF,7900
bisac_BUS106000,BUS106000,BUS,BUSINESS & ECONOMICS / Mentoring & Coaching,"thema_KJMV2,thema_VSC",7910
bisac_BUS107000,BUS107000,BUS,BUSINESS & ECONOMICS / Personal Success,thema_VSC,7920
bisac_BUS108000,BUS108000,BUS,BUSINESS & ECONOMICS / Research & Development,thema_KJMV6,7930
bisac_BUS109000,BUS109000,BUS,BUSINESS & ECONOMICS / Women in Business,"thema_KJ,thema_JBSF1",7940
bisac_BUS110000,BUS110000,BUS,BUSINESS & ECONOMICS / Conflict Resolution & Mediation,"thema_KJ,thema_LNAC5",7950
bisac_BUS111000,BUS111000,BUS,BUSINESS & ECONOMICS / Crowdfunding,thema_KJD,7960
bisac_BUS112000,BUS112000,BUS,BUSINESS & ECONOMICS / Islamic Banking & Finance,"thema_KFF,thema_LWKL",7970
bisac_BUS113000,BUS113000,BUS,BUSINESS & ECONOMICS / Globalization,thema_GTQ,7980
bisac_BUS114000,BUS114000,BUS,BUSINESS & ECONOMICS / Bitcoin & Cryptocurrencies,"thema_KFFJ,thema_KFFF",7990
bisac_BUS115000,BUS115000,BUS,BUSINESS & ECONOMICS / Freelance & Self-Employment,thema_KJVS,8000
bisac_BUS116000,BUS116000,BUS,BUSINESS & ECONOMICS / Logistics & Supply Chain,thema_KJMV9,8010
bisac_BUS117000,BUS117000,BUS,BUSINESS & ECONOMICS / Workplace Harassment & Discrimination,"thema_KJMV2,thema_JBFK4",8020
bisac_BUS118000,BUS118000,BUS,BUSINESS & ECONOMICS / Diversity & Inclusion,thema_KJMV22,8030
bisac_BUS119000,BUS119000,BUS,BUSINESS & ECONOMICS / Indigenous Economies,"thema_KCS,thema_JBSL11",8040
bisac_BUS120000,BUS120000,BUS,BUSINESS & ECONOMICS / Occupational Health & Safety,thema_KNXC,8050
bisac_CGN000000,CGN000000,CGN,COMICS & GRAPHIC NOVELS / General,thema_XA,8060
bisac_CGN001000,CGN001000,CGN,COMICS & GRAPHIC NOVELS / Anthologies,"thema_XA,thema_DNT",8070
bisac_CGN004010,CGN004010,CGN,COMICS & GRAPHIC NOVELS / Crime & Mystery,thema_XQD,8080
bisac_CGN004020,CGN004020,CGN,COMICS & GRAPHIC NOVELS / Erotica,thema_XQXE,8090
bisac_CGN004030,CGN004030,CGN,COMICS & GRAPHIC NOVELS / Fantasy / General,thema_XQM,8100
bisac_CGN004040,CGN004040,CGN,COMICS & GRAPHIC NOVELS / Horror,thema_XQH,8110
bisac_CGN004050,CGN004050,CGN,COMICS & GRAPHIC NOVELS / East Asian Style / Manga / General,thema_XAMA,8120
bisac_CGN004060,CGN004060,CGN,COMICS & GRAPHIC NOVELS / Media Tie-In,thema_XQC,8130
bisac_CGN004070,CGN004070,CGN,COMICS & GRAPHIC NOVELS / Science Fiction / General,thema_XQL,8140
bisac_CGN004080,CGN004080,CGN,COMICS & GRAPHIC NOVELS / Superheroes (see also FICTION / Superheroes),thema_XQK,8150
bisac_CGN004090,CGN004090,CGN,COMICS & GRAPHIC NOVELS / Romance,thema_XQR,8160
bisac_CGN004110,CGN004110,CGN,COMICS & GRAPHIC NOVELS / East Asian Style / Manga / Erotica & Hentai,thema_XAMX,8170
bisac_CGN004200,CGN004200,CGN,COMICS & GRAPHIC NOVELS / Sports,thema_XQJ,8180
bisac_CGN004210,CGN004210,CGN,COMICS & GRAPHIC NOVELS / East Asian Style / Manga / Yaoi (Boys' Love),thema_XAMT,8190
bisac_CGN004260,CGN004260,CGN,COMICS & GRAPHIC NOVELS / East Asian Style / Manga / Magical Girl,"thema_XAMA,thema_XQMM",8200
bisac_CGN004270,CGN004270,CGN,COMICS & GRAPHIC NOVELS / East Asian Style / Manga / Mecha,"thema_XAMA,thema_XQLM",8210
bisac_CGN004280,CGN004280,CGN,COMICS & GRAPHIC NOVELS / School Life,thema_XQS,8220
bisac_CGN004300,CGN004300,CGN,COMICS & GRAPHIC NOVELS / East Asian Style / Manga / Isekai,"thema_XAMA,thema_XQMP",8230
bisac_CGN004310,CGN004310,CGN,COMICS & GRAPHIC NOVELS / East Asian Style / Manga / Yuri (Girls' Love),thema_XAMY,8240
bisac_CGN004320,CGN004320,CGN,COMICS & GRAPHIC NOVELS / Light Novel,"thema_XA,thema_FYS",8250
bisac_CGN004330,CGN004330,CGN,COMICS & GRAPHIC NOVELS / Food,"thema_XA,thema_WB",8260
bisac_CGN004340,CGN004340,CGN,COMICS & GRAPHIC NOVELS / East Asian Style / General,thema_XAM,8270
bisac_CGN004350,CGN004350,CGN,COMICS & GRAPHIC NOVELS / East Asian Style / Manhua,thema_XAME,8280
bisac_CGN004360,CGN004360,CGN,COMICS & GRAPHIC NOVELS / Fantasy / Dark Fantasy,"thema_XQM,thema_FMT",8290
bisac_CGN004370,CGN004370,CGN,COMICS & GRAPHIC NOVELS / Fantasy / Dragons & Mythical Creatures,"thema_XQM,thema_VXQM",8300
bisac_CGN004380,CGN004380,CGN,COMICS & GRAPHIC NOVELS / Fantasy / Epic,"thema_XQM,thema_FMB",8310
bisac_CGN004390,CGN004390,CGN,COMICS & GRAPHIC NOVELS / Science Fiction / Alien Contact,"thema_XQL,thema_FLU",8320
bisac_CGN004400,CGN004400,CGN,COMICS & GRAPHIC NOVELS / Science Fiction / Apocalyptic & Post-Apocalyptic,"thema_XQL,thema_FLQ",8330
bisac_CGN004410,CGN004410,CGN,COMICS & GRAPHIC NOVELS / Science Fiction / Cyberpunk,"thema_XQL,thema_FLPB",8340
bisac_CGN004420,CGN004420,CGN,COMICS & GRAPHIC NOVELS / Science Fiction / Steampunk,"thema_XQL,thema_FLM",8350
bisac_CGN006000,CGN006000,CGN,COMICS & GRAPHIC NOVELS / Literary,thema_XA,8360
bisac_CGN007000,CGN007000,CGN,COMICS & GRAPHIC NOVELS / Nonfiction / General,thema_XQA,8370
bisac_CGN007010,CGN007010,CGN,COMICS & GRAPHIC NOVELS / Nonfiction / Biography & Memoir,"thema_XQA,thema_DNB",8380
bisac_CGN007020,CGN007020,CGN,COMICS & GRAPHIC NOVELS / Nonfiction / History,"thema_XQA,thema_NH",8390
bisac_CGN007030,CGN007030,CGN,COMICS & GRAPHIC NOVELS / Nonfiction / Journalism,"thema_XQA,thema_DNP",8400
bisac_CGN007040,CGN007040,CGN,COMICS & GRAPHIC NOVELS / Nonfiction / Science & Nature,"thema_XQA,thema_PD",8410
bisac_CGN007050,CGN007050,CGN,COMICS & GRAPHIC NOVELS / Nonfiction / Medicine,"thema_XQA,thema_MB",8420
bisac_CGN007060,CGN007060,CGN,COMICS & GRAPHIC NOVELS / Nonfiction / Politics & Philosophy,"thema_XQA,thema_JP",8430
bisac_CGN007070,CGN007070,CGN,COMICS & GRAPHIC NOVELS / Nonfiction / Self-Help,"thema_XQA,thema_VS",8440
bisac_CGN008000,CGN008000,CGN,COMICS & GRAPHIC NOVELS / Contemporary Women,thema_XQF,8450
bisac_CGN009000,CGN009000,CGN,COMICS & GRAPHIC NOVELS / LGBTQ+ / General,thema_XA,8460
bisac_CGN009010,CGN009010,CGN,COMICS & GRAPHIC NOVELS / LGBTQ+ / Bisexual,thema_XA,8470
bisac_CGN009020,CGN009020,CGN,COMICS & GRAPHIC NOVELS / LGBTQ+ / Gay,thema_XA,8480
bisac_CGN009030,CGN009030,CGN,COMICS & GRAPHIC NOVELS / LGBTQ+ / Lesbian,thema_XA,8490
bisac_CGN009040,CGN009040,CGN,COMICS & GRAPHIC NOVELS / LGBTQ+ / Transgender,thema_XA,8500
bisac_CGN009050,CGN009050,CGN,COMICS & GRAPHIC NOVELS / LGBTQ+ / Two-Spirited & Indigiqueer,thema_XA,8510
bisac_CGN009060,CGN009060,CGN,COMICS & GRAPHIC NOVELS / LGBTQ+ / Nonbinary & Genderqueer,thema_XA,8520
bisac_CGN010000,CGN010000,CGN,COMICS & GRAPHIC NOVELS / Historical Fiction / General,thema_XQV,8530
bisac_CGN010010,CGN010010,CGN,COMICS & GRAPHIC NOVELS / Historical Fiction / Ancient,thema_XQV,8540
bisac_CGN010020,CGN010020,CGN,COMICS & GRAPHIC NOVELS / Historical Fiction / Medieval,thema_XQV,8550
bisac_CGN010030,CGN010030,CGN,COMICS & GRAPHIC NOVELS / Historical Fiction / World War II & Holocaust,"thema_XQV,thema_FJMS",8560
bisac_CGN011000,CGN011000,CGN,COMICS & GRAPHIC NOVELS / Religious,thema_XQW,8570
bisac_CGN012000,CGN012000,CGN,COMICS & GRAPHIC NOVELS / Adaptations,thema_XQB,8580
bisac_CGN013000,CGN013000,CGN,COMICS & GRAPHIC NOVELS / Dystopian,"thema_XQL,thema_FDB",8590
bisac_CGN014000,CGN014000,CGN,COMICS & GRAPHIC NOVELS / Humorous,thema_XQT,8600
bisac_CGN015000,CGN015000,CGN,"COMICS & GRAPHIC NOVELS / Reference, Guides & Companions",thema_XR,8610
bisac_CGN016000,CGN016000,CGN,COMICS & GRAPHIC NOVELS / Occult & Supernatural,thema_XQH,8620
bisac_CGN017000,CGN017000,CGN,COMICS & GRAPHIC NOVELS / Supervillains,thema_XQK,8630
bisac_CGN018000,CGN018000,CGN,COMICS & GRAPHIC NOVELS / Action & Adventure,thema_XQG,8640
bisac_CGN019000,CGN019000,CGN,"COMICS & GRAPHIC NOVELS / Fairy Tales, Folk Tales, Legends & Mythology",thema_XQP,8650
bisac_CGN020000,CGN020000,CGN,COMICS & GRAPHIC NOVELS / European Style (incl. Bandes Dessinées),thema_XAD,8660
bisac_CGN021000,CGN021000,CGN,COMICS & GRAPHIC NOVELS / East Asian Style / Manhwa,thema_XAMD,8670
bisac_CGN022000,CGN022000,CGN,COMICS & GRAPHIC NOVELS / African American & Black,thema_XA,8680
bisac_CGN023000,CGN023000,CGN,COMICS & GRAPHIC NOVELS / Asian American & Pacific Islander,thema_XA,8690
bisac_CGN024000,CGN024000,CGN,COMICS & GRAPHIC NOVELS / Coming of Age,"thema_XA,thema_FXB",8700
bisac_CGN025000,CGN025000,CGN,COMICS & GRAPHIC NOVELS / Diversity & Multicultural,"thema_XA,thema_FXT",8710
bisac_CGN026000,CGN026000,CGN,COMICS & GRAPHIC NOVELS / Feminist,"thema_XA,thema_JBSF11",8720
bisac_CGN027000,CGN027000,CGN,COMICS & GRAPHIC NOVELS / Hispanic & Latino,thema_XA,8730
bisac_CGN028000,CGN028000,CGN,COMICS & GRAPHIC NOVELS / Indigenous,thema_XA,8740
bisac_CGN029000,CGN029000,CGN,COMICS & GRAPHIC NOVELS / Indigenous Peoples of Turtle Island,thema_XA,8750
bisac_CGN030000,CGN030000,CGN,COMICS & GRAPHIC NOVELS / Jewish,thema_XA,8760
bisac_CGN031000,CGN031000,CGN,COMICS & GRAPHIC NOVELS / Magical Realism,"thema_XQM,thema_FMM",8770
bisac_CGN032000,CGN032000,CGN,COMICS & GRAPHIC NOVELS / Native American,thema_XA,8780
bisac_CGN033000,CGN033000,CGN,COMICS & GRAPHIC NOVELS / Satire,"thema_XA,thema_FUP",8790
bisac_CGN034000,CGN034000,CGN,COMICS & GRAPHIC NOVELS / Slice of Life,thema_XQQ,8800
bisac_CGN035000,CGN035000,CGN,COMICS & GRAPHIC NOVELS / Spies & Espionage,"thema_XQD,thema_FHD",8810
bisac_CGN036000,CGN036000,CGN,COMICS & GRAPHIC NOVELS / Disability,"thema_XA,thema_FXT",8820
bisac_CKB000000,CKB000000,CKB,COOKING / General,thema_WB,8830
bisac_CKB001000,CKB001000,CKB,COOKING / Regional & Cultural / African,thema_WBN,8840
bisac_CKB002000,CKB002000,CKB,COOKING / Regional & Cultural / American / General,thema_WBN,8850
bisac_CKB002010,CKB002010,CKB,COOKING / Regional & Cultural / American / California Style,thema_WBN,8860
bisac_CKB002020,CKB002020,CKB,COOKING / Regional & Cultural / American / Middle Atlantic States,thema_WBN,8870
bisac_CKB002030,CKB002030,CKB,COOKING / Regional & Cultural / American / Middle Western States,thema_WBN,8880
bisac_CKB002040,CKB002040,CKB,COOKING / Regional & Cultural / American / New England,thema_WBN,8890
bisac_CKB002050,CKB002050,CKB,COOKING / Regional & Cultural / American / Northwestern States,thema_WBN,8900
bisac_CKB002060,CKB002060,CKB,COOKING / Regional & Cultural / American / Southern States,thema_WBN,8910
bisac_CKB002070,CKB002070,CKB,COOKING / Regional & Cultural / American / Southwestern States,thema_WBN,8920
bisac_CKB002080,CKB002080,CKB,COOKING / Regional & Cultural / American / Western States,thema_WBN,8930
bisac_CKB003000,CKB003000,CKB,COOKING / Courses & Dishes / Appetizers,thema_WBVD,8940
bisac_CKB004000,CKB004000,CKB,COOKING / Methods / Baking,thema_WBVS,8950
bisac_CKB005000,CKB005000,CKB,COOKING / Methods / Barbecue & Grilling,thema_WBSB,8960
bisac_CKB006000,CKB006000,CKB,COOKING / Beverages / Alcoholic / Bartending & Cocktails,thema_WBXD3,8970
bisac_CKB007000,CKB007000,CKB,COOKING / Beverages / Alcoholic / Beer,thema_WBXD2,8980
bisac_CKB008000,CKB008000,CKB,COOKING / Beverages / Non-Alcoholic,thema_WBXN,8990
bisac_CKB009000,CKB009000,CKB,COOKING / Courses & Dishes / Bread,thema_WBVS2,9000
bisac_CKB010000,CKB010000,CKB,COOKING / Courses & Dishes / Breakfast,thema_WBVA,9010
bisac_CKB011000,CKB011000,CKB,"COOKING / Regional & Cultural / English, Scottish & Welsh",thema_WBN,9020
bisac_CKB012000,CKB012000,CKB,COOKING / Courses & Dishes / Brunch,thema_WBVA,9030
bisac_CKB013000,CKB013000,CKB,COOKING / Regional & Cultural / Cajun & Creole,thema_WBN,9040
bisac_CKB014000,CKB014000,CKB,COOKING / Courses & Dishes / Cakes,thema_WBVS1,9050
bisac_CKB015000,CKB015000,CKB,COOKING / Methods / Canning & Preserving,thema_WBW,9060
bisac_CKB016000,CKB016000,CKB,COOKING / Regional & Cultural / Caribbean & West Indian,thema_WBN,9070
bisac_CKB017000,CKB017000,CKB,COOKING / Regional & Cultural / Chinese,thema_WBN,9080
bisac_CKB018000,CKB018000,CKB,COOKING / Specific Ingredients / Chocolate,thema_WBTX,9090
bisac_CKB019000,CKB019000,CKB,COOKING / Beverages / Coffee & Tea,thema_WBXN1,9100
bisac_CKB020000,CKB020000,CKB,COOKING / Methods / Cooking for One,thema_WBC,9110
bisac_CKB021000,CKB021000,CKB,COOKING / Courses & Dishes / Cookies,thema_WBVS,9120
bisac_CKB023000,CKB023000,CKB,COOKING / Methods / General,thema_WBA,9130
bisac_CKB024000,CKB024000,CKB,COOKING / Courses & Dishes / Desserts,thema_WBVQ,9140
bisac_CKB025000,CKB025000,CKB,COOKING / Health & Healing / Diabetic & Sugar-Free,"thema_WBHS5,thema_VFJB5",9150
bisac_CKB026000,CKB026000,CKB,COOKING / Health & Healing / Weight Control,"thema_WBHS,thema_VFMD",9160
bisac_CKB029000,CKB029000,CKB,COOKING / Entertaining,"thema_WBR,thema_WJX",9170
bisac_CKB030000,CKB030000,CKB,COOKING / Essays & Narratives,thema_WB,9180
bisac_CKB031000,CKB031000,CKB,COOKING / Regional & Cultural / General,thema_WBN,9190
bisac_CKB032000,CKB032000,CKB,COOKING / Specific Ingredients / Game,thema_WBTB,9200
bisac_CKB033000,CKB033000,CKB,COOKING / Methods / Garnishing & Food Presentation,thema_WBA,9210
bisac_CKB034000,CKB034000,CKB,COOKING / Regional & Cultural / French,thema_WBN,9220
bisac_CKB035000,CKB035000,CKB,COOKING / Specific Ingredients / Fruit,thema_WBTM,9230
bisac_CKB036000,CKB036000,CKB,COOKING / Regional & Cultural / German,thema_WBN,9240
bisac_CKB037000,CKB037000,CKB,COOKING / Methods / Gourmet,thema_WBA,9250
bisac_CKB038000,CKB038000,CKB,COOKING / Regional & Cultural / Greek,thema_WBN,9260
bisac_CKB039000,CKB039000,CKB,COOKING / Health & Healing / General,thema_WBH,9270
bisac_CKB040000,CKB040000,CKB,"COOKING / Specific Ingredients / Herbs, Spices, Condiments",thema_WBTH,9280
bisac_CKB041000,CKB041000,CKB,COOKING / History,"thema_WB,thema_NHTB",9290
bisac_CKB042000,CKB042000,CKB,COOKING / Holiday,thema_WBA,9300
bisac_CKB043000,CKB043000,CKB,COOKING / Regional & Cultural / Hungarian,thema_WBN,9310
bisac_CKB044000,CKB044000,CKB,COOKING / Regional & Cultural / Indian & South Asian,thema_WBN,9320
bisac_CKB045000,CKB045000,CKB,COOKING / Regional & Cultural / International,thema_WBN,9330
bisac_CKB046000,CKB046000,CKB,COOKING / Regional & Cultural / Irish,thema_WBN,9340
bisac_CKB047000,CKB047000,CKB,COOKING / Regional & Cultural / Italian,thema_WBN,9350
bisac_CKB048000,CKB048000,CKB,COOKING / Regional & Cultural / Japanese,thema_WBN,9360
bisac_CKB049000,CKB049000,CKB,COOKING / Regional & Cultural / Jewish & Kosher,thema_WBN,9370
bisac_CKB050000,CKB050000,CKB,COOKING / Health & Healing / Low Cholesterol,"thema_WBHS1,thema_VFMD",9380
bisac_CKB051000,CKB051000,CKB,COOKING / Health & Healing / Low Fat,"thema_WBHS1,thema_VFMD",9390
bisac_CKB052000,CKB052000,CKB,COOKING / Health & Healing / Low Salt,"thema_WBHS,thema_VFMD",9400
bisac_CKB054000,CKB054000,CKB,COOKING / Specific Ingredients / Meat,thema_WBTB,9410
bisac_CKB055000,CKB055000,CKB,COOKING / Regional & Cultural / Mediterranean,thema_WBN,9420
bisac_CKB056000,CKB056000,CKB,COOKING / Regional & Cultural / Mexican,thema_WBN,9430
bisac_CKB057000,CKB057000,CKB,COOKING / Methods / Microwave,thema_WBS,9440
bisac_CKB058000,CKB058000,CKB,COOKING / Regional & Cultural / Indigenous Food of the Americas,thema_WBN,9450
bisac_CKB059000,CKB059000,CKB,COOKING / Specific Ingredients / Natural Foods,"thema_WBK,thema_WBH",9460
bisac_CKB060000,CKB060000,CKB,COOKING / Methods / Outdoor,thema_WBSB,9470
bisac_CKB061000,CKB061000,CKB,COOKING / Specific Ingredients / Pasta,thema_WBTP,9480
bisac_CKB062000,CKB062000,CKB,COOKING / Courses & Dishes / Pastry,thema_WBVS,9490
bisac_CKB063000,CKB063000,CKB,COOKING / Courses & Dishes / Pies,thema_WBVS,9500
bisac_CKB064000,CKB064000,CKB,COOKING / Courses & Dishes / Pizza,thema_WBVS21,9510
bisac_CKB065000,CKB065000,CKB,COOKING / Regional & Cultural / Polish,thema_WBN,9520
bisac_CKB066000,CKB066000,CKB,COOKING / Regional & Cultural / Portuguese,thema_WBN,9530
bisac_CKB067000,CKB067000,CKB,COOKING / Specific Ingredients / Poultry,thema_WBTC,9540
bisac_CKB068000,CKB068000,CKB,COOKING / Methods / Professional,"thema_WBA,thema_TTVC2",9550
bisac_CKB069000,CKB069000,CKB,COOKING / Methods / Quantity,"thema_WBA,thema_TTVC2",9560
bisac_CKB070000,CKB070000,CKB,COOKING / Methods / Quick & Easy,thema_WBF,9570
bisac_CKB071000,CKB071000,CKB,COOKING / Reference,"thema_WB,thema_GBC",9580
bisac_CKB072000,CKB072000,CKB,COOKING / Regional & Cultural / Russian,thema_WBN,9590
bisac_CKB073000,CKB073000,CKB,COOKING / Courses & Dishes / Salads,thema_WBVG,9600
bisac_CKB074000,CKB074000,CKB,COOKING / Regional & Cultural / Scandinavian,thema_WBN,9610
bisac_CKB076000,CKB076000,CKB,COOKING / Specific Ingredients / Fish & Seafood,thema_WBTF,9620
bisac_CKB077000,CKB077000,CKB,COOKING / Seasonal,thema_WBA,9630
bisac_CKB078000,CKB078000,CKB,COOKING / Regional & Cultural / Soul Food,thema_WBN,9640
bisac_CKB079000,CKB079000,CKB,COOKING / Courses & Dishes / Soups & Stews,"thema_WBVD,thema_WBVM",9650
bisac_CKB080000,CKB080000,CKB,COOKING / Regional & Cultural / Spanish,thema_WBN,9660
bisac_CKB081000,CKB081000,CKB,COOKING / Methods / Special Appliances,thema_WBS,9670
bisac_CKB082000,CKB082000,CKB,COOKING / Tablesetting,thema_WJXF,9680
bisac_CKB083000,CKB083000,CKB,COOKING / Regional & Cultural / Thai,thema_WBN,9690
bisac_CKB084000,CKB084000,CKB,COOKING / Regional & Cultural / Turkish,thema_WBN,9700
bisac_CKB085000,CKB085000,CKB,COOKING / Specific Ingredients / Vegetables,"thema_WBTM,thema_WBVG",9710
bisac_CKB086000,CKB086000,CKB,COOKING / Vegetarian,thema_WBJ,9720
bisac_CKB088000,CKB088000,CKB,COOKING / Beverages / Alcoholic / General,thema_WBXD,9730
bisac_CKB089000,CKB089000,CKB,COOKING / Methods / Wok,thema_WBS,9740
bisac_CKB090000,CKB090000,CKB,COOKING / Regional & Cultural / Asian,thema_WBN,9750
bisac_CKB091000,CKB091000,CKB,COOKING / Regional & Cultural / Canadian,thema_WBN,9760
bisac_CKB092000,CKB092000,CKB,COOKING / Regional & Cultural / European,thema_WBN,9770
bisac_CKB093000,CKB093000,CKB,COOKING / Regional & Cultural / Middle Eastern,thema_WBN,9780
bisac_CKB094000,CKB094000,CKB,COOKING / Regional & Cultural / Vietnamese,thema_WBN,9790
bisac_CKB095000,CKB095000,CKB,COOKING / Courses & Dishes / Confectionery,thema_WBVQ,9800
bisac_CKB096000,CKB096000,CKB,COOKING / Specific Ingredients / Dairy,thema_WBTR,9810
bisac_CKB097000,CKB097000,CKB,COOKING / Regional & Cultural / Australian & Oceanian,thema_WBN,9820
bisac_CKB098000,CKB098000,CKB,COOKING / Specific Ingredients / Rice & Grains,thema_WBTJ,9830
bisac_CKB099000,CKB099000,CKB,COOKING / Regional & Cultural / Central American & South American,thema_WBN,9840
bisac_CKB100000,CKB100000,CKB,COOKING / Beverages / General,thema_WBX,9850
bisac_CKB101000,CKB101000,CKB,COOKING / Courses & Dishes / General,thema_WBV,9860
bisac_CKB102000,CKB102000,CKB,COOKING / Courses & Dishes / Sauces & Dressings,thema_WBVH,9870
bisac_CKB103000,CKB103000,CKB,COOKING / Health & Healing / Cancer,"thema_WBHS,thema_VFJB3",9880
bisac_CKB104000,CKB104000,CKB,COOKING / Health & Healing / Heart,"thema_WBHS,thema_VFJB4",9890
bisac_CKB105000,CKB105000,CKB,COOKING / Specific Ingredients / General,thema_WBT,9900
bisac_CKB106000,CKB106000,CKB,COOKING / Health & Healing / Allergy,"thema_WBHS,thema_VFJB1",9910
bisac_CKB107000,CKB107000,CKB,COOKING / Baby Food,"thema_WBQ,thema_VFXB",9920
bisac_CKB108000,CKB108000,CKB,COOKING / Health & Healing / Low Carbohydrate,"thema_WBHS3,thema_VFMD",9930
bisac_CKB109000,CKB109000,CKB,COOKING / Methods / Slow Cooking,thema_WBSD,9940
bisac_CKB110000,CKB110000,CKB,COOKING / Methods / Raw Food,"thema_WBH,thema_WBK",9950
bisac_CKB111000,CKB111000,CKB,COOKING / Health & Healing / Gluten-Free,"thema_WBHS2,thema_VFJB1",9960
bisac_CKB112000,CKB112000,CKB,COOKING / Courses & Dishes / Casseroles,thema_WBVM,9970
bisac_CKB113000,CKB113000,CKB,COOKING / Methods / Low Budget,thema_WBD,9980
bisac_CKB114000,CKB114000,CKB,COOKING / Health & Healing / High Protein,"thema_WBHS4,thema_VFMD",9990
bisac_CKB115000,CKB115000,CKB,COOKING / Individual Chefs & Restaurants,thema_WBB,10000
bisac_CKB116000,CKB116000,CKB,COOKING / Methods / Frying,thema_WBA,10010
bisac_CKB117000,CKB117000,CKB,COOKING / Pet Food,"thema_WBA,thema_WNG",10020
bisac_CKB118000,CKB118000,CKB,COOKING / Beverages / Juices & Smoothies,thema_WBXN3,10030
bisac_CKB119000,CKB119000,CKB,COOKING / Cooking for Kids,thema_WBQ,10040
bisac_CKB120000,CKB120000,CKB,COOKING / Cooking with Kids,thema_WBQ,10050
bisac_CKB121000,CKB121000,CKB,COOKING / Courses & Dishes / Sandwiches,thema_WBVR,10060
bisac_CKB122000,CKB122000,CKB,"COOKING / Courses & Dishes / Ice Cream, Ices, etc.",thema_WBVQ,10070
bisac_CKB123000,CKB123000,CKB,COOKING / Regional & Cultural / Korean,thema_WBN,10080
bisac_CKB124000,CKB124000,CKB,COOKING / Regional & Cultural / Southeast Asian,thema_WBN,10090
bisac_CKB125000,CKB125000,CKB,COOKING / Vegan,thema_WBJK,10100
bisac_CKB126000,CKB126000,CKB,COOKING / Beverages / Alcoholic / Wine,thema_WBXD1,10110
bisac_CKB127000,CKB127000,CKB,COOKING / Comfort Food,thema_WBAC,10120
bisac_CKB128000,CKB128000,CKB,COOKING / Celebrities & Media Tie-In,thema_WBB,10130
bisac_CKB129000,CKB129000,CKB,COOKING / Methods / Pressure Cooking,thema_WBS,10140
bisac_CKB130000,CKB130000,CKB,COOKING / Beverages / Alcoholic / Spirits,thema_WBXD3,10150
bisac_CKB131000,CKB131000,CKB,COOKING / Equipment & Utensils,thema_WBS,10160
bisac_CKB132000,CKB132000,CKB,COOKING / Farm to Table,thema_WBL,10170
bisac_CKB133000,CKB133000,CKB,COOKING / Picnicking & Tailgating,thema_WBVR,10180
bisac_CKB134000,CKB134000,CKB,COOKING / Regional & Cultural / Amish & Mennonite,thema_WBN,10190
bisac_CKB135000,CKB135000,CKB,COOKING / Courses & Dishes / Snacks,thema_WBVR,10200
bisac_CKB136000,CKB136000,CKB,COOKING / Courses & Dishes / Tea Time,thema_WBV,10210
bisac_CKB137000,CKB137000,CKB,COOKING / Health & Healing / Low FODMAP,"thema_WBHS,thema_VFMD",10220
bisac_CKB138000,CKB138000,CKB,COOKING / Regional & Cultural / Indigenous Food of Turtle Island,thema_WBN,10230
bisac_CKB139000,CKB139000,CKB,COOKING / Regional & Cultural / Native American,thema_WBN,10240
bisac_CKB140000,CKB140000,CKB,COOKING / Street Food,thema_WBNB,10250
bisac_CKB141000,CKB141000,CKB,COOKING / Boards & Platters (incl. Charcuterie) *,thema_WBR,10260
bisac_CKB142000,CKB142000,CKB,COOKING / Methods / Fermentation *,thema_WBW,10270
bisac_CKB143000,CKB143000,CKB,COOKING / Courses & Dishes / Dinner *,,10280
bisac_COM000000,COM000000,COM,COMPUTERS / General,thema_UB,10290
bisac_COM004000,COM004000,COM,COMPUTERS / Artificial Intelligence / General,thema_UYQ,10300
bisac_COM005000,COM005000,COM,COMPUTERS / Business & Productivity Software / General,thema_UFL,10310
bisac_COM005030,COM005030,COM,COMPUTERS / Business & Productivity Software / Business Intelligence,"thema_UFL,thema_KJC",10320
bisac_COM006000,COM006000,COM,COMPUTERS / Buyer's Guides,"thema_UKP,thema_VSG",10330
bisac_COM007000,COM007000,COM,"COMPUTERS / Design, Graphics & Media / CAD-CAM","thema_UGC,thema_TGPC",10340
bisac_COM010000,COM010000,COM,COMPUTERS / Programming / Compilers,thema_UMC,10350
bisac_COM011000,COM011000,COM,COMPUTERS / Computer Architecture,thema_UYF,10360
bisac_COM012000,COM012000,COM,COMPUTERS / Software Development & Engineering / Computer Graphics,thema_UG,10370
bisac_COM012040,COM012040,COM,COMPUTERS / Programming / Games,thema_UMK,10380
bisac_COM012050,COM012050,COM,COMPUTERS / Image Processing,thema_UYT,10390
bisac_COM013000,COM013000,COM,COMPUTERS / Computer Literacy,thema_UB,10400
bisac_COM014000,COM014000,COM,COMPUTERS / Computer Science,thema_UY,10410
bisac_COM015000,COM015000,COM,COMPUTERS / Security / Viruses & Malware,thema_URJ,10420
bisac_COM016000,COM016000,COM,COMPUTERS / Artificial Intelligence / Computer Vision & Pattern Recognition,"thema_UYQV,thema_UYQP",10430
bisac_COM017000,COM017000,COM,COMPUTERS / Cybernetics,thema_GPFC,10440
bisac_COM018000,COM018000,COM,COMPUTERS / Data Science / General,"thema_UNC,thema_GPH",10450
bisac_COM019000,COM019000,COM,COMPUTERS / System Administration / Backup & Recovery,thema_UTFB,10460
bisac_COM020020,COM020020,COM,COMPUTERS / System Administration / Email Servers,thema_UTM,10470
bisac_COM021000,COM021000,COM,COMPUTERS / Database Administration & Management,thema_UN,10480
bisac_COM021030,COM021030,COM,COMPUTERS / Data Science / Data Analytics,thema_UNC,10490
bisac_COM021040,COM021040,COM,COMPUTERS / Data Science / Data Warehousing,thema_UND,10500
bisac_COM023000,COM023000,COM,COMPUTERS / Educational Software,"thema_UB,thema_JNV",10510
bisac_COM025000,COM025000,COM,COMPUTERS / Artificial Intelligence / Expert Systems,thema_UYQE,10520
bisac_COM027000,COM027000,COM,COMPUTERS / Business & Productivity Software / Accounting & Finance,thema_UFK,10530
bisac_COM030000,COM030000,COM,COMPUTERS / System Administration / Storage & Retrieval,"thema_UTE,thema_UKS",10540
bisac_COM031000,COM031000,COM,COMPUTERS / Information Theory,"thema_UYZM,thema_GPF",10550
bisac_COM032000,COM032000,COM,COMPUTERS / Information Technology,thema_UB,10560
bisac_COM034000,COM034000,COM,COMPUTERS / Interactive & Multimedia,thema_UG,10570
bisac_COM036000,COM036000,COM,COMPUTERS / Logic Design,thema_UYF,10580
bisac_COM037000,COM037000,COM,COMPUTERS / Machine Theory,"thema_UYA,thema_UYQM",10590
bisac_COM038000,COM038000,COM,COMPUTERS / Hardware / Mainframes & Minicomputers,thema_UKD,10600
bisac_COM039000,COM039000,COM,COMPUTERS / Management Information Systems,"thema_UFL,thema_KJ",10610
bisac_COM041000,COM041000,COM,COMPUTERS / Hardware / Chips & Processors,thema_TJFD,10620
bisac_COM042000,COM042000,COM,COMPUTERS / Artificial Intelligence / Natural Language Processing,thema_UYQL,10630
bisac_COM043000,COM043000,COM,COMPUTERS / Networking / General,thema_UT,10640
bisac_COM043020,COM043020,COM,COMPUTERS / Networking / Local Area Networks (LANs),thema_UT,10650
bisac_COM043040,COM043040,COM,COMPUTERS / Networking / Network Protocols,thema_UTP,10660
bisac_COM043050,COM043050,COM,COMPUTERS / Security / Network Security,thema_UTN,10670
bisac_COM044000,COM044000,COM,COMPUTERS / Data Science / Neural Networks,thema_UYQN,10680
bisac_COM046000,COM046000,COM,COMPUTERS / Operating Systems / General,thema_UL,10690
bisac_COM046020,COM046020,COM,COMPUTERS / Operating Systems / Mac OS,thema_ULH,10700
bisac_COM046030,COM046030,COM,COMPUTERS / Operating Systems / UNIX,thema_ULJ,10710
bisac_COM046040,COM046040,COM,COMPUTERS / Operating Systems / Windows Desktop,thema_ULD,10720
bisac_COM046050,COM046050,COM,COMPUTERS / Operating Systems / Windows Server,thema_ULD,10730
bisac_COM046070,COM046070,COM,COMPUTERS / Operating Systems / Linux,thema_ULJL,10740
bisac_COM046080,COM046080,COM,COMPUTERS / Operating Systems / Mainframe & Midrange,thema_ULQ,10750
bisac_COM046090,COM046090,COM,COMPUTERS / System Administration / Virtualization & Containerization,thema_UTV,10760
bisac_COM046100,COM046100,COM,COMPUTERS / Operating Systems / Android,thema_ULP,10770
bisac_COM046110,COM046110,COM,COMPUTERS / Operating Systems / iOS,"thema_ULH,thema_ULP",10780
bisac_COM047000,COM047000,COM,COMPUTERS / Optical Data Processing,thema_UYQV,10790
bisac_COM048000,COM048000,COM,COMPUTERS / Distributed Systems / General,thema_UTR,10800
bisac_COM049000,COM049000,COM,"COMPUTERS / Hardware / Printers, Scanners & External Accessories",thema_UKS,10810
bisac_COM050000,COM050000,COM,COMPUTERS / Hardware / Personal Computers / General,thema_UKP,10820
bisac_COM050010,COM050010,COM,COMPUTERS / Hardware / Personal Computers / PCs,thema_UKPC,10830
bisac_COM050020,COM050020,COM,COMPUTERS / Hardware / Personal Computers / Macintosh,thema_UKPM,10840
bisac_COM051000,COM051000,COM,COMPUTERS / Programming / General,thema_UM,10850
bisac_COM051010,COM051010,COM,COMPUTERS / Languages / General,thema_UMX,10860
bisac_COM051040,COM051040,COM,COMPUTERS / Languages / Assembly Language,thema_UYFL,10870
bisac_COM051060,COM051060,COM,COMPUTERS / Languages / C,thema_UMX,10880
bisac_COM051070,COM051070,COM,COMPUTERS / Languages / C++,thema_UMX,10890
bisac_COM051170,COM051170,COM,COMPUTERS / Languages / SQL,thema_UMT,10900
bisac_COM051200,COM051200,COM,COMPUTERS / Languages / Visual BASIC,thema_UMP,10910
bisac_COM051210,COM051210,COM,COMPUTERS / Programming / Object Oriented,thema_UMN,10920
bisac_COM051220,COM051220,COM,COMPUTERS / Programming / Parallel,thema_UYFP,10930
bisac_COM051230,COM051230,COM,COMPUTERS / Software Development & Engineering / General,thema_UM,10940
bisac_COM051240,COM051240,COM,COMPUTERS / Software Development & Engineering / Systems Analysis & Design,thema_UYD,10950
bisac_COM051260,COM051260,COM,COMPUTERS / Languages / JavaScript,thema_UMW,10960
bisac_COM051270,COM051270,COM,COMPUTERS / Languages / HTML,thema_UMW,10970
bisac_COM051280,COM051280,COM,COMPUTERS / Languages / Java,thema_UMX,10980
bisac_COM051300,COM051300,COM,COMPUTERS / Programming / Algorithms,thema_UMB,10990
bisac_COM051310,COM051310,COM,COMPUTERS / Languages / C#,thema_UMPN,11000
bisac_COM051320,COM051320,COM,COMPUTERS / Languages / XML,thema_UMT,11010
bisac_COM051330,COM051330,COM,COMPUTERS / Software Development & Engineering / Quality Assurance & Testing,thema_UMZT,11020
bisac_COM051350,COM051350,COM,COMPUTERS / Languages / Perl,thema_UMX,11030
bisac_COM051360,COM051360,COM,COMPUTERS / Languages / Python,thema_UMX,11040
bisac_COM051370,COM051370,COM,COMPUTERS / Programming / Macintosh,thema_UMQ,11050
bisac_COM051380,COM051380,COM,COMPUTERS / Programming / Microsoft,thema_UMP,11060
bisac_COM051390,COM051390,COM,COMPUTERS / Programming / Open Source,thema_UM,11070
bisac_COM051400,COM051400,COM,COMPUTERS / Languages / PHP,thema_UMX,11080
bisac_COM051410,COM051410,COM,COMPUTERS / Languages / Ruby,thema_UMX,11090
bisac_COM051430,COM051430,COM,COMPUTERS / Software Development & Engineering / Project Management,"thema_UM,thema_KJMP",11100
bisac_COM051440,COM051440,COM,COMPUTERS / Software Development & Engineering / Tools,thema_UM,11110
bisac_COM051450,COM051450,COM,COMPUTERS / Languages / UML,thema_UMZL,11120
bisac_COM051460,COM051460,COM,COMPUTERS / Programming / Mobile Devices,thema_UMS,11130
bisac_COM051470,COM051470,COM,COMPUTERS / Languages / .NET,thema_UMPN,11140
bisac_COM051480,COM051480,COM,COMPUTERS / Languages / JSON,thema_UMW,11150
bisac_COM052000,COM052000,COM,COMPUTERS / Reference,"thema_UB,thema_GBC",11160
bisac_COM053000,COM053000,COM,COMPUTERS / Security / General,thema_UR,11170
bisac_COM054000,COM054000,COM,COMPUTERS / Business & Productivity Software / Spreadsheets,thema_UFC,11180
bisac_COM055000,COM055000,COM,COMPUTERS / Certification Guides / General,thema_UQ,11190
bisac_COM055010,COM055010,COM,COMPUTERS / Certification Guides / CompTIA (incl. A+),thema_UQR,11200
bisac_COM055020,COM055020,COM,COMPUTERS / Certification Guides / Microsoft,thema_UQF,11210
bisac_COM055030,COM055030,COM,COMPUTERS / Certification Guides / Cisco,thema_UQJ,11220
bisac_COM055040,COM055040,COM,COMPUTERS / Certification Guides / Oracle,"thema_UQ,thema_UNS",11230
bisac_COM057000,COM057000,COM,COMPUTERS / Virtual & Augmented Reality,"thema_UYV,thema_UYW",11240
bisac_COM058000,COM058000,COM,COMPUTERS / Business & Productivity Software / Word Processing,thema_UFD,11250
bisac_COM059000,COM059000,COM,COMPUTERS / Computer Engineering,"thema_UY,thema_TJF",11260
bisac_COM060000,COM060000,COM,COMPUTERS / Internet / General,thema_UBW,11270
bisac_COM060010,COM060010,COM,COMPUTERS / Internet / Web Browsers,thema_UDBR,11280
bisac_COM060030,COM060030,COM,COMPUTERS / Networking / Intranets & Extranets,thema_UT,11290
bisac_COM060040,COM060040,COM,COMPUTERS / Internet / Online Safety & Privacy,"thema_UDD,thema_URD",11300
bisac_COM060100,COM060100,COM,COMPUTERS / Internet / Blogging,thema_UDBS,11310
bisac_COM060110,COM060110,COM,COMPUTERS / Internet / Podcasting & Webcasting,thema_UDBS,11320
bisac_COM060120,COM060120,COM,COMPUTERS / Internet / Search Engines,thema_UDBD,11330
bisac_COM060130,COM060130,COM,COMPUTERS / Internet / Web Design,thema_UGB,11340
bisac_COM060140,COM060140,COM,COMPUTERS / Internet / Social Media,thema_UDBS,11350
bisac_COM060150,COM060150,COM,COMPUTERS / Internet / User-Generated Content,thema_UD,11360
bisac_COM060160,COM060160,COM,COMPUTERS / Internet / Web Programming,thema_UMW,11370
bisac_COM060170,COM060170,COM,COMPUTERS / Internet / Content Management Systems,"thema_UFL,thema_KJMV3",11380
bisac_COM060180,COM060180,COM,COMPUTERS / Internet / Web Services & APIs,thema_UMWS,11390
bisac_COM061000,COM061000,COM,COMPUTERS / Distributed Systems / Client-Server Computing,thema_UTD,11400
bisac_COM062000,COM062000,COM,COMPUTERS / Data Science / Data Modeling & Design,"thema_UNA,thema_UYZM",11410
bisac_COM063000,COM063000,COM,COMPUTERS / Document Management,"thema_UF,thema_KJMV3",11420
bisac_COM064000,COM064000,COM,COMPUTERS / Electronic Commerce (see also headings under BUSINESS & ECONOMICS / E-Commerce),thema_KJE,11430
bisac_COM066000,COM066000,COM,COMPUTERS / Business & Productivity Software / Collaboration,thema_UFS,11440
bisac_COM067000,COM067000,COM,COMPUTERS / Hardware / General,thema_UK,11450
bisac_COM070000,COM070000,COM,COMPUTERS / User Interfaces,thema_UYZG,11460
bisac_COM071000,COM071000,COM,"COMPUTERS / Design, Graphics & Media / Video & Animation","thema_UGV,thema_UGN",11470
bisac_COM072000,COM072000,COM,COMPUTERS / Computer Simulation,thema_UYM,11480
bisac_COM073000,COM073000,COM,COMPUTERS / Speech & Audio Processing,"thema_UYQS,thema_UYU",11490
bisac_COM074000,COM074000,COM,COMPUTERS / Hardware / Cell Phones & Devices,"thema_UDT,thema_UDH",11500
bisac_COM075000,COM075000,COM,COMPUTERS / Networking / Hardware,"thema_UKN,thema_UK",11510
bisac_COM077000,COM077000,COM,COMPUTERS / Mathematical & Statistical Software,thema_UFM,11520
bisac_COM078000,COM078000,COM,COMPUTERS / Business & Productivity Software / Presentations,thema_UFG,11530
bisac_COM079000,COM079000,COM,COMPUTERS / Social Aspects,thema_UBJ,11540
bisac_COM079010,COM079010,COM,COMPUTERS / Human-Computer Interaction (HCI),thema_UYZ,11550
bisac_COM080000,COM080000,COM,COMPUTERS / History,"thema_UBB,thema_TBX",11560
bisac_COM081000,COM081000,COM,COMPUTERS / Business & Productivity Software / Project Management Tools,thema_UFP,11570
bisac_COM083000,COM083000,COM,COMPUTERS / Security / Cryptography & Encryption,"thema_URY,thema_GPJ",11580
bisac_COM084010,COM084010,COM,COMPUTERS / Business & Productivity Software / Databases,thema_UNS,11590
bisac_COM084020,COM084020,COM,COMPUTERS / Business & Productivity Software / Email Clients,thema_UDF,11600
bisac_COM084030,COM084030,COM,COMPUTERS / Business & Productivity Software / Office Suites,thema_UFB,11610
bisac_COM085000,COM085000,COM,COMPUTERS / Documentation & Technical Writing,"thema_UB,thema_CBW",11620
bisac_COM087000,COM087000,COM,"COMPUTERS / Design, Graphics & Media / General",thema_UG,11630
bisac_COM087010,COM087010,COM,"COMPUTERS / Design, Graphics & Media / Audio","thema_UGM,thema_UYU",11640
bisac_COM087020,COM087020,COM,"COMPUTERS / Design, Graphics & Media / Graphics Tools",thema_UGL,11650
bisac_COM087030,COM087030,COM,"COMPUTERS / Design, Graphics & Media / Photography (see also PHOTOGRAPHY / Techniques / Digital)","thema_UGP,thema_UDP",11660
bisac_COM088000,COM088000,COM,COMPUTERS / System Administration / General,thema_UTE,11670
bisac_COM088010,COM088010,COM,COMPUTERS / System Administration / Linux & UNIX Administration,"thema_UTE,thema_ULJL",11680
bisac_COM088020,COM088020,COM,COMPUTERS / System Administration / Windows Administration,"thema_UTE,thema_ULD",11690
bisac_COM089000,COM089000,COM,COMPUTERS / Data Science / Data Visualization,"thema_UYZF,thema_UNC",11700
bisac_COM090000,COM090000,COM,COMPUTERS / Hardware / Tablets,thema_UDH,11710
bisac_COM091000,COM091000,COM,COMPUTERS / Distributed Systems / Cloud Computing,thema_UTC,11720
bisac_COM092000,COM092000,COM,COMPUTERS / Embedded Computer Systems,thema_UKM,11730
bisac_COM093000,COM093000,COM,COMPUTERS / Blockchain,thema_UNKD,11740
bisac_COM094000,COM094000,COM,COMPUTERS / Data Science / Machine Learning,thema_UYQM,11750
bisac_COM095000,COM095000,COM,COMPUTERS / Internet of Things (IoT),thema_UKL,11760
bisac_COM096000,COM096000,COM,COMPUTERS / Parallel Processing,thema_UYFP,11770
bisac_COM097000,COM097000,COM,COMPUTERS / Quantum Computing,thema_UYX,11780
bisac_COM098000,COM098000,COM,COMPUTERS / Voice Search & Digital Assistants,thema_UDY,11790
bisac_COM099000,COM099000,COM,COMPUTERS / Forensics,"thema_UTFB,thema_JKVF1",11800
bisac_COM100000,COM100000,COM,COMPUTERS / Artificial Intelligence / Generative AI,thema_UYQF,11810
bisac_CRA000000,CRA000000,CRA,CRAFTS & HOBBIES / General,thema_WF,11820
bisac_CRA001000,CRA001000,CRA,CRAFTS & HOBBIES / Applique,thema_WFBQ,11830
bisac_CRA002000,CRA002000,CRA,CRAFTS & HOBBIES / Baskets,thema_WFL,11840
bisac_CRA003000,CRA003000,CRA,CRAFTS & HOBBIES / Carving,thema_WFS,11850
bisac_CRA004000,CRA004000,CRA,CRAFTS & HOBBIES / Needlework / Crocheting,thema_WFBS2,11860
bisac_CRA005000,CRA005000,CRA,CRAFTS & HOBBIES / Decorating,thema_WJK,11870
bisac_CRA006000,CRA006000,CRA,CRAFTS & HOBBIES / Dough,thema_WFS,11880
bisac_CRA007000,CRA007000,CRA,CRAFTS & HOBBIES / Dye,thema_WFBV,11890
bisac_CRA008000,CRA008000,CRA,CRAFTS & HOBBIES / Needlework / Embroidery,thema_WFBC,11900
bisac_CRA009000,CRA009000,CRA,CRAFTS & HOBBIES / Fashion,"thema_WFB,thema_WJF",11910
bisac_CRA010000,CRA010000,CRA,CRAFTS & HOBBIES / Flower Arranging,thema_WFW,11920
bisac_CRA011000,CRA011000,CRA,CRAFTS & HOBBIES / Framing,thema_WFQ,11930
bisac_CRA012000,CRA012000,CRA,CRAFTS & HOBBIES / Glass & Glassware,thema_WFN,11940
bisac_CRA014000,CRA014000,CRA,CRAFTS & HOBBIES / Jewelry,thema_WFJ,11950
bisac_CRA015000,CRA015000,CRA,CRAFTS & HOBBIES / Needlework / Knitting,thema_WFBS1,11960
bisac_CRA016000,CRA016000,CRA,CRAFTS & HOBBIES / Needlework / Lace & Tatting,thema_WFBL,11970
bisac_CRA017000,CRA017000,CRA,CRAFTS & HOBBIES / Metal Work,thema_WFP,11980
bisac_CRA018000,CRA018000,CRA,CRAFTS & HOBBIES / Miniatures,"thema_WDH,thema_WFH",11990
bisac_CRA020000,CRA020000,CRA,CRAFTS & HOBBIES / Models,"thema_WDHB,thema_WFH",12000
bisac_CRA021000,CRA021000,CRA,CRAFTS & HOBBIES / Needlework / Needlepoint,thema_WFBC,12010
bisac_CRA022000,CRA022000,CRA,CRAFTS & HOBBIES / Needlework / General,thema_WFB,12020
bisac_CRA023000,CRA023000,CRA,CRAFTS & HOBBIES / Origami,thema_WFTM,12030
bisac_CRA024000,CRA024000,CRA,CRAFTS & HOBBIES / Painting,thema_WFA,12040
bisac_CRA025000,CRA025000,CRA,CRAFTS & HOBBIES / Papercrafts,thema_WFT,12050
bisac_CRA026000,CRA026000,CRA,CRAFTS & HOBBIES / Patchwork,thema_WFBQ,12060
bisac_CRA027000,CRA027000,CRA,CRAFTS & HOBBIES / Potpourri & Fragrances,"thema_WFW,thema_WJJ",12070
bisac_CRA028000,CRA028000,CRA,CRAFTS & HOBBIES / Pottery & Ceramics,thema_WFN,12080
bisac_CRA029000,CRA029000,CRA,CRAFTS & HOBBIES / Printmaking & Stamping,"thema_AFH,thema_WFA",12090
bisac_CRA030000,CRA030000,CRA,CRAFTS & HOBBIES / Puppets & Puppetry,"thema_WFH,thema_ATXM",12100
bisac_CRA031000,CRA031000,CRA,CRAFTS & HOBBIES / Quilts & Quilting,thema_WFBQ,12110
bisac_CRA032000,CRA032000,CRA,CRAFTS & HOBBIES / Reference,"thema_WF,thema_GBC",12120
bisac_CRA033000,CRA033000,CRA,CRAFTS & HOBBIES / Rugs,thema_WFF,12130
bisac_CRA034000,CRA034000,CRA,CRAFTS & HOBBIES / Holiday & Seasonal,thema_WF,12140
bisac_CRA035000,CRA035000,CRA,CRAFTS & HOBBIES / Sewing,thema_WFBW,12150
bisac_CRA036000,CRA036000,CRA,CRAFTS & HOBBIES / Stenciling,thema_WFA,12160
bisac_CRA037000,CRA037000,CRA,CRAFTS & HOBBIES / Stuffed Animals,"thema_WFH,thema_WFB",12170
bisac_CRA039000,CRA039000,CRA,CRAFTS & HOBBIES / Toymaking,thema_WFH,12180
bisac_CRA040000,CRA040000,CRA,CRAFTS & HOBBIES / Weaving & Spinning,thema_WFG,12190
bisac_CRA041000,CRA041000,CRA,CRAFTS & HOBBIES / Wood Toys,"thema_WFH,thema_WFQ",12200
bisac_CRA042000,CRA042000,CRA,CRAFTS & HOBBIES / Woodwork,thema_WFQ,12210
bisac_CRA043000,CRA043000,CRA,CRAFTS & HOBBIES / Crafts for Children,thema_WF,12220
bisac_CRA044000,CRA044000,CRA,CRAFTS & HOBBIES / Needlework / Cross-Stitch,thema_WFBC,12230
bisac_CRA045000,CRA045000,CRA,CRAFTS & HOBBIES / Model Railroading,thema_WDHM,12240
bisac_CRA046000,CRA046000,CRA,CRAFTS & HOBBIES / Book Printing & Binding,thema_WFT,12250
bisac_CRA047000,CRA047000,CRA,CRAFTS & HOBBIES / Folkcrafts,thema_WFV,12260
bisac_CRA048000,CRA048000,CRA,CRAFTS & HOBBIES / Beadwork,thema_WFJ,12270
bisac_CRA049000,CRA049000,CRA,CRAFTS & HOBBIES / Candle Making,thema_WFS,12280
bisac_CRA050000,CRA050000,CRA,CRAFTS & HOBBIES / Leatherwork,thema_WFD,12290
bisac_CRA051000,CRA051000,CRA,CRAFTS & HOBBIES / Polymer Clay,thema_WFS,12300
bisac_CRA052000,CRA052000,CRA,CRAFTS & HOBBIES / Scrapbooking,thema_WFT,12310
bisac_CRA053000,CRA053000,CRA,CRAFTS & HOBBIES / Nature Crafts,thema_WF,12320
bisac_CRA054000,CRA054000,CRA,CRAFTS & HOBBIES / Mixed Media,thema_WF,12330
bisac_CRA055000,CRA055000,CRA,"CRAFTS & HOBBIES / Knots, Macrame & Rope Work",thema_WFC,12340
bisac_CRA056000,CRA056000,CRA,CRAFTS & HOBBIES / Dollhouses,thema_WFH,12350
bisac_CRA057000,CRA057000,CRA,CRAFTS & HOBBIES / Dolls & Doll Clothing,thema_WFH,12360
bisac_CRA058000,CRA058000,CRA,CRAFTS & HOBBIES / Ribbon Work,thema_WFB,12370
bisac_CRA059000,CRA059000,CRA,CRAFTS & HOBBIES / Wirework,thema_WFP,12380
bisac_CRA060000,CRA060000,CRA,CRAFTS & HOBBIES / Felting,thema_WFB,12390
bisac_CRA061000,CRA061000,CRA,CRAFTS & HOBBIES / Fiber Arts & Textiles,thema_WFB,12400
bisac_CRA062000,CRA062000,CRA,CRAFTS & HOBBIES / Furniture & Cabinetry,"thema_WFQ,thema_WKDW",12410
bisac_CRA063000,CRA063000,CRA,CRAFTS & HOBBIES / Upcycling & Repurposing,"thema_WF,thema_VSZD",12420
bisac_CRA064000,CRA064000,CRA,CRAFTS & HOBBIES / Soap Making,thema_WFS,12430
bisac_CRA065000,CRA065000,CRA,CRAFTS & HOBBIES / Taxidermy,thema_TTX,12440
bisac_CRA066000,CRA066000,CRA,CRAFTS & HOBBIES / Cosplay,"thema_WDH,thema_ATT",12450
bisac_CRA067000,CRA067000,CRA,CRAFTS & HOBBIES / Tape Crafts,thema_WF,12460
bisac_DES000000,DES000000,DES,DESIGN / General,thema_AK,12470
bisac_DES001000,DES001000,DES,DESIGN / Book,thema_AKH,12480
bisac_DES002000,DES002000,DES,DESIGN / Clip Art,thema_AK,12490
bisac_DES003000,DES003000,DES,DESIGN / Decorative Arts,thema_AFT,12500
bisac_DES004000,DES004000,DES,DESIGN / Essays,thema_AK,12510
bisac_DES005000,DES005000,DES,DESIGN / Fashion & Accessories,"thema_AKT,thema_AKTF",12520
bisac_DES006000,DES006000,DES,DESIGN / Furniture,thema_AKR,12530
bisac_DES007000,DES007000,DES,DESIGN / Graphic Arts / General,thema_AKC,12540
bisac_DES007010,DES007010,DES,DESIGN / Graphic Arts / Advertising,"thema_AKL,thema_KJSA",12550
bisac_DES007020,DES007020,DES,DESIGN / Graphic Arts / Branding & Logo Design,"thema_AKL,thema_KJSC",12560
bisac_DES007030,DES007030,DES,DESIGN / Graphic Arts / Commercial & Corporate,thema_AKL,12570
bisac_DES007040,DES007040,DES,DESIGN / Graphic Arts / Illustration,thema_AKLB,12580
bisac_DES007050,DES007050,DES,DESIGN / Graphic Arts / Typography,thema_AKD,12590
bisac_DES008000,DES008000,DES,DESIGN / History & Criticism,thema_AKX,12600
bisac_DES009000,DES009000,DES,DESIGN / Industrial,thema_AKP,12610
bisac_DES011000,DES011000,DES,DESIGN / Product,thema_AKP,12620
bisac_DES012000,DES012000,DES,DESIGN / Reference,"thema_AK,thema_GBC",12630
bisac_DES013000,DES013000,DES,DESIGN / Textile & Costume,"thema_AKT,thema_AFW",12640
bisac_DES014000,DES014000,DES,DESIGN / Jewelry,thema_AFKG,12650
bisac_DES015000,DES015000,DES,DESIGN / Individual Designers,thema_AKB,12660
bisac_DES016000,DES016000,DES,DESIGN / Games,"thema_AKP,thema_WDM",12670
bisac_DRA000000,DRA000000,DRA,DRAMA / General,thema_DD,12680
bisac_DRA001000,DRA001000,DRA,DRAMA / American,thema_DD,12690
bisac_DRA001010,DRA001010,DRA,DRAMA / African American & Black,thema_DD,12700
bisac_DRA001020,DRA001020,DRA,DRAMA / Asian American & Pacific Islander,thema_DD,12710
bisac_DRA001030,DRA001030,DRA,DRAMA / Hispanic & Latino,thema_DD,12720
bisac_DRA002000,DRA002000,DRA,DRAMA / Anthologies (multiple authors),"thema_DD,thema_DNT",12730
bisac_DRA003000,DRA003000,DRA,"DRAMA / European / English, Irish, Scottish, Welsh",thema_DD,12740
bisac_DRA004000,DRA004000,DRA,DRAMA / European / General,thema_DD,12750
bisac_DRA004010,DRA004010,DRA,DRAMA / European / French,thema_DD,12760
bisac_DRA004020,DRA004020,DRA,DRAMA / European / German,thema_DD,12770
bisac_DRA004030,DRA004030,DRA,DRAMA / European / Italian,thema_DD,12780
bisac_DRA004040,DRA004040,DRA,DRAMA / European / Spanish & Portuguese,thema_DD,12790
bisac_DRA004050,DRA004050,DRA,DRAMA / European / Eastern,thema_DD,12800
bisac_DRA005000,DRA005000,DRA,DRAMA / Asian / General,thema_DD,12810
bisac_DRA005010,DRA005010,DRA,DRAMA / Asian / Japanese,thema_DD,12820
bisac_DRA005020,DRA005020,DRA,DRAMA / Asian / Indian & South Asian,thema_DD,12830
bisac_DRA006000,DRA006000,DRA,DRAMA / Ancient & Classical,thema_DDA,12840
bisac_DRA008000,DRA008000,DRA,DRAMA / Type / Religious & Liturgical,"thema_DD,thema_QRA",12850
bisac_DRA010000,DRA010000,DRA,DRAMA / Shakespeare,thema_DDA,12860
bisac_DRA011000,DRA011000,DRA,DRAMA / African,thema_DD,12870
bisac_DRA012000,DRA012000,DRA,DRAMA / Australian & Oceanian,thema_DD,12880
bisac_DRA013000,DRA013000,DRA,DRAMA / Canadian,thema_DD,12890
bisac_DRA014000,DRA014000,DRA,DRAMA / Caribbean & Latin American,thema_DD,12900
bisac_DRA015000,DRA015000,DRA,DRAMA / Middle Eastern,thema_DD,12910
bisac_DRA016000,DRA016000,DRA,DRAMA / Russian & Soviet,thema_DD,12920
bisac_DRA017000,DRA017000,DRA,DRAMA / LGBTQ+,thema_DD,12930
bisac_DRA018000,DRA018000,DRA,DRAMA / Medieval,thema_DDA,12940
bisac_DRA019000,DRA019000,DRA,DRAMA / Women Authors,thema_DD,12950
bisac_DRA020000,DRA020000,DRA,DRAMA / Indigenous,thema_DD,12960
bisac_DRA021000,DRA021000,DRA,DRAMA / Contemporary,thema_DDC,12970
bisac_DRA022000,DRA022000,DRA,DRAMA / Indigenous Peoples of Turtle Island,thema_DD,12980
bisac_DRA023000,DRA023000,DRA,DRAMA / Native American,thema_DD,12990
bisac_DRA024000,DRA024000,DRA,DRAMA / Type / Comedy,thema_DDL,13000
bisac_DRA025000,DRA025000,DRA,DRAMA / Type / Historical,"thema_DD,thema_NH",13010
bisac_DRA026000,DRA026000,DRA,DRAMA / Type / Tragedy,thema_DDT,13020
bisac_DRA027000,DRA027000,DRA,DRAMA / Type / Tragicomedy,"thema_DDT,thema_DDL",13030
bisac_DRA028000,DRA028000,DRA,DRAMA / Jewish,thema_DD,13040
bisac_DRA029000,DRA029000,DRA,DRAMA / Adaptations,thema_DD,13050
bisac_DRA030000,DRA030000,DRA,DRAMA / Avant Garde & Experimental,thema_DD,13060
bisac_DRA031000,DRA031000,DRA,DRAMA / Devised Theatre & Collective Creation,thema_DD,13070
bisac_DRA032000,DRA032000,DRA,DRAMA / Disability Theater,thema_DD,13080
bisac_DRA033000,DRA033000,DRA,DRAMA / Interactive & Participatory Theater,thema_DD,13090
bisac_DRA034000,DRA034000,DRA,DRAMA / Monologues & Scenes,thema_DDV,13100
bisac_DRA035000,DRA035000,DRA,DRAMA / One Act,thema_DD,13110
bisac_DRA036000,DRA036000,DRA,DRAMA / Puppets & Puppetry,"thema_DD,thema_ATXM",13120
bisac_DRA037000,DRA037000,DRA,DRAMA / Solo Shows,thema_DD,13130
bisac_DRA038000,DRA038000,DRA,DRAMA / Subjects & Themes / General,"thema_DD,thema_FX",13140
bisac_DRA038010,DRA038010,DRA,DRAMA / Subjects & Themes / Adolescence & Coming of Age,"thema_DD,thema_FXB",13150
bisac_DRA038020,DRA038020,DRA,DRAMA / Subjects & Themes / Biography & Autobiography,"thema_DD,thema_FX",13160
bisac_DRA038030,DRA038030,DRA,"DRAMA / Subjects & Themes / Death, Grief, Loss","thema_DD,thema_FXL",13170
bisac_DRA038040,DRA038040,DRA,DRAMA / Subjects & Themes / Diversity & Multicultural,"thema_DD,thema_FXT",13180
bisac_DRA038050,DRA038050,DRA,DRAMA / Subjects & Themes / Immigration & Emigration,"thema_DD,thema_FXQ",13190
bisac_DRA038060,DRA038060,DRA,DRAMA / Subjects & Themes / Environment,"thema_DD,thema_FXE",13200
bisac_DRA038070,DRA038070,DRA,DRAMA / Subjects & Themes / Family,"thema_DD,thema_FXD",13210
bisac_DRA038080,DRA038080,DRA,DRAMA / Subjects & Themes / Feminist,"thema_DD,thema_FX",13220
bisac_DRA038090,DRA038090,DRA,DRAMA / Subjects & Themes / Horror,"thema_DD,thema_FK",13230
bisac_DRA038100,DRA038100,DRA,DRAMA / Subjects & Themes / Places,"thema_DD,thema_FXR",13240
bisac_DRA038110,DRA038110,DRA,DRAMA / Subjects & Themes / Political & Protest,"thema_DD,thema_FXP",13250
bisac_DRA038120,DRA038120,DRA,DRAMA / Subjects & Themes / Romance & Erotica,"thema_DD,thema_FXD",13260
bisac_DRA038130,DRA038130,DRA,DRAMA / Subjects & Themes / Science,"thema_DD,thema_FX",13270
bisac_DRA038140,DRA038140,DRA,DRAMA / Subjects & Themes / Small Town & Rural,"thema_DD,thema_FXR",13280
bisac_DRA038150,DRA038150,DRA,DRAMA / Subjects & Themes / War,"thema_DD,thema_FXF",13290
bisac_DRA039000,DRA039000,DRA,DRAMA / Theater for Young Audiences,"thema_DD,thema_YNDS",13300
bisac_DRA040000,DRA040000,DRA,DRAMA / Type / Musicals,"thema_DD,thema_AVLM",13310
bisac_DRA041000,DRA041000,DRA,DRAMA / Verbatim Theater,thema_DD,13320
bisac_EDU000000,EDU000000,EDU,EDUCATION / General,thema_JN,13330
bisac_EDU001000,EDU001000,EDU,EDUCATION / Administration / General,thema_JNK,13340
bisac_EDU001010,EDU001010,EDU,EDUCATION / Administration / Facility Management,thema_JNK,13350
bisac_EDU001020,EDU001020,EDU,EDUCATION / Administration / Elementary & Secondary,"thema_JNK,thema_JNLB",13360
bisac_EDU001030,EDU001030,EDU,EDUCATION / Administration / Higher,"thema_JNK,thema_JNM",13370
bisac_EDU001040,EDU001040,EDU,EDUCATION / Administration / School Superintendents & Principals,thema_JNK,13380
bisac_EDU002000,EDU002000,EDU,EDUCATION / Adult & Continuing Education,thema_JNP,13390
bisac_EDU003000,EDU003000,EDU,EDUCATION / Aims & Objectives,thema_JNF,13400
bisac_EDU005000,EDU005000,EDU,EDUCATION / Bilingual Education,thema_JNSV,13410
bisac_EDU006000,EDU006000,EDU,EDUCATION / Counseling / General,thema_JNFC,13420
bisac_EDU007000,EDU007000,EDU,EDUCATION / Curricula,thema_JNDG,13430
bisac_EDU008000,EDU008000,EDU,EDUCATION / Decision-Making & Problem Solving,"thema_JN,thema_GPQ",13440
bisac_EDU009000,EDU009000,EDU,EDUCATION / Educational Psychology,thema_JNC,13450
bisac_EDU010000,EDU010000,EDU,EDUCATION / Schools / Levels / Elementary,thema_JNLB,13460
bisac_EDU011000,EDU011000,EDU,EDUCATION / Evaluation & Assessment,thema_JNDH,13470
bisac_EDU013000,EDU013000,EDU,EDUCATION / Finance,thema_JNKG,13480
bisac_EDU014000,EDU014000,EDU,EDUCATION / Counseling / Academic Development,thema_JNFC,13490
bisac_EDU015000,EDU015000,EDU,EDUCATION / Schools / Levels / Higher,thema_JNM,13500
bisac_EDU016000,EDU016000,EDU,EDUCATION / History,thema_JNB,13510
bisac_EDU017000,EDU017000,EDU,EDUCATION / Home Schooling,thema_JNH,13520
bisac_EDU018000,EDU018000,EDU,EDUCATION / Language Experience Approach,thema_JNT,13530
bisac_EDU020000,EDU020000,EDU,EDUCATION / Multicultural Education,"thema_JNF,thema_JBSL1",13540
bisac_EDU021000,EDU021000,EDU,EDUCATION / Non-Formal Education,thema_JND,13550
bisac_EDU022000,EDU022000,EDU,EDUCATION / Parent Participation,thema_JNFN,13560
bisac_EDU023000,EDU023000,EDU,EDUCATION / Schools / Levels / Early Childhood (incl. Preschool & Kindergarten),"thema_JNLA,thema_JNG",13570
bisac_EDU024000,EDU024000,EDU,EDUCATION / Reference,"thema_JN,thema_GBC",13580
bisac_EDU025000,EDU025000,EDU,EDUCATION / Schools / Levels / Secondary,thema_JNLC,13590
bisac_EDU026000,EDU026000,EDU,EDUCATION / Special Education / General,thema_JNS,13600
bisac_EDU026010,EDU026010,EDU,EDUCATION / Special Education / Communicative Disorders,thema_JNS,13610
bisac_EDU026020,EDU026020,EDU,EDUCATION / Special Education / Learning Disabilities,thema_JNSG,13620
bisac_EDU026030,EDU026030,EDU,EDUCATION / Special Education / Developmental & Intellectual Disabilities,thema_JNS,13630
bisac_EDU026040,EDU026040,EDU,EDUCATION / Special Education / Physical Disabilities,thema_JNSC,13640
bisac_EDU026050,EDU026050,EDU,"EDUCATION / Special Education / Behavioral, Emotional & Social Disabilities",thema_JNSL,13650
bisac_EDU026060,EDU026060,EDU,EDUCATION / Special Education / Gifted,thema_JNSP,13660
bisac_EDU027000,EDU027000,EDU,EDUCATION / Statistics,"thema_JN,thema_JHBC",13670
bisac_EDU029000,EDU029000,EDU,EDUCATION / Teaching / General,thema_JNT,13680
bisac_EDU029010,EDU029010,EDU,EDUCATION / Teaching / Subjects / Mathematics,"thema_JNTS,thema_YPMF",13690
bisac_EDU029020,EDU029020,EDU,EDUCATION / Teaching / Subjects / Reading & Phonics,"thema_JNTS,thema_YPCA24",13700
bisac_EDU029030,EDU029030,EDU,EDUCATION / Teaching / Subjects / Science & Technology,"thema_JNU,thema_YPMP",13710
bisac_EDU029040,EDU029040,EDU,EDUCATION / Teaching / Subjects / Social Science,"thema_JNU,thema_YPJJ",13720
bisac_EDU029050,EDU029050,EDU,EDUCATION / Teaching / Subjects / Arts & Humanities,"thema_JNU,thema_YPA",13730
bisac_EDU029060,EDU029060,EDU,EDUCATION / Teaching / Subjects / Library Skills & Information Literacy,"thema_JNU,thema_YPWL2",13740
bisac_EDU029070,EDU029070,EDU,EDUCATION / Teaching / Subjects / Health & Sexuality,"thema_JNU,thema_YPJJ6",13750
bisac_EDU029080,EDU029080,EDU,EDUCATION / Teaching / Subjects / Language Arts,"thema_JNTS,thema_YPC",13760
bisac_EDU029090,EDU029090,EDU,EDUCATION / Teaching / Materials & Devices,thema_JNUM,13770
bisac_EDU029100,EDU029100,EDU,EDUCATION / Teaching / Methods & Strategies / General,thema_JNT,13780
bisac_EDU029110,EDU029110,EDU,EDUCATION / Teaching / Subjects / General,thema_JNU,13790
bisac_EDU030000,EDU030000,EDU,EDUCATION / Testing & Measurement,thema_JNDH,13800
bisac_EDU031000,EDU031000,EDU,EDUCATION / Counseling / Career Development,thema_JNR,13810
bisac_EDU032000,EDU032000,EDU,EDUCATION / Leadership,thema_JNF,13820
bisac_EDU033000,EDU033000,EDU,EDUCATION / Teaching / Subjects / Physical Education,"thema_JNU,thema_YPWF",13830
bisac_EDU034000,EDU034000,EDU,EDUCATION / Educational Policy & Reform / General,thema_JNF,13840
bisac_EDU034010,EDU034010,EDU,EDUCATION / Educational Policy & Reform / School Safety,thema_JNF,13850
bisac_EDU034020,EDU034020,EDU,EDUCATION / Schools / Types / Charter,thema_JNLP,13860
bisac_EDU034030,EDU034030,EDU,EDUCATION / Educational Policy & Reform / Federal Legislation,"thema_JNF,thema_JPQB",13870
bisac_EDU036000,EDU036000,EDU,EDUCATION / Organizations & Institutions,thema_JNK,13880
bisac_EDU037000,EDU037000,EDU,EDUCATION / Research,thema_JN,13890
bisac_EDU038000,EDU038000,EDU,EDUCATION / Student Life & Student Affairs,"thema_JNK,thema_VSKB",13900
bisac_EDU039000,EDU039000,EDU,EDUCATION / Computers & Technology,thema_JNV,13910
bisac_EDU040000,EDU040000,EDU,"EDUCATION / Philosophy, Theory & Social Aspects",thema_JNA,13920
bisac_EDU041000,EDU041000,EDU,"EDUCATION / Distance, Open & Online Education",thema_JNQ,13930
bisac_EDU042000,EDU042000,EDU,EDUCATION / Essays,thema_JN,13940
bisac_EDU043000,EDU043000,EDU,EDUCATION / Comparative,thema_JNDC,13950
bisac_EDU044000,EDU044000,EDU,EDUCATION / Classroom Management,thema_JNT,13960
bisac_EDU045000,EDU045000,EDU,EDUCATION / Counseling / Crisis Management,thema_JNFC,13970
bisac_EDU046000,EDU046000,EDU,EDUCATION / Professional Development,thema_JNMT,13980
bisac_EDU048000,EDU048000,EDU,EDUCATION / Inclusive Education,thema_JNFK,13990
bisac_EDU049000,EDU049000,EDU,EDUCATION / Behavioral Management,thema_JNT,14000
bisac_EDU050000,EDU050000,EDU,EDUCATION / Teaching / Methods & Strategies / Collaborative & Team Teaching,thema_JNT,14010
bisac_EDU051000,EDU051000,EDU,EDUCATION / Learning Styles,thema_JNC,14020
bisac_EDU052000,EDU052000,EDU,EDUCATION / Rural,"thema_JN,thema_JBSC",14030
bisac_EDU053000,EDU053000,EDU,EDUCATION / Teacher Training & Certification,thema_JNMT,14040
bisac_EDU054000,EDU054000,EDU,EDUCATION / Urban,"thema_JN,thema_JBSD",14050
bisac_EDU055000,EDU055000,EDU,EDUCATION / Violence & Harassment,"thema_JNF,thema_JBFK",14060
bisac_EDU056000,EDU056000,EDU,EDUCATION / Vocational & Technical,thema_JNRV,14070
bisac_EDU057000,EDU057000,EDU,EDUCATION / Arts in Education,"thema_JNDG,thema_YPA",14080
bisac_EDU058000,EDU058000,EDU,EDUCATION / Standards (incl. Common Core),thema_JNDG,14090
bisac_EDU059000,EDU059000,EDU,EDUCATION / Teacher & Student Mentoring,thema_JNT,14100
bisac_EDU060000,EDU060000,EDU,EDUCATION / Schools / General,thema_JNL,14110
bisac_EDU060010,EDU060010,EDU,EDUCATION / Schools / Levels / General,thema_JNL,14120
bisac_EDU060020,EDU060020,EDU,EDUCATION / Schools / Types / General,thema_JNL,14130
bisac_EDU060030,EDU060030,EDU,EDUCATION / Schools / Types / Private,thema_JNLP,14140
bisac_EDU060040,EDU060040,EDU,EDUCATION / Schools / Types / Public,thema_JNL,14150
bisac_EDU060050,EDU060050,EDU,EDUCATION / Schools / Types / Religious,thema_JNLR,14160
bisac_EDU060060,EDU060060,EDU,EDUCATION / Schools / Types / Historically Black Colleges & Universities (HBCUs) *,,14170
bisac_EDU061000,EDU061000,EDU,EDUCATION / Virtual & Hybrid,thema_JNQ,14180
bisac_EDU062000,EDU062000,EDU,EDUCATION / Cultural Pedagogies,"thema_JNE,thema_JNFK",14190
bisac_EDU063000,EDU063000,EDU,EDUCATION / Extracurricular Activities *,,14200
bisac_EDU064000,EDU064000,EDU,EDUCATION / Teaching / Methods & Strategies / Lesson Plans *,,14210
bisac_EDU065000,EDU065000,EDU,EDUCATION / Teaching / Methods & Strategies / Project-Based Learning *,,14220
bisac_FAM000000,FAM000000,FAM,FAMILY & RELATIONSHIPS / General,thema_VFV,14230
bisac_FAM001000,FAM001000,FAM,FAMILY & RELATIONSHIPS / Abuse / General,"thema_JBFK,thema_VFJM",14240
bisac_FAM001010,FAM001010,FAM,FAMILY & RELATIONSHIPS / Abuse / Child Abuse,"thema_JBFK1,thema_VFJM",14250
bisac_FAM001020,FAM001020,FAM,FAMILY & RELATIONSHIPS / Abuse / Elder Abuse,"thema_JBFK,thema_JBSP4",14260
bisac_FAM001030,FAM001030,FAM,FAMILY & RELATIONSHIPS / Abuse / Domestic Partner Abuse,"thema_JBFK3,thema_VFJM",14270
bisac_FAM002000,FAM002000,FAM,FAMILY & RELATIONSHIPS / Activities,thema_VF,14280
bisac_FAM003000,FAM003000,FAM,FAMILY & RELATIONSHIPS / Life Stages / Adolescence,"thema_VFXC1,thema_JBSP2",14290
bisac_FAM004000,FAM004000,FAM,FAMILY & RELATIONSHIPS / Adoption & Fostering,"thema_JKSF,thema_VFVK",14300
bisac_FAM005000,FAM005000,FAM,FAMILY & RELATIONSHIPS / Life Stages / Later Years,"thema_VFV,thema_VFJG",14310
bisac_FAM006000,FAM006000,FAM,FAMILY & RELATIONSHIPS / Alternative Family,thema_VFV,14320
bisac_FAM007000,FAM007000,FAM,FAMILY & RELATIONSHIPS / Anger (see also SELF-HELP / Self-Management / Anger Management),thema_VFJQ1,14330
bisac_FAM008000,FAM008000,FAM,FAMILY & RELATIONSHIPS / Baby Names,thema_VFXB1,14340
bisac_FAM012000,FAM012000,FAM,FAMILY & RELATIONSHIPS / Children with Special Needs,"thema_JBSP1,thema_JMC",14350
bisac_FAM013000,FAM013000,FAM,FAMILY & RELATIONSHIPS / Conflict Resolution,thema_VFV,14360
bisac_FAM014000,FAM014000,FAM,"FAMILY & RELATIONSHIPS / Death, Grief, Bereavement",thema_VFJX,14370
bisac_FAM015000,FAM015000,FAM,FAMILY & RELATIONSHIPS / Divorce & Separation,thema_VFVS,14380
bisac_FAM016000,FAM016000,FAM,FAMILY & RELATIONSHIPS / Education,thema_VFX,14390
bisac_FAM017000,FAM017000,FAM,FAMILY & RELATIONSHIPS / Eldercare,"thema_JKSG,thema_JBSP4",14400
bisac_FAM020000,FAM020000,FAM,FAMILY & RELATIONSHIPS / Parenting / Fatherhood,thema_VFX,14410
bisac_FAM021000,FAM021000,FAM,FAMILY & RELATIONSHIPS / Friendship,thema_VFVN,14420
bisac_FAM022000,FAM022000,FAM,FAMILY & RELATIONSHIPS / Parenting / Grandparenting,"thema_VFX,thema_VFVX",14430
bisac_FAM025000,FAM025000,FAM,FAMILY & RELATIONSHIPS / Life Stages / Infants & Toddlers,thema_VFXC,14440
bisac_FAM028000,FAM028000,FAM,FAMILY & RELATIONSHIPS / Learning Disabilities,thema_VFJR3,14450
bisac_FAM029000,FAM029000,FAM,FAMILY & RELATIONSHIPS / Love & Romance,thema_VFVG,14460
bisac_FAM030000,FAM030000,FAM,FAMILY & RELATIONSHIPS / Marriage & Long-Term Relationships,thema_VFVG,14470
bisac_FAM032000,FAM032000,FAM,FAMILY & RELATIONSHIPS / Parenting / Motherhood,thema_VFX,14480
bisac_FAM033000,FAM033000,FAM,FAMILY & RELATIONSHIPS / Parenting / Parent & Adult Child,"thema_VFX,thema_VFVX",14490
bisac_FAM034000,FAM034000,FAM,FAMILY & RELATIONSHIPS / Parenting / General,thema_VFX,14500
bisac_FAM034010,FAM034010,FAM,FAMILY & RELATIONSHIPS / Parenting / Single Parent,"thema_VFX,thema_VFVM",14510
bisac_FAM034020,FAM034020,FAM,FAMILY & RELATIONSHIPS / Parenting / Co-Parenting,"thema_VFX,thema_VFVS",14520
bisac_FAM035000,FAM035000,FAM,FAMILY & RELATIONSHIPS / Peer Pressure,thema_VFJN,14530
bisac_FAM037000,FAM037000,FAM,FAMILY & RELATIONSHIPS / Prejudice,"thema_JBFA,thema_VFJN",14540
bisac_FAM038000,FAM038000,FAM,FAMILY & RELATIONSHIPS / Reference,"thema_VFV,thema_GBC",14550
bisac_FAM039000,FAM039000,FAM,FAMILY & RELATIONSHIPS / Life Stages / School Age,"thema_VFXC,thema_JBSP1",14560
bisac_FAM041000,FAM041000,FAM,FAMILY & RELATIONSHIPS / Siblings,thema_VFV,14570
bisac_FAM042000,FAM042000,FAM,FAMILY & RELATIONSHIPS / Parenting / Stepparenting,"thema_VFX,thema_VFVS",14580
bisac_FAM043000,FAM043000,FAM,FAMILY & RELATIONSHIPS / Life Stages / Teenagers,"thema_VFXC1,thema_JBSP2",14590
bisac_FAM044000,FAM044000,FAM,FAMILY & RELATIONSHIPS / Toilet Training,thema_VFXC,14600
bisac_FAM046000,FAM046000,FAM,FAMILY & RELATIONSHIPS / Life Stages / General,"thema_VFV,thema_JBSP",14610
bisac_FAM047000,FAM047000,FAM,FAMILY & RELATIONSHIPS / Attention Deficit Disorder (ADD-ADHD),thema_VFJR2,14620
bisac_FAM048000,FAM048000,FAM,FAMILY & RELATIONSHIPS / Autism Spectrum Disorders,thema_VFJR1,14630
bisac_FAM049000,FAM049000,FAM,FAMILY & RELATIONSHIPS / Bullying,"thema_JBFK4,thema_VFJN",14640
bisac_FAM050000,FAM050000,FAM,"FAMILY & RELATIONSHIPS / Babysitting, Day Care & Child Care",thema_VFXC,14650
bisac_FAM051000,FAM051000,FAM,FAMILY & RELATIONSHIPS / Dating,thema_VFVG,14660
bisac_FAM052000,FAM052000,FAM,FAMILY & RELATIONSHIPS / Dysfunctional Families,thema_VFV,14670
bisac_FAM053000,FAM053000,FAM,FAMILY & RELATIONSHIPS / Extended Family,thema_VFV,14680
bisac_FAM054000,FAM054000,FAM,FAMILY & RELATIONSHIPS / Life Stages / Mid-Life,"thema_VFV,thema_VFJG",14690
bisac_FAM055000,FAM055000,FAM,FAMILY & RELATIONSHIPS / Military Families,"thema_VFV,thema_JWC",14700
bisac_FAM056000,FAM056000,FAM,FAMILY & RELATIONSHIPS / LGBTQ+,"thema_VFV,thema_JBSJ",14710
bisac_FAM057000,FAM057000,FAM,FAMILY & RELATIONSHIPS / Multicultural & Multiracial Families,"thema_VFV,thema_JBSL13",14720
bisac_FAM058000,FAM058000,FAM,FAMILY & RELATIONSHIPS / Family History & Genealogy (see also REFERENCE / Genealogy & Heraldry),thema_WQY,14730
bisac_FAM059000,FAM059000,FAM,FAMILY & RELATIONSHIPS / Miscarriage & Baby Loss,thema_VFJX,14740
bisac_FAM060000,FAM060000,FAM,FAMILY & RELATIONSHIPS / Chosen Family,thema_VFV,14750
bisac_FAM061000,FAM061000,FAM,FAMILY & RELATIONSHIPS / Indigenous Families,"thema_VFV,thema_JBSL11",14760
bisac_FAM062000,FAM062000,FAM,FAMILY & RELATIONSHIPS / African American & Black Families,thema_VFV,14770
bisac_FAM063000,FAM063000,FAM,FAMILY & RELATIONSHIPS / Asian American & Pacific Islander Families,thema_VFV,14780
bisac_FAM064000,FAM064000,FAM,FAMILY & RELATIONSHIPS / Hispanic & Latino Families,thema_VFV,14790
bisac_FAM065000,FAM065000,FAM,FAMILY & RELATIONSHIPS / Neurodiversity *,,14800
bisac_FIC000000,FIC000000,FIC,FICTION / General,thema_FB,14810
bisac_FIC002000,FIC002000,FIC,FICTION / Action & Adventure,thema_FJ,14820
bisac_FIC003000,FIC003000,FIC,FICTION / Anthologies (multiple authors),"thema_DNT,thema_FB",14830
bisac_FIC004000,FIC004000,FIC,FICTION / Classics,thema_FBC,14840
bisac_FIC005000,FIC005000,FIC,FICTION / Erotica / General,thema_FP,14850
bisac_FIC005010,FIC005010,FIC,FICTION / Erotica / BDSM,thema_FP,14860
bisac_FIC005020,FIC005020,FIC,FICTION / Erotica / Collections & Anthologies,"thema_FP,thema_DNT",14870
bisac_FIC005030,FIC005030,FIC,FICTION / Erotica / LGBTQ+ / Gay,thema_FP,14880
bisac_FIC005040,FIC005040,FIC,FICTION / Erotica / LGBTQ+ / Lesbian,thema_FP,14890
bisac_FIC005050,FIC005050,FIC,"FICTION / Erotica / Science Fiction, Fantasy & Horror",thema_FP,14900
bisac_FIC005060,FIC005060,FIC,FICTION / Erotica / Historical,"thema_FP,thema_FV",14910
bisac_FIC005070,FIC005070,FIC,FICTION / Erotica / LGBTQ+ / General,thema_FP,14920
bisac_FIC005080,FIC005080,FIC,FICTION / Erotica / LGBTQ+ / Bisexual,thema_FP,14930
bisac_FIC005090,FIC005090,FIC,FICTION / Erotica / LGBTQ+ / Transgender,thema_FP,14940
bisac_FIC005100,FIC005100,FIC,FICTION / Erotica / LGBTQ+ / Two-Spirited & Indigiqueer,thema_FP,14950
bisac_FIC005110,FIC005110,FIC,FICTION / Erotica / LGBTQ+ / Nonbinary & Genderqueer,thema_FP,14960
bisac_FIC006000,FIC006000,FIC,FICTION / Thrillers / Espionage,thema_FHD,14970
bisac_FIC008000,FIC008000,FIC,FICTION / Sagas,thema_FT,14980
bisac_FIC009000,FIC009000,FIC,FICTION / Fantasy / General,thema_FM,14990
bisac_FIC009010,FIC009010,FIC,FICTION / Fantasy / Contemporary,thema_FMW,15000
bisac_FIC009020,FIC009020,FIC,FICTION / Fantasy / Epic,thema_FMB,15010
bisac_FIC009030,FIC009030,FIC,FICTION / Fantasy / Historical,thema_FMH,15020
bisac_FIC009040,FIC009040,FIC,FICTION / Fantasy / Collections & Anthologies,"thema_FM,thema_DNT",15030
bisac_FIC009050,FIC009050,FIC,FICTION / Fantasy / Paranormal,"thema_FM,thema_FKW",15040
bisac_FIC009060,FIC009060,FIC,FICTION / Fantasy / Urban,thema_FMX,15050
bisac_FIC009070,FIC009070,FIC,FICTION / Fantasy / Dark Fantasy,thema_FMT,15060
bisac_FIC009080,FIC009080,FIC,FICTION / Fantasy / Humorous,thema_FMK,15070
bisac_FIC009090,FIC009090,FIC,FICTION / Fantasy / Romance,thema_FMR,15080
bisac_FIC009100,FIC009100,FIC,FICTION / Fantasy / Action & Adventure,"thema_FM,thema_FJ",15090
bisac_FIC009110,FIC009110,FIC,FICTION / Fantasy / Arthurian,thema_FMH,15100
bisac_FIC009120,FIC009120,FIC,FICTION / Fantasy / Dragons & Mythical Creatures,"thema_FM,thema_VXQM",15110
bisac_FIC009130,FIC009130,FIC,FICTION / Fantasy / Gaslamp,thema_FMH,15120
bisac_FIC009140,FIC009140,FIC,FICTION / Fantasy / Military,"thema_FM,thema_FJM",15130
bisac_FIC009150,FIC009150,FIC,FICTION / Indigenous / Fantasy,thema_FM,15140
bisac_FIC009160,FIC009160,FIC,FICTION / Fantasy / Cozy,thema_FMJ,15150
bisac_FIC010000,FIC010000,FIC,"FICTION / Fairy Tales, Folk Tales, Legends & Mythology",thema_FN,15160
bisac_FIC011000,FIC011000,FIC,FICTION / LGBTQ+ / Gay,thema_FB,15170
bisac_FIC012000,FIC012000,FIC,FICTION / Ghost,"thema_FK,thema_VXQG",15180
bisac_FIC014000,FIC014000,FIC,FICTION / Historical / General,thema_FV,15190
bisac_FIC014010,FIC014010,FIC,FICTION / Historical / Ancient,thema_FV,15200
bisac_FIC014020,FIC014020,FIC,FICTION / Historical / Medieval,thema_FV,15210
bisac_FIC014030,FIC014030,FIC,FICTION / Historical / Renaissance,thema_FV,15220
bisac_FIC014040,FIC014040,FIC,FICTION / Historical / 20th Century / World War I,"thema_FV,thema_FJMF",15230
bisac_FIC014050,FIC014050,FIC,FICTION / Historical / 20th Century / World War II & Holocaust,"thema_FV,thema_FJMS",15240
bisac_FIC014060,FIC014060,FIC,FICTION / Historical / 19th Century / American Civil War Era,thema_FV,15250
bisac_FIC014070,FIC014070,FIC,FICTION / Historical / Colonial America & Revolution,thema_FV,15260
bisac_FIC014080,FIC014080,FIC,FICTION / Historical / 20th Century / General,thema_FV,15270
bisac_FIC014090,FIC014090,FIC,FICTION / Historical / 20th Century / Post-World War II,thema_FV,15280
bisac_FIC014100,FIC014100,FIC,FICTION / Historical / 19th Century / General,thema_FV,15290
bisac_FIC015000,FIC015000,FIC,FICTION / Horror / General,thema_FK,15300
bisac_FIC015010,FIC015010,FIC,FICTION / Horror / Collections & Anthologies,"thema_FK,thema_DNT",15310
bisac_FIC015020,FIC015020,FIC,FICTION / Horror / Cosmic & Eldritch,thema_FK,15320
bisac_FIC015030,FIC015030,FIC,FICTION / Horror / Monsters & Creatures,"thema_FK,thema_VXQM",15330
bisac_FIC015040,FIC015040,FIC,FICTION / Horror / Occult & Supernatural,thema_FKW,15340
bisac_FIC015050,FIC015050,FIC,FICTION / Horror / Psychological,"thema_FK,thema_FHX",15350
bisac_FIC015060,FIC015060,FIC,FICTION / Horror / Slasher,thema_FK,15360
bisac_FIC016000,FIC016000,FIC,FICTION / Humorous / General,thema_FU,15370
bisac_FIC018000,FIC018000,FIC,FICTION / LGBTQ+ / Lesbian,thema_FB,15380
bisac_FIC019000,FIC019000,FIC,FICTION / Literary,thema_FB,15390
bisac_FIC021000,FIC021000,FIC,FICTION / Media Tie-In,thema_FYV,15400
bisac_FIC022000,FIC022000,FIC,FICTION / Mystery & Detective / General,thema_FF,15410
bisac_FIC022010,FIC022010,FIC,FICTION / Mystery & Detective / Hard-Boiled,thema_FFL,15420
bisac_FIC022020,FIC022020,FIC,FICTION / Mystery & Detective / Police Procedural,thema_FFP,15430
bisac_FIC022030,FIC022030,FIC,FICTION / Mystery & Detective / Traditional,thema_FFC,15440
bisac_FIC022040,FIC022040,FIC,FICTION / Mystery & Detective / Women Sleuths,thema_FFS,15450
bisac_FIC022050,FIC022050,FIC,FICTION / Mystery & Detective / Collections & Anthologies,"thema_FF,thema_DNT",15460
bisac_FIC022060,FIC022060,FIC,FICTION / Mystery & Detective / Historical,thema_FFH,15470
bisac_FIC022070,FIC022070,FIC,FICTION / Mystery & Detective / Cozy / General,thema_FFJ,15480
bisac_FIC022080,FIC022080,FIC,FICTION / Mystery & Detective / International Crime & Mystery,thema_FF,15490
bisac_FIC022090,FIC022090,FIC,FICTION / Mystery & Detective / Private Investigators,thema_FFD,15500
bisac_FIC022100,FIC022100,FIC,FICTION / Mystery & Detective / Amateur Sleuth,thema_FFD,15510
bisac_FIC022110,FIC022110,FIC,FICTION / Mystery & Detective / Cozy / Animals,"thema_FFJ,thema_FXED",15520
bisac_FIC022120,FIC022120,FIC,FICTION / Mystery & Detective / Cozy / Crafts,"thema_FFJ,thema_WF",15530
bisac_FIC022130,FIC022130,FIC,FICTION / Mystery & Detective / Cozy / Culinary,"thema_FFJ,thema_WB",15540
bisac_FIC022140,FIC022140,FIC,FICTION / Mystery & Detective / Cozy / Holidays & Vacation,thema_FFJ,15550
bisac_FIC022150,FIC022150,FIC,FICTION / Mystery & Detective / Cozy / Paranormal,"thema_FFJ,thema_FKW",15560
bisac_FIC022160,FIC022160,FIC,FICTION / Mystery & Detective / Jewish,thema_FF,15570
bisac_FIC022170,FIC022170,FIC,"FICTION / Mystery & Detective / Cozy / Books, Bookstores & Libraries","thema_FFJ,thema_FXC",15580
bisac_FIC024000,FIC024000,FIC,FICTION / Occult & Supernatural,thema_FKW,15590
bisac_FIC025000,FIC025000,FIC,FICTION / Psychological,"thema_FB,thema_FXM",15600
bisac_FIC026000,FIC026000,FIC,FICTION / Religious,thema_FW,15610
bisac_FIC027000,FIC027000,FIC,FICTION / Romance / General,thema_FR,15620
bisac_FIC027010,FIC027010,FIC,FICTION / Romance / Erotic,thema_FRX,15630
bisac_FIC027020,FIC027020,FIC,FICTION / Romance / Contemporary,thema_FRD,15640
bisac_FIC027030,FIC027030,FIC,FICTION / Romance / Fantasy,thema_FRT,15650
bisac_FIC027040,FIC027040,FIC,FICTION / Gothic,thema_FYL,15660
bisac_FIC027050,FIC027050,FIC,FICTION / Romance / Historical / General,thema_FRH,15670
bisac_FIC027070,FIC027070,FIC,FICTION / Romance / Historical / Regency & Georgian,thema_FRH,15680
bisac_FIC027080,FIC027080,FIC,FICTION / Romance / Collections & Anthologies,"thema_FR,thema_DNT",15690
bisac_FIC027090,FIC027090,FIC,FICTION / Romance / Time Travel,thema_FRU,15700
bisac_FIC027100,FIC027100,FIC,FICTION / Romance / Western,thema_FRJ,15710
bisac_FIC027110,FIC027110,FIC,FICTION / Romance / Suspense,thema_FRM,15720
bisac_FIC027120,FIC027120,FIC,FICTION / Romance / Paranormal / General,thema_FRT,15730
bisac_FIC027130,FIC027130,FIC,FICTION / Romance / Science Fiction,"thema_FR,thema_FL",15740
bisac_FIC027140,FIC027140,FIC,FICTION / Romance / Historical / Ancient World,thema_FRH,15750
bisac_FIC027150,FIC027150,FIC,FICTION / Romance / Historical / Medieval,thema_FRH,15760
bisac_FIC027160,FIC027160,FIC,FICTION / Romance / Historical / Scottish (incl. Highlander),thema_FRH,15770
bisac_FIC027170,FIC027170,FIC,FICTION / Romance / Historical / Victorian,thema_FRH,15780
bisac_FIC027180,FIC027180,FIC,FICTION / Romance / Historical / Viking,thema_FRH,15790
bisac_FIC027190,FIC027190,FIC,FICTION / Romance / LGBTQ+ / Gay,thema_FR,15800
bisac_FIC027200,FIC027200,FIC,FICTION / Romance / Historical / 20th Century,thema_FRH,15810
bisac_FIC027210,FIC027210,FIC,FICTION / Romance / LGBTQ+ / Lesbian,thema_FR,15820
bisac_FIC027220,FIC027220,FIC,FICTION / Romance / Military,thema_FRP,15830
bisac_FIC027230,FIC027230,FIC,FICTION / Romance / Multicultural & Interracial,"thema_FR,thema_FXT",15840
bisac_FIC027240,FIC027240,FIC,FICTION / Romance / New Adult,thema_FRD,15850
bisac_FIC027250,FIC027250,FIC,FICTION / Romance / Romantic Comedy,thema_FRB,15860
bisac_FIC027260,FIC027260,FIC,FICTION / Romance / Action & Adventure,"thema_FR,thema_FJ",15870
bisac_FIC027270,FIC027270,FIC,FICTION / Romance / Clean & Wholesome,thema_FRF,15880
bisac_FIC027280,FIC027280,FIC,FICTION / Romance / Historical / Tudor,thema_FRH,15890
bisac_FIC027290,FIC027290,FIC,FICTION / Romance / Holiday,thema_FR,15900
bisac_FIC027300,FIC027300,FIC,FICTION / Romance / LGBTQ+ / General,thema_FR,15910
bisac_FIC027310,FIC027310,FIC,FICTION / Romance / Paranormal / Shifters,"thema_FRT,thema_VXQM2",15920
bisac_FIC027320,FIC027320,FIC,FICTION / Romance / Paranormal / Vampires,"thema_FRT,thema_VXQM2",15930
bisac_FIC027330,FIC027330,FIC,FICTION / Romance / Sports,thema_FRN,15940
bisac_FIC027340,FIC027340,FIC,FICTION / Romance / Billionaires,thema_FRR,15950
bisac_FIC027350,FIC027350,FIC,FICTION / Romance / Firefighters,thema_FRP,15960
bisac_FIC027360,FIC027360,FIC,FICTION / Romance / Historical / American,thema_FRH,15970
bisac_FIC027370,FIC027370,FIC,FICTION / Romance / Historical / Renaissance,thema_FRH,15980
bisac_FIC027380,FIC027380,FIC,FICTION / Romance / Later in Life,thema_FR,15990
bisac_FIC027390,FIC027390,FIC,FICTION / Romance / LGBTQ+ / Bisexual,thema_FR,16000
bisac_FIC027400,FIC027400,FIC,FICTION / Romance / LGBTQ+ / Transgender,thema_FR,16010
bisac_FIC027410,FIC027410,FIC,FICTION / Romance / Medical,thema_FRQ,16020
bisac_FIC027420,FIC027420,FIC,FICTION / Romance / Police & Law Enforcement,thema_FRP,16030
bisac_FIC027430,FIC027430,FIC,FICTION / Romance / Workplace,thema_FRE,16040
bisac_FIC027440,FIC027440,FIC,FICTION / Romance / Paranormal / Witches,"thema_FRT,thema_VXWT",16050
bisac_FIC027450,FIC027450,FIC,FICTION / Romance / Royalty,thema_FRR,16060
bisac_FIC027460,FIC027460,FIC,FICTION / Romance / Historical / Gilded Age,thema_FRH,16070
bisac_FIC027470,FIC027470,FIC,FICTION / Romance / Polyamory,thema_FRS,16080
bisac_FIC027480,FIC027480,FIC,FICTION / Romance / Rock Stars,thema_FRR,16090
bisac_FIC027490,FIC027490,FIC,FICTION / Romance / International,thema_FR,16100
bisac_FIC027500,FIC027500,FIC,FICTION / Romance / Hispanic & Latino,thema_FR,16110
bisac_FIC027510,FIC027510,FIC,FICTION / Romance / Indigenous,thema_FR,16120
bisac_FIC027520,FIC027520,FIC,FICTION / Romance / LGBTQ+ / Two-Spirited & Indigiqueer,thema_FR,16130
bisac_FIC027530,FIC027530,FIC,FICTION / Romance / Adaptations,"thema_FR,thema_FYV",16140
bisac_FIC027540,FIC027540,FIC,FICTION / Romance / Alpha Male,thema_FRW,16150
bisac_FIC027550,FIC027550,FIC,FICTION / Romance / Amish & Mennonite,thema_FR,16160
bisac_FIC027560,FIC027560,FIC,FICTION / Romance / Dark Romance,thema_FRV,16170
bisac_FIC027570,FIC027570,FIC,FICTION / Romance / Enemies to Lovers,thema_FRLE,16180
bisac_FIC027580,FIC027580,FIC,FICTION / Romance / Fake Dating,thema_FRLF,16190
bisac_FIC027590,FIC027590,FIC,FICTION / Romance / Friends to Lovers,thema_FRLC,16200
bisac_FIC027600,FIC027600,FIC,FICTION / Romance / LGBTQ+ / Nonbinary & Genderqueer,thema_FR,16210
bisac_FIC027610,FIC027610,FIC,FICTION / Romance / Love Triangle,thema_FRK,16220
bisac_FIC027620,FIC027620,FIC,FICTION / Romance / Mafia,thema_FRW,16230
bisac_FIC027630,FIC027630,FIC,FICTION / Romance / Motorcycle Club,thema_FRW,16240
bisac_FIC027640,FIC027640,FIC,FICTION / Romance / Paranormal / Demons,"thema_FRT,thema_VXQM5",16250
bisac_FIC027650,FIC027650,FIC,FICTION / Romance / Second Chances,thema_FRL,16260
bisac_FIC027660,FIC027660,FIC,FICTION / Romance / Small Town & Rural,"thema_FR,thema_FXR",16270
bisac_FIC027670,FIC027670,FIC,FICTION / Romance / Asian American & Pacific Islander *,,16280
bisac_FIC027680,FIC027680,FIC,FICTION / Romance / Disability *,,16290
bisac_FIC027690,FIC027690,FIC,FICTION / Romance / Neurodiversity *,,16300
bisac_FIC027700,FIC027700,FIC,FICTION / Romance / Seasonal / Winter *,,16310
bisac_FIC027710,FIC027710,FIC,FICTION / Romance / Seasonal / Spring *,,16320
bisac_FIC027720,FIC027720,FIC,FICTION / Romance / Seasonal / Summer *,,16330
bisac_FIC027730,FIC027730,FIC,FICTION / Romance / Seasonal / Autumn *,,16340
bisac_FIC028000,FIC028000,FIC,FICTION / Science Fiction / General,thema_FL,16350
bisac_FIC028010,FIC028010,FIC,FICTION / Science Fiction / Action & Adventure,"thema_FL,thema_FJ",16360
bisac_FIC028020,FIC028020,FIC,FICTION / Science Fiction / Hard Science Fiction,thema_FLH,16370
bisac_FIC028030,FIC028030,FIC,FICTION / Science Fiction / Space Opera,thema_FLS,16380
bisac_FIC028040,FIC028040,FIC,FICTION / Science Fiction / Collections & Anthologies,"thema_FL,thema_DNT",16390
bisac_FIC028050,FIC028050,FIC,FICTION / Science Fiction / Military,thema_FLR,16400
bisac_FIC028060,FIC028060,FIC,FICTION / Science Fiction / Steampunk,thema_FLM,16410
bisac_FIC028070,FIC028070,FIC,FICTION / Science Fiction / Apocalyptic & Post-Apocalyptic,thema_FLQ,16420
bisac_FIC028080,FIC028080,FIC,FICTION / Time Travel,thema_FLG,16430
bisac_FIC028090,FIC028090,FIC,FICTION / Science Fiction / Alien Contact,thema_FLU,16440
bisac_FIC028100,FIC028100,FIC,FICTION / Science Fiction / Cyberpunk,thema_FLPB,16450
bisac_FIC028110,FIC028110,FIC,FICTION / Science Fiction / Genetic Engineering,thema_FLPB,16460
bisac_FIC028120,FIC028120,FIC,FICTION / Science Fiction / Humorous,"thema_FL,thema_FU",16470
bisac_FIC028130,FIC028130,FIC,FICTION / Science Fiction / Space Exploration,thema_FLW,16480
bisac_FIC028140,FIC028140,FIC,FICTION / Science Fiction / Crime & Mystery,"thema_FL,thema_FF",16490
bisac_FIC028150,FIC028150,FIC,"FICTION / Science Fiction / Androids, Robots & Artificial Intelligences",thema_FLP,16500
bisac_FIC029000,FIC029000,FIC,FICTION / Short Stories (single author),thema_FYB,16510
bisac_FIC030000,FIC030000,FIC,FICTION / Thrillers / Suspense,thema_FH,16520
bisac_FIC031000,FIC031000,FIC,FICTION / Thrillers / General,thema_FH,16530
bisac_FIC031010,FIC031010,FIC,FICTION / Thrillers / Crime,thema_FHR,16540
bisac_FIC031020,FIC031020,FIC,FICTION / Thrillers / Historical,"thema_FH,thema_FFH",16550
bisac_FIC031030,FIC031030,FIC,FICTION / Thrillers / Legal,thema_FHP,16560
bisac_FIC031040,FIC031040,FIC,FICTION / Thrillers / Medical,thema_FHM,16570
bisac_FIC031050,FIC031050,FIC,FICTION / Thrillers / Military,"thema_FH,thema_FJM",16580
bisac_FIC031060,FIC031060,FIC,FICTION / Thrillers / Political,thema_FHP,16590
bisac_FIC031070,FIC031070,FIC,FICTION / Thrillers / Supernatural,"thema_FH,thema_FK",16600
bisac_FIC031080,FIC031080,FIC,FICTION / Thrillers / Psychological,thema_FHX,16610
bisac_FIC031090,FIC031090,FIC,FICTION / Thrillers / Terrorism,thema_FHT,16620
bisac_FIC031100,FIC031100,FIC,FICTION / Thrillers / Domestic,"thema_FH,thema_FS",16630
bisac_FIC032000,FIC032000,FIC,FICTION / War & Military,"thema_FJM,thema_FXF",16640
bisac_FIC033000,FIC033000,FIC,FICTION / Westerns,thema_FJW,16650
bisac_FIC034000,FIC034000,FIC,FICTION / Legal,thema_FHP,16660
bisac_FIC035000,FIC035000,FIC,FICTION / Medical,"thema_FB,thema_FXK",16670
bisac_FIC036000,FIC036000,FIC,FICTION / Thrillers / Technological,thema_FHK,16680
bisac_FIC037000,FIC037000,FIC,FICTION / Political,"thema_FB,thema_FXP",16690
bisac_FIC038000,FIC038000,FIC,FICTION / Sports,thema_FG,16700
bisac_FIC039000,FIC039000,FIC,FICTION / Visionary & Metaphysical,thema_FDV,16710
bisac_FIC040000,FIC040000,FIC,FICTION / Alternative History,thema_FDK,16720
bisac_FIC041000,FIC041000,FIC,FICTION / Biographical & Autofiction,thema_FC,16730
bisac_FIC042000,FIC042000,FIC,FICTION / Christian / General,thema_FW,16740
bisac_FIC042010,FIC042010,FIC,FICTION / Christian / Classic & Allegory,"thema_FW,thema_FBC",16750
bisac_FIC042020,FIC042020,FIC,FICTION / Christian / Futuristic,"thema_FW,thema_FL",16760
bisac_FIC042030,FIC042030,FIC,FICTION / Christian / Historical,"thema_FW,thema_FV",16770
bisac_FIC042040,FIC042040,FIC,FICTION / Christian / Romance / General,"thema_FW,thema_FR",16780
bisac_FIC042050,FIC042050,FIC,FICTION / Christian / Collections & Anthologies,"thema_FW,thema_DNT",16790
bisac_FIC042060,FIC042060,FIC,FICTION / Christian / Suspense,"thema_FW,thema_FH",16800
bisac_FIC042070,FIC042070,FIC,FICTION / Christian / Western,"thema_FW,thema_FJW",16810
bisac_FIC042080,FIC042080,FIC,FICTION / Christian / Fantasy,"thema_FW,thema_FM",16820
bisac_FIC042090,FIC042090,FIC,FICTION / Christian / Biblical,"thema_FW,thema_FV",16830
bisac_FIC042100,FIC042100,FIC,FICTION / Christian / Contemporary,"thema_FW,thema_FBA",16840
bisac_FIC042110,FIC042110,FIC,FICTION / Christian / Romance / Historical,"thema_FW,thema_FRH",16850
bisac_FIC042120,FIC042120,FIC,FICTION / Christian / Romance / Suspense,"thema_FW,thema_FRM",16860
bisac_FIC042130,FIC042130,FIC,FICTION / Christian / Women,thema_FW,16870
bisac_FIC042140,FIC042140,FIC,FICTION / Christian / Holiday *,,16880
bisac_FIC042150,FIC042150,FIC,FICTION / Christian / Urban & Street Lit *,,16890
bisac_FIC043000,FIC043000,FIC,FICTION / Coming of Age,"thema_FB,thema_FXB",16900
bisac_FIC044000,FIC044000,FIC,FICTION / Women,thema_FB,16910
bisac_FIC045000,FIC045000,FIC,FICTION / Family Life / General,thema_FS,16920
bisac_FIC045010,FIC045010,FIC,FICTION / Family Life / Marriage & Divorce,"thema_FS,thema_FXD",16930
bisac_FIC045020,FIC045020,FIC,FICTION / Family Life / Siblings,thema_FS,16940
bisac_FIC045030,FIC045030,FIC,FICTION / Family Life / Multigenerational,"thema_FS,thema_VFVX",16950
bisac_FIC045040,FIC045040,FIC,FICTION / Family Life / Parenthood & Children,thema_FS,16960
bisac_FIC046000,FIC046000,FIC,FICTION / Jewish,thema_FW,16970
bisac_FIC047000,FIC047000,FIC,FICTION / Sea Stories,thema_FJN,16980
bisac_FIC048000,FIC048000,FIC,FICTION / Urban & Street Lit,thema_FBAN,16990
bisac_FIC049000,FIC049000,FIC,FICTION / African American & Black / General,thema_FB,17000
bisac_FIC049010,FIC049010,FIC,FICTION / African American & Black / Christian,thema_FW,17010
bisac_FIC049020,FIC049020,FIC,FICTION / African American & Black / Women,thema_FB,17020
bisac_FIC049030,FIC049030,FIC,FICTION / African American & Black / Erotica,thema_FP,17030
bisac_FIC049040,FIC049040,FIC,FICTION / African American & Black / Historical,thema_FV,17040
bisac_FIC049050,FIC049050,FIC,FICTION / African American & Black / Mystery & Detective,thema_FF,17050
bisac_FIC049060,FIC049060,FIC,FICTION / Romance / African American & Black,thema_FR,17060
bisac_FIC049070,FIC049070,FIC,FICTION / African American & Black / Urban & Street Lit,thema_FBAN,17070
bisac_FIC049080,FIC049080,FIC,FICTION / African American & Black / Afrofuturism & Africanfuturism *,,17080
bisac_FIC049090,FIC049090,FIC,FICTION / African American & Black / Family Life *,,17090
bisac_FIC049100,FIC049100,FIC,FICTION / African American & Black / Fantasy (incl. Sword & Soul) *,,17100
bisac_FIC049110,FIC049110,FIC,FICTION / African American & Black / Horror *,,17110
bisac_FIC049120,FIC049120,FIC,FICTION / African American & Black / Inspirational *,,17120
bisac_FIC049130,FIC049130,FIC,FICTION / African American & Black / Science Fiction *,,17130
bisac_FIC050000,FIC050000,FIC,FICTION / Crime,thema_FF,17140
bisac_FIC051000,FIC051000,FIC,FICTION / Cultural Heritage,thema_FB,17150
bisac_FIC052000,FIC052000,FIC,FICTION / Satire,thema_FUP,17160
bisac_FIC053000,FIC053000,FIC,FICTION / Amish & Mennonite,thema_FW,17170
bisac_FIC054000,FIC054000,FIC,FICTION / Asian American & Pacific Islander,thema_FB,17180
bisac_FIC055000,FIC055000,FIC,FICTION / Dystopian,thema_FDB,17190
bisac_FIC056000,FIC056000,FIC,FICTION / Hispanic & Latino / General,thema_FB,17200
bisac_FIC056010,FIC056010,FIC,FICTION / Hispanic & Latino / Christian,thema_FW,17210
bisac_FIC056020,FIC056020,FIC,FICTION / Hispanic & Latino / Erotica,thema_FP,17220
bisac_FIC056030,FIC056030,FIC,FICTION / Hispanic & Latino / Family Life,thema_FS,17230
bisac_FIC056040,FIC056040,FIC,FICTION / Hispanic & Latino / Fantasy,thema_FM,17240
bisac_FIC056050,FIC056050,FIC,FICTION / Hispanic & Latino / Historical,thema_FV,17250
bisac_FIC056060,FIC056060,FIC,FICTION / Hispanic & Latino / Horror,thema_FK,17260
bisac_FIC056070,FIC056070,FIC,FICTION / Hispanic & Latino / Inspirational,thema_FB,17270
bisac_FIC056080,FIC056080,FIC,FICTION / Hispanic & Latino / Mystery & Detective,thema_FF,17280
bisac_FIC056090,FIC056090,FIC,FICTION / Hispanic & Latino / Science Fiction,thema_FL,17290
bisac_FIC056100,FIC056100,FIC,FICTION / Hispanic & Latino / Urban & Street Lit,thema_FBAN,17300
bisac_FIC056110,FIC056110,FIC,FICTION / Hispanic & Latino / Women,thema_FB,17310
bisac_FIC056120,FIC056120,FIC,"FICTION / Hispanic & Latino / Borders, Immigration & Migration *",,17320
bisac_FIC056130,FIC056130,FIC,FICTION / Hispanic & Latino / Magical Realism *,,17330
bisac_FIC057000,FIC057000,FIC,FICTION / Mashups,thema_FYM,17340
bisac_FIC058000,FIC058000,FIC,FICTION / Holidays,thema_FB,17350
bisac_FIC059000,FIC059000,FIC,FICTION / Indigenous / General (see also Indigenous Peoples of Turtle Island or Native American),thema_FB,17360
bisac_FIC059010,FIC059010,FIC,FICTION / Indigenous / City Life,"thema_FB,thema_FXR",17370
bisac_FIC059020,FIC059020,FIC,FICTION / Indigenous / Elders,thema_FS,17380
bisac_FIC059030,FIC059030,FIC,FICTION / Indigenous / Erotica,thema_FP,17390
bisac_FIC059040,FIC059040,FIC,FICTION / Indigenous / Family Life,thema_FS,17400
bisac_FIC059050,FIC059050,FIC,FICTION / Indigenous / Historical,thema_FV,17410
bisac_FIC059060,FIC059060,FIC,FICTION / Indigenous / Horror,thema_FK,17420
bisac_FIC059070,FIC059070,FIC,FICTION / Indigenous / Indigenous Futurism,thema_FL,17430
bisac_FIC059080,FIC059080,FIC,FICTION / Indigenous / Life Stories,thema_FC,17440
bisac_FIC059090,FIC059090,FIC,FICTION / Indigenous / Mystery & Detective,thema_FF,17450
bisac_FIC059100,FIC059100,FIC,FICTION / Indigenous / Oral Storytelling & Teachings,thema_FN,17460
bisac_FIC059110,FIC059110,FIC,FICTION / Indigenous / Science Fiction,thema_FL,17470
bisac_FIC059120,FIC059120,FIC,FICTION / Indigenous / Women,thema_FB,17480
bisac_FIC060000,FIC060000,FIC,FICTION / Humorous / Dark Humor,thema_FU,17490
bisac_FIC061000,FIC061000,FIC,FICTION / Magical Realism,thema_FMM,17500
bisac_FIC062000,FIC062000,FIC,FICTION / Noir,thema_FFL,17510
bisac_FIC063000,FIC063000,FIC,FICTION / Superheroes (see also COMICS & GRAPHIC NOVELS / Superheroes),thema_FMS,17520
bisac_FIC064000,FIC064000,FIC,FICTION / Absurdist,thema_FB,17530
bisac_FIC065000,FIC065000,FIC,"FICTION / Epistolary (Letters, Diaries, etc.)",thema_FYD,17540
bisac_FIC066000,FIC066000,FIC,FICTION / Small Town & Rural,"thema_FB,thema_FXR",17550
bisac_FIC067000,FIC067000,FIC,FICTION / Animals,"thema_FB,thema_FXED",17560
bisac_FIC068000,FIC068000,FIC,FICTION / LGBTQ+ / General,thema_FB,17570
bisac_FIC069000,FIC069000,FIC,FICTION / City Life,"thema_FB,thema_FXR",17580
bisac_FIC070000,FIC070000,FIC,FICTION / Disaster,thema_FH,17590
bisac_FIC071000,FIC071000,FIC,FICTION / Friendship,thema_FB,17600
bisac_FIC072000,FIC072000,FIC,FICTION / LGBTQ+ / Bisexual,thema_FB,17610
bisac_FIC073000,FIC073000,FIC,FICTION / LGBTQ+ / Transgender,thema_FB,17620
bisac_FIC074000,FIC074000,FIC,FICTION / Southern,"thema_FB,thema_FXR",17630
bisac_FIC075000,FIC075000,FIC,FICTION / Adaptations & Pastiche,"thema_FYV,thema_FYH",17640
bisac_FIC076000,FIC076000,FIC,FICTION / Feminist,"thema_FB,thema_JBSF11",17650
bisac_FIC077000,FIC077000,FIC,FICTION / Nature & the Environment,"thema_FB,thema_FXE",17660
bisac_FIC078000,FIC078000,FIC,FICTION / Buddhist,thema_FW,17670
bisac_FIC079000,FIC079000,FIC,FICTION / Disability,thema_FB,17680
bisac_FIC080000,FIC080000,FIC,FICTION / Multiple Timelines,thema_FYJ,17690
bisac_FIC081000,FIC081000,FIC,FICTION / Muslim,thema_FW,17700
bisac_FIC082000,FIC082000,FIC,FICTION / Own Voices,thema_FBA,17710
bisac_FIC083000,FIC083000,FIC,FICTION / World Literature / Africa / General,thema_FB,17720
bisac_FIC083010,FIC083010,FIC,FICTION / World Literature / Africa / East Africa,thema_FB,17730
bisac_FIC083020,FIC083020,FIC,FICTION / World Literature / Africa / Nigeria,thema_FB,17740
bisac_FIC083030,FIC083030,FIC,FICTION / World Literature / Africa / Southern Africa,thema_FB,17750
bisac_FIC083040,FIC083040,FIC,FICTION / World Literature / Africa / West Africa,thema_FB,17760
bisac_FIC084000,FIC084000,FIC,FICTION / World Literature / American / General,thema_FB,17770
bisac_FIC084010,FIC084010,FIC,FICTION / World Literature / American / Colonial & Revolutionary Periods,thema_FBC,17780
bisac_FIC084020,FIC084020,FIC,FICTION / World Literature / American / 19th Century,thema_FBC,17790
bisac_FIC084030,FIC084030,FIC,FICTION / World Literature / American / 20th Century,thema_FB,17800
bisac_FIC084040,FIC084040,FIC,FICTION / World Literature / American / 21st Century,thema_FBA,17810
bisac_FIC085000,FIC085000,FIC,FICTION / World Literature / Argentina,thema_FB,17820
bisac_FIC086000,FIC086000,FIC,FICTION / World Literature / Asia (General),thema_FB,17830
bisac_FIC087000,FIC087000,FIC,FICTION / World Literature / Australia,thema_FB,17840
bisac_FIC088000,FIC088000,FIC,FICTION / World Literature / Austria,thema_FB,17850
bisac_FIC089000,FIC089000,FIC,FICTION / World Literature / Brazil,thema_FB,17860
bisac_FIC090000,FIC090000,FIC,FICTION / World Literature / Canada / General,thema_FB,17870
bisac_FIC090010,FIC090010,FIC,FICTION / World Literature / Canada / Colonial & 19th Century,thema_FBC,17880
bisac_FIC090020,FIC090020,FIC,FICTION / World Literature / Canada / 20th Century,thema_FB,17890
bisac_FIC090030,FIC090030,FIC,FICTION / World Literature / Canada / 21st Century,thema_FBA,17900
bisac_FIC091000,FIC091000,FIC,FICTION / World Literature / Caribbean & West Indies,thema_FB,17910
bisac_FIC092000,FIC092000,FIC,FICTION / World Literature / Central America,thema_FB,17920
bisac_FIC093000,FIC093000,FIC,FICTION / World Literature / Chile,thema_FB,17930
bisac_FIC094000,FIC094000,FIC,FICTION / World Literature / China / General,thema_FB,17940
bisac_FIC094010,FIC094010,FIC,FICTION / World Literature / China / 19th Century,thema_FBC,17950
bisac_FIC094020,FIC094020,FIC,FICTION / World Literature / China / 20th Century,thema_FB,17960
bisac_FIC094030,FIC094030,FIC,FICTION / World Literature / China / 21st Century,thema_FBA,17970
bisac_FIC095000,FIC095000,FIC,FICTION / World Literature / Colombia,thema_FB,17980
bisac_FIC096000,FIC096000,FIC,FICTION / World Literature / Czech Republic,thema_FB,17990
bisac_FIC097000,FIC097000,FIC,FICTION / World Literature / Denmark,thema_FB,18000
bisac_FIC098000,FIC098000,FIC,FICTION / World Literature / England / General,thema_FB,18010
bisac_FIC098010,FIC098010,FIC,FICTION / World Literature / England / Early & Medieval Periods,thema_FBC,18020
bisac_FIC098020,FIC098020,FIC,FICTION / World Literature / England / 16th & 17th Century,thema_FBC,18030
bisac_FIC098030,FIC098030,FIC,FICTION / World Literature / England / 18th Century,thema_FBC,18040
bisac_FIC098040,FIC098040,FIC,FICTION / World Literature / England / 19th Century,thema_FBC,18050
bisac_FIC098050,FIC098050,FIC,FICTION / World Literature / England / 20th Century,thema_FB,18060
bisac_FIC098060,FIC098060,FIC,FICTION / World Literature / England / 21st Century,thema_FBA,18070
bisac_FIC099000,FIC099000,FIC,FICTION / World Literature / Europe (General),thema_FB,18080
bisac_FIC100000,FIC100000,FIC,FICTION / World Literature / Finland,thema_FB,18090
bisac_FIC101000,FIC101000,FIC,FICTION / World Literature / France / General,thema_FB,18100
bisac_FIC101010,FIC101010,FIC,FICTION / World Literature / France / 18th Century,thema_FBC,18110
bisac_FIC101020,FIC101020,FIC,FICTION / World Literature / France / 19th Century,thema_FBC,18120
bisac_FIC101030,FIC101030,FIC,FICTION / World Literature / France / 20th Century,thema_FB,18130
bisac_FIC101040,FIC101040,FIC,FICTION / World Literature / France / 21st Century,thema_FBA,18140
bisac_FIC102000,FIC102000,FIC,FICTION / World Literature / Germany / General,thema_FB,18150
bisac_FIC102010,FIC102010,FIC,FICTION / World Literature / Germany / 20th Century,thema_FB,18160
bisac_FIC102020,FIC102020,FIC,FICTION / World Literature / Germany / 21st Century,thema_FBA,18170
bisac_FIC103000,FIC103000,FIC,FICTION / World Literature / Greece,thema_FB,18180
bisac_FIC104000,FIC104000,FIC,FICTION / World Literature / Hungary,thema_FB,18190
bisac_FIC105000,FIC105000,FIC,FICTION / World Literature / India / General,thema_FB,18200
bisac_FIC105010,FIC105010,FIC,FICTION / World Literature / India / 19th Century,thema_FBC,18210
bisac_FIC105020,FIC105020,FIC,FICTION / World Literature / India / 20th Century,thema_FB,18220
bisac_FIC105030,FIC105030,FIC,FICTION / World Literature / India / 21st Century,thema_FBA,18230
bisac_FIC106000,FIC106000,FIC,FICTION / World Literature / Ireland / General,thema_FB,18240
bisac_FIC106010,FIC106010,FIC,FICTION / World Literature / Ireland / 19th Century,thema_FBC,18250
bisac_FIC106020,FIC106020,FIC,FICTION / World Literature / Ireland / 20th Century,thema_FB,18260
bisac_FIC106030,FIC106030,FIC,FICTION / World Literature / Ireland / 21st Century,thema_FBA,18270
bisac_FIC107000,FIC107000,FIC,FICTION / World Literature / Italy,thema_FB,18280
bisac_FIC108000,FIC108000,FIC,FICTION / World Literature / Japan,thema_FB,18290
bisac_FIC109000,FIC109000,FIC,FICTION / World Literature / Korea,thema_FB,18300
bisac_FIC110000,FIC110000,FIC,FICTION / World Literature / Mexico,thema_FB,18310
bisac_FIC111000,FIC111000,FIC,FICTION / World Literature / Middle East / General,thema_FB,18320
bisac_FIC111010,FIC111010,FIC,FICTION / World Literature / Middle East / Arabian Peninsula,thema_FB,18330
bisac_FIC111020,FIC111020,FIC,FICTION / World Literature / Middle East / Egypt & North Africa,thema_FB,18340
bisac_FIC111030,FIC111030,FIC,FICTION / World Literature / Middle East / Israel,thema_FB,18350
bisac_FIC112000,FIC112000,FIC,FICTION / World Literature / Netherlands,thema_FB,18360
bisac_FIC113000,FIC113000,FIC,FICTION / World Literature / New Zealand,thema_FB,18370
bisac_FIC114000,FIC114000,FIC,FICTION / World Literature / Norway,thema_FB,18380
bisac_FIC115000,FIC115000,FIC,FICTION / World Literature / Oceania,thema_FB,18390
bisac_FIC116000,FIC116000,FIC,FICTION / World Literature / Pakistan,thema_FB,18400
bisac_FIC117000,FIC117000,FIC,FICTION / World Literature / Peru,thema_FB,18410
bisac_FIC118000,FIC118000,FIC,FICTION / World Literature / Poland,thema_FB,18420
bisac_FIC119000,FIC119000,FIC,FICTION / World Literature / Portugal,thema_FB,18430
bisac_FIC120000,FIC120000,FIC,FICTION / World Literature / Russia / General,thema_FB,18440
bisac_FIC120010,FIC120010,FIC,FICTION / World Literature / Russia / 19th Century,thema_FBC,18450
bisac_FIC120020,FIC120020,FIC,FICTION / World Literature / Russia / 20th Century,thema_FB,18460
bisac_FIC120030,FIC120030,FIC,FICTION / World Literature / Russia / 21st Century,thema_FBA,18470
bisac_FIC121000,FIC121000,FIC,FICTION / World Literature / Scotland / General,thema_FB,18480
bisac_FIC121010,FIC121010,FIC,FICTION / World Literature / Scotland / 19th Century,thema_FBC,18490
bisac_FIC121020,FIC121020,FIC,FICTION / World Literature / Scotland / 20th Century,thema_FB,18500
bisac_FIC121030,FIC121030,FIC,FICTION / World Literature / Scotland / 21st Century,thema_FBA,18510
bisac_FIC122000,FIC122000,FIC,FICTION / World Literature / South America (General),thema_FB,18520
bisac_FIC123000,FIC123000,FIC,FICTION / World Literature / Southeast Asia,thema_FB,18530
bisac_FIC124000,FIC124000,FIC,FICTION / World Literature / Spain / General,thema_FB,18540
bisac_FIC124010,FIC124010,FIC,FICTION / World Literature / Spain / 19th Century,thema_FBC,18550
bisac_FIC124020,FIC124020,FIC,FICTION / World Literature / Spain / 20th Century,thema_FB,18560
bisac_FIC124030,FIC124030,FIC,FICTION / World Literature / Spain / 21st Century,thema_FBA,18570
bisac_FIC125000,FIC125000,FIC,FICTION / World Literature / Sweden,thema_FB,18580
bisac_FIC126000,FIC126000,FIC,FICTION / World Literature / Turkey,thema_FB,18590
bisac_FIC127000,FIC127000,FIC,FICTION / World Literature / Uruguay,thema_FB,18600
bisac_FIC128000,FIC128000,FIC,FICTION / World Literature / Wales,thema_FB,18610
bisac_FIC129000,FIC129000,FIC,FICTION / LitRPG (Literary Role-Playing Game),thema_FYW,18620
bisac_FIC130000,FIC130000,FIC,FICTION / Diversity & Multicultural,"thema_FB,thema_FXT",18630
bisac_FIC131000,FIC131000,FIC,FICTION / Middle Eastern & Arab American,thema_FB,18640
bisac_FIC132000,FIC132000,FIC,FICTION / Neurodiversity,thema_FB,18650
bisac_FIC133000,FIC133000,FIC,FICTION / Performing Arts / General,"thema_FB,thema_AT",18660
bisac_FIC133010,FIC133010,FIC,"FICTION / Performing Arts / Dance, Theater & Musicals","thema_FB,thema_ATQ",18670
bisac_FIC133020,FIC133020,FIC,"FICTION / Performing Arts / Film, Television & Radio","thema_FB,thema_ATM",18680
bisac_FIC133030,FIC133030,FIC,FICTION / Performing Arts / Music,"thema_FB,thema_AV",18690
bisac_FIC134000,FIC134000,FIC,FICTION / Immigration & Emigration,"thema_FB,thema_FXQ",18700
bisac_FIC135000,FIC135000,FIC,FICTION / Indigenous Peoples of Turtle Island,thema_FB,18710
bisac_FIC136000,FIC136000,FIC,FICTION / LGBTQ+ / Two-Spirited & Indigiqueer,thema_FB,18720
bisac_FIC137000,FIC137000,FIC,FICTION / Native American,thema_FB,18730
bisac_FIC138000,FIC138000,FIC,FICTION / Suburban,"thema_FB,thema_FXR",18740
bisac_FIC139000,FIC139000,FIC,FICTION / World Literature / Central Asia,thema_FB,18750
bisac_FIC140000,FIC140000,FIC,"FICTION / Books, Bookstores & Libraries","thema_FB,thema_FXC",18760
bisac_FIC141000,FIC141000,FIC,"FICTION / Death, Grief, Bereavement","thema_FB,thema_FXL",18770
bisac_FIC142000,FIC142000,FIC,FICTION / LGBTQ+ / Nonbinary & Genderqueer,thema_FB,18780
bisac_FIC143000,FIC143000,FIC,FICTION / Places / Africa,thema_FB,18790
bisac_FIC144000,FIC144000,FIC,FICTION / Places / Asia,thema_FB,18800
bisac_FIC145000,FIC145000,FIC,FICTION / Places / Australia & Oceania,thema_FB,18810
bisac_FIC146000,FIC146000,FIC,FICTION / Places / Canada,thema_FB,18820
bisac_FIC147000,FIC147000,FIC,FICTION / Places / Caribbean & Latin America,thema_FB,18830
bisac_FIC148000,FIC148000,FIC,FICTION / Places / Europe,thema_FB,18840
bisac_FIC149000,FIC149000,FIC,FICTION / Places / Mexico,thema_FB,18850
bisac_FIC150000,FIC150000,FIC,FICTION / Places / Middle East,thema_FB,18860
bisac_FIC151000,FIC151000,FIC,FICTION / Places / Polar Regions,thema_FB,18870
bisac_FIC152000,FIC152000,FIC,FICTION / Places / United States,thema_FB,18880
bisac_FIC153000,FIC153000,FIC,FICTION / School & Education,"thema_FB,thema_JN",18890
bisac_FIC154000,FIC154000,FIC,FICTION / Travel & Vacation,"thema_FB,thema_FXV",18900
bisac_FIC155000,FIC155000,FIC,FICTION / Cozy *,,18910
bisac_FIC156000,FIC156000,FIC,"FICTION / Prejudice, Racism & Colorism *",,18920
bisac_FIC157000,FIC157000,FIC,FICTION / Speculative *,,18930
bisac_FIC158000,FIC158000,FIC,FICTION / Surrealism *,,18940
bisac_FOR000000,FOR000000,FOR,LANGUAGE STUDY / General,thema_CJ,18950
bisac_FOR001000,FOR001000,FOR,LANGUAGE STUDY / African Languages (see also Swahili),thema_CJ,18960
bisac_FOR002000,FOR002000,FOR,LANGUAGE STUDY / Arabic,thema_CJ,18970
bisac_FOR003000,FOR003000,FOR,LANGUAGE STUDY / Chinese,thema_CJ,18980
bisac_FOR004000,FOR004000,FOR,LANGUAGE STUDY / Danish,thema_CJ,18990
bisac_FOR005000,FOR005000,FOR,LANGUAGE STUDY / Multi-Language Dictionaries,thema_CBDX,19000
bisac_FOR006000,FOR006000,FOR,LANGUAGE STUDY / Dutch,thema_CJ,19010
bisac_FOR007000,FOR007000,FOR,LANGUAGE STUDY / English as a Second Language,thema_CJAD,19020
bisac_FOR008000,FOR008000,FOR,LANGUAGE STUDY / French,thema_CJ,19030
bisac_FOR009000,FOR009000,FOR,LANGUAGE STUDY / German,thema_CJ,19040
bisac_FOR010000,FOR010000,FOR,LANGUAGE STUDY / Greek (Modern),thema_CJ,19050
bisac_FOR011000,FOR011000,FOR,LANGUAGE STUDY / Hebrew,thema_CJ,19060
bisac_FOR012000,FOR012000,FOR,LANGUAGE STUDY / Hungarian,thema_CJ,19070
bisac_FOR013000,FOR013000,FOR,LANGUAGE STUDY / Italian,thema_CJ,19080
bisac_FOR014000,FOR014000,FOR,LANGUAGE STUDY / Japanese,thema_CJ,19090
bisac_FOR015000,FOR015000,FOR,LANGUAGE STUDY / Korean,thema_CJ,19100
bisac_FOR016000,FOR016000,FOR,LANGUAGE STUDY / Latin,thema_CJ,19110
bisac_FOR017000,FOR017000,FOR,LANGUAGE STUDY / Miscellaneous,thema_CJ,19120
bisac_FOR018000,FOR018000,FOR,LANGUAGE STUDY / Multi-Language Phrasebooks,thema_WTK,19130
bisac_FOR019000,FOR019000,FOR,LANGUAGE STUDY / Polish,thema_CJ,19140
bisac_FOR020000,FOR020000,FOR,LANGUAGE STUDY / Portuguese,thema_CJ,19150
bisac_FOR021000,FOR021000,FOR,LANGUAGE STUDY / Russian,thema_CJ,19160
bisac_FOR022000,FOR022000,FOR,LANGUAGE STUDY / Scandinavian Languages (Other),thema_CJ,19170
bisac_FOR023000,FOR023000,FOR,LANGUAGE STUDY / Serbian & Croatian,thema_CJ,19180
bisac_FOR024000,FOR024000,FOR,LANGUAGE STUDY / Slavic Languages (Other),thema_CJ,19190
bisac_FOR025000,FOR025000,FOR,LANGUAGE STUDY / Southeast Asian Languages (see also Vietnamese),thema_CJ,19200
bisac_FOR026000,FOR026000,FOR,LANGUAGE STUDY / Spanish,thema_CJ,19210
bisac_FOR027000,FOR027000,FOR,LANGUAGE STUDY / Turkish & Turkic Languages,thema_CJ,19220
bisac_FOR028000,FOR028000,FOR,LANGUAGE STUDY / Yiddish,thema_CJ,19230
bisac_FOR029000,FOR029000,FOR,LANGUAGE STUDY / Celtic Languages,thema_CJ,19240
bisac_FOR030000,FOR030000,FOR,LANGUAGE STUDY / Indic Languages,thema_CJ,19250
bisac_FOR031000,FOR031000,FOR,LANGUAGE STUDY / Indigenous Languages in the Americas,thema_CJ,19260
bisac_FOR032000,FOR032000,FOR,LANGUAGE STUDY / Oceanic & Australian Languages,thema_CJ,19270
bisac_FOR033000,FOR033000,FOR,LANGUAGE STUDY / Ancient Languages (see also Latin),thema_CJ,19280
bisac_FOR034000,FOR034000,FOR,LANGUAGE STUDY / Baltic Languages,thema_CJ,19290
bisac_FOR035000,FOR035000,FOR,LANGUAGE STUDY / Creole Languages,thema_CJ,19300
bisac_FOR036000,FOR036000,FOR,LANGUAGE STUDY / Czech,thema_CJ,19310
bisac_FOR037000,FOR037000,FOR,LANGUAGE STUDY / Finnish,thema_CJ,19320
bisac_FOR038000,FOR038000,FOR,LANGUAGE STUDY / Hindi,thema_CJ,19330
bisac_FOR039000,FOR039000,FOR,LANGUAGE STUDY / Norwegian,thema_CJ,19340
bisac_FOR040000,FOR040000,FOR,LANGUAGE STUDY / Persian,thema_CJ,19350
bisac_FOR041000,FOR041000,FOR,LANGUAGE STUDY / Romance Languages (Other),thema_CJ,19360
bisac_FOR042000,FOR042000,FOR,LANGUAGE STUDY / Swahili,thema_CJ,19370
bisac_FOR043000,FOR043000,FOR,LANGUAGE STUDY / Swedish,thema_CJ,19380
bisac_FOR044000,FOR044000,FOR,LANGUAGE STUDY / Vietnamese,thema_CJ,19390
bisac_FOR045000,FOR045000,FOR,LANGUAGE STUDY / Old & Middle English,thema_CJ,19400
bisac_GAM000000,GAM000000,GAM,GAMES & ACTIVITIES / General,thema_WD,19410
bisac_GAM001000,GAM001000,GAM,GAMES & ACTIVITIES / Board Games,thema_WDMG,19420
bisac_GAM001010,GAM001010,GAM,GAMES & ACTIVITIES / Backgammon,thema_WDMG,19430
bisac_GAM001030,GAM001030,GAM,GAMES & ACTIVITIES / Chess,thema_WDMG1,19440
bisac_GAM002000,GAM002000,GAM,GAMES & ACTIVITIES / Card Games / General,thema_WDMC,19450
bisac_GAM002010,GAM002010,GAM,GAMES & ACTIVITIES / Card Games / Bridge,thema_WDMC1,19460
bisac_GAM002030,GAM002030,GAM,GAMES & ACTIVITIES / Card Games / Blackjack,thema_WDMC,19470
bisac_GAM002040,GAM002040,GAM,GAMES & ACTIVITIES / Card Games / Poker,thema_WDMC2,19480
bisac_GAM003000,GAM003000,GAM,GAMES & ACTIVITIES / Crosswords / General,thema_WDKC,19490
bisac_GAM003040,GAM003040,GAM,GAMES & ACTIVITIES / Crosswords / Dictionaries,"thema_WDKC,thema_CBD",19500
bisac_GAM004000,GAM004000,GAM,GAMES & ACTIVITIES / Gambling / General (see also SELF-HELP / Compulsive Behavior / Gambling),thema_WDP,19510
bisac_GAM004020,GAM004020,GAM,GAMES & ACTIVITIES / Gambling / Lotteries,thema_WDP,19520
bisac_GAM004030,GAM004030,GAM,GAMES & ACTIVITIES / Gambling / Table,thema_WDP,19530
bisac_GAM004040,GAM004040,GAM,GAMES & ACTIVITIES / Gambling / Track Betting,"thema_WDP,thema_SKG",19540
bisac_GAM004050,GAM004050,GAM,GAMES & ACTIVITIES / Gambling / Sports,thema_WDP,19550
bisac_GAM005000,GAM005000,GAM,GAMES & ACTIVITIES / Logic & Brain Teasers,thema_WDK,19560
bisac_GAM006000,GAM006000,GAM,GAMES & ACTIVITIES / Magic,thema_ATXF,19570
bisac_GAM007000,GAM007000,GAM,GAMES & ACTIVITIES / Puzzles,thema_WDK,19580
bisac_GAM008000,GAM008000,GAM,GAMES & ACTIVITIES / Quizzes,thema_WDKX,19590
bisac_GAM009000,GAM009000,GAM,GAMES & ACTIVITIES / Reference,"thema_WD,thema_GBC",19600
bisac_GAM010000,GAM010000,GAM,GAMES & ACTIVITIES / Role Playing & Fantasy,thema_WDHW,19610
bisac_GAM011000,GAM011000,GAM,GAMES & ACTIVITIES / Travel Games,"thema_WD,thema_WT",19620
bisac_GAM012000,GAM012000,GAM,GAMES & ACTIVITIES / Trivia,thema_WDKX,19630
bisac_GAM013000,GAM013000,GAM,GAMES & ACTIVITIES / Video & Mobile,thema_UDX,19640
bisac_GAM014000,GAM014000,GAM,GAMES & ACTIVITIES / Word & Word Search,thema_WDKC,19650
bisac_GAM016000,GAM016000,GAM,GAMES & ACTIVITIES / Fantasy Sports,thema_WDHW,19660
bisac_GAM017000,GAM017000,GAM,GAMES & ACTIVITIES / Sudoku,thema_WDKN,19670
bisac_GAM018000,GAM018000,GAM,GAMES & ACTIVITIES / Optical Illusions,thema_WDJ,19680
bisac_GAM019000,GAM019000,GAM,GAMES & ACTIVITIES / Coloring Books,thema_WFX,19690
bisac_GAM020000,GAM020000,GAM,GAMES & ACTIVITIES / Activity Books,thema_WFX,19700
bisac_GAM021000,GAM021000,GAM,GAMES & ACTIVITIES / Guided Journals,thema_WZSJ,19710
bisac_GAM022000,GAM022000,GAM,GAMES & ACTIVITIES / Juggling,thema_ATX,19720
bisac_GAM023000,GAM023000,GAM,GAMES & ACTIVITIES / eSports,thema_SXE,19730
bisac_GAM024000,GAM024000,GAM,GAMES & ACTIVITIES / Sticker Books,thema_WFX,19740
bisac_GAM025000,GAM025000,GAM,GAMES & ACTIVITIES / Darts,thema_SXD,19750
bisac_GAM026000,GAM026000,GAM,GAMES & ACTIVITIES / Mahjong,thema_WDMG,19760
bisac_GAM027000,GAM027000,GAM,GAMES & ACTIVITIES / Party Games,thema_WDM,19770
bisac_GAR000000,GAR000000,GAR,GARDENING / General,thema_WM,19780
bisac_GAR001000,GAR001000,GAR,GARDENING / Garden Types / Container & Raised Bed,thema_WMQR,19790
bisac_GAR002000,GAR002000,GAR,GARDENING / Essays & Narratives,thema_WMB,19800
bisac_GAR004000,GAR004000,GAR,GARDENING / Ornamental Plants / Flowers / General,thema_WMPC,19810
bisac_GAR004010,GAR004010,GAR,GARDENING / Ornamental Plants / Flowers / Annuals,thema_WMPC,19820
bisac_GAR004030,GAR004030,GAR,GARDENING / Ornamental Plants / Flowers / Bulbs,thema_WMPC,19830
bisac_GAR004040,GAR004040,GAR,GARDENING / Ornamental Plants / Flowers / Orchids,thema_WMPC,19840
bisac_GAR004050,GAR004050,GAR,GARDENING / Ornamental Plants / Flowers / Perennials,thema_WMPC,19850
bisac_GAR004060,GAR004060,GAR,GARDENING / Ornamental Plants / Flowers / Roses,thema_WMPC,19860
bisac_GAR004080,GAR004080,GAR,GARDENING / Ornamental Plants / Flowers / Wildflowers,thema_WMPC,19870
bisac_GAR005000,GAR005000,GAR,GARDENING / Edible & Medicinal / Fruit,thema_WMPF,19880
bisac_GAR006000,GAR006000,GAR,"GARDENING / Garden Design, Planning & Layout",thema_WMD,19890
bisac_GAR007000,GAR007000,GAR,GARDENING / Garden Furnishings,thema_WMD,19900
bisac_GAR008000,GAR008000,GAR,GARDENING / Greenhouses,thema_WMF,19910
bisac_GAR009000,GAR009000,GAR,GARDENING / Edible & Medicinal / Herbs,thema_WMP,19920
bisac_GAR010000,GAR010000,GAR,GARDENING / House Plants & Indoor,thema_WMQR1,19930
bisac_GAR011000,GAR011000,GAR,GARDENING / Garden Types / Hydroponic,"thema_WMQ,thema_TVSH",19940
bisac_GAR013000,GAR013000,GAR,GARDENING / Garden Types / Japanese,thema_WMD,19950
bisac_GAR014000,GAR014000,GAR,GARDENING / Landscape,thema_WMQL,19960
bisac_GAR015000,GAR015000,GAR,GARDENING / Lawns & Groundcovers,thema_WMQL,19970
bisac_GAR016000,GAR016000,GAR,GARDENING / Techniques / Organic,thema_WMQF,19980
bisac_GAR017000,GAR017000,GAR,GARDENING / Ornamental Plants / General,thema_WMPC,19990
bisac_GAR018000,GAR018000,GAR,GARDENING / Reference,"thema_WM,thema_GBC",20000
bisac_GAR019000,GAR019000,GAR,GARDENING / Regional / General,thema_WM,20010
bisac_GAR019010,GAR019010,GAR,GARDENING / Regional / Canada,thema_WM,20020
bisac_GAR019020,GAR019020,GAR,"GARDENING / Regional / Middle Atlantic (DC, DE, MD, NJ, NY, PA)",thema_WM,20030
bisac_GAR019030,GAR019030,GAR,"GARDENING / Regional / Midwest (IA, IL, IN, KS, MI, MN, MO, ND, NE, OH, SD, WI)",thema_WM,20040
bisac_GAR019040,GAR019040,GAR,"GARDENING / Regional / New England (CT, MA, ME, NH, RI, VT)",thema_WM,20050
bisac_GAR019050,GAR019050,GAR,"GARDENING / Regional / Pacific Northwest (OR, WA)",thema_WM,20060
bisac_GAR019060,GAR019060,GAR,"GARDENING / Regional / South (AL, AR, FL, GA, KY, LA, MS, NC, SC, TN, VA, WV)",thema_WM,20070
bisac_GAR019070,GAR019070,GAR,"GARDENING / Regional / Southwest (AZ, NM, OK, TX)",thema_WM,20080
bisac_GAR019080,GAR019080,GAR,"GARDENING / Regional / West (AK, CA, CO, HI, ID, MT, NV, UT, WY)",thema_WM,20090
bisac_GAR020000,GAR020000,GAR,GARDENING / Garden Types / Shade,thema_WMQ,20100
bisac_GAR021000,GAR021000,GAR,GARDENING / Ornamental Plants / Shrubs,thema_WMPS,20110
bisac_GAR022000,GAR022000,GAR,GARDENING / Techniques / General,thema_WMQ,20120
bisac_GAR023000,GAR023000,GAR,GARDENING / Techniques / Topiary,"thema_WMQ,thema_WMPS",20130
bisac_GAR024000,GAR024000,GAR,GARDENING / Ornamental Plants / Trees,thema_WMPS,20140
bisac_GAR025000,GAR025000,GAR,GARDENING / Edible & Medicinal / Vegetables,thema_WMPF,20150
bisac_GAR026000,GAR026000,GAR,"GARDENING / Techniques / Xeriscaping, Firescaping & Low Water",,20160
bisac_GAR027000,GAR027000,GAR,GARDENING / Climatic / General,thema_WM,20170
bisac_GAR027010,GAR027010,GAR,GARDENING / Climatic / Desert,"thema_WM,thema_RGBA",20180
bisac_GAR027020,GAR027020,GAR,GARDENING / Climatic / Temperate,thema_WM,20190
bisac_GAR027030,GAR027030,GAR,GARDENING / Climatic / Tropical,thema_WM,20200
bisac_GAR028000,GAR028000,GAR,"GARDENING / Garden Types / Urban, Community & Small Space",thema_WMT,20210
bisac_GAR029000,GAR029000,GAR,GARDENING / Garden Types / Water Gardens,thema_WMQW,20220
bisac_GAR030000,GAR030000,GAR,GARDENING / Pictorial,"thema_WMB,thema_AJ",20230
bisac_GAR031000,GAR031000,GAR,GARDENING / Edible & Medicinal / Marijuana Cultivation,thema_WMP,20240
bisac_GAR032000,GAR032000,GAR,GARDENING / Techniques / Composting & Soil Health,thema_WM,20250
bisac_GAR033000,GAR033000,GAR,GARDENING / Terrariums,thema_WMQR1,20260
bisac_GAR034000,GAR034000,GAR,GARDENING / Botany & Horticultural Topics *,,20270
bisac_GAR035000,GAR035000,GAR,GARDENING / Edible & Medicinal / General *,,20280
bisac_GAR036000,GAR036000,GAR,GARDENING / Edible & Medicinal / Indigenous Crops & Plant Medicines *,,20290
bisac_GAR037000,GAR037000,GAR,GARDENING / Edible & Medicinal / Mushrooms *,,20300
bisac_GAR038000,GAR038000,GAR,GARDENING / Garden Types / General *,,20310
bisac_GAR039000,GAR039000,GAR,GARDENING / Garden Types / Cut Flower *,,20320
bisac_GAR040000,GAR040000,GAR,GARDENING / Garden Types / Edible Landscaping & Potager *,,20330
bisac_GAR041000,GAR041000,GAR,GARDENING / Garden Types / Vertical *,,20340
bisac_GAR042000,GAR042000,GAR,GARDENING / Homesteading & Hobby Farming *,,20350
bisac_GAR043000,GAR043000,GAR,GARDENING / Ornamental Plants / Native Plants *,,20360
bisac_GAR044000,GAR044000,GAR,GARDENING / Ornamental Plants / Tropicals *,,20370
bisac_GAR045000,GAR045000,GAR,GARDENING / Planners & Journals *,,20380
bisac_GAR046000,GAR046000,GAR,GARDENING / Pollinators & Wildlife *,,20390
bisac_GAR047000,GAR047000,GAR,GARDENING / Techniques / Maintenance & Care *,,20400
bisac_GAR048000,GAR048000,GAR,"GARDENING / Techniques / Pests, Diseases & Problems *",,20410
bisac_GAR049000,GAR049000,GAR,GARDENING / Techniques / Plant Propagation *,,20420
bisac_GAR050000,GAR050000,GAR,GARDENING / Techniques / Sustainable & Regenerative *,,20430
bisac_HEA000000,HEA000000,HEA,HEALTH & FITNESS / General,thema_VFD,20440
bisac_HEA001000,HEA001000,HEA,HEALTH & FITNESS / Acupressure & Acupuncture (see also MEDICAL / Acupuncture),"thema_VXHJ,thema_VXHA",20450
bisac_HEA002000,HEA002000,HEA,HEALTH & FITNESS / Exercise / Aerobics,thema_VFMG,20460
bisac_HEA003000,HEA003000,HEA,HEALTH & FITNESS / Beauty & Grooming / General,thema_WJH,20470
bisac_HEA003010,HEA003010,HEA,HEALTH & FITNESS / Beauty & Grooming / Hair,thema_WJH,20480
bisac_HEA003020,HEA003020,HEA,HEALTH & FITNESS / Beauty & Grooming / Makeup,thema_WJH,20490
bisac_HEA003030,HEA003030,HEA,HEALTH & FITNESS / Beauty & Grooming / Nails,thema_WJH,20500
bisac_HEA003040,HEA003040,HEA,HEALTH & FITNESS / Beauty & Grooming / Skin Care,thema_WJH,20510
bisac_HEA003050,HEA003050,HEA,HEALTH & FITNESS / Beauty & Grooming / Black Hair *,,20520
bisac_HEA006000,HEA006000,HEA,HEALTH & FITNESS / Diet & Nutrition / Diets,thema_VFMD,20530
bisac_HEA007000,HEA007000,HEA,HEALTH & FITNESS / Exercise / General,thema_VFMG,20540
bisac_HEA007010,HEA007010,HEA,HEALTH & FITNESS / Exercise / Aquatic,"thema_VFMG,thema_SP",20550
bisac_HEA007020,HEA007020,HEA,HEALTH & FITNESS / Exercise / Dance,"thema_VFMG,thema_ATQ",20560
bisac_HEA007030,HEA007030,HEA,HEALTH & FITNESS / Exercise / Pilates,thema_VFMG,20570
bisac_HEA007040,HEA007040,HEA,HEALTH & FITNESS / Exercise / Interval Training (incl. HIIT),thema_VFMG,20580
bisac_HEA007050,HEA007050,HEA,HEALTH & FITNESS / Exercise / Strength Training,thema_VFMG2,20590
bisac_HEA009000,HEA009000,HEA,HEALTH & FITNESS / Healing,thema_VXH,20600
bisac_HEA010000,HEA010000,HEA,HEALTH & FITNESS / Healthy Living,thema_VFDB,20610
bisac_HEA011000,HEA011000,HEA,HEALTH & FITNESS / Herbal Medicine,thema_VXHT4,20620
bisac_HEA012000,HEA012000,HEA,HEALTH & FITNESS / Holism,thema_VXH,20630
bisac_HEA013000,HEA013000,HEA,HEALTH & FITNESS / Diet & Nutrition / Macrobiotics,thema_VFMD,20640
bisac_HEA014000,HEA014000,HEA,HEALTH & FITNESS / Massage & Reflexology,"thema_VFMS,thema_VXHJ",20650
bisac_HEA015000,HEA015000,HEA,HEALTH & FITNESS / Men's Health,thema_VFDM,20660
bisac_HEA016000,HEA016000,HEA,HEALTH & FITNESS / Naturopathy,thema_VXHN,20670
bisac_HEA017000,HEA017000,HEA,HEALTH & FITNESS / Diet & Nutrition / Nutrition,thema_VFMD,20680
bisac_HEA018000,HEA018000,HEA,HEALTH & FITNESS / Disability,thema_VFJD,20690
bisac_HEA019000,HEA019000,HEA,HEALTH & FITNESS / Diet & Nutrition / Weight Loss,thema_VFMD,20700
bisac_HEA020000,HEA020000,HEA,HEALTH & FITNESS / Reference,"thema_VF,thema_GBC",20710
bisac_HEA022000,HEA022000,HEA,HEALTH & FITNESS / Exercise / Stretching,thema_VFMG,20720
bisac_HEA023000,HEA023000,HEA,HEALTH & FITNESS / Diet & Nutrition / Vitamins & Supplements,thema_VFMD,20730
bisac_HEA024000,HEA024000,HEA,HEALTH & FITNESS / Women's Health,thema_VFDW,20740
bisac_HEA025000,HEA025000,HEA,HEALTH & FITNESS / Yoga,thema_VFMG1,20750
bisac_HEA027000,HEA027000,HEA,HEALTH & FITNESS / Allergies,thema_VFJB1,20760
bisac_HEA028000,HEA028000,HEA,HEALTH & FITNESS / Health Care Issues,"thema_VFD,thema_MBP",20770
bisac_HEA029000,HEA029000,HEA,HEALTH & FITNESS / Aromatherapy,thema_VXHC,20780
bisac_HEA030000,HEA030000,HEA,HEALTH & FITNESS / Homeopathy,thema_VXHH,20790
bisac_HEA032000,HEA032000,HEA,HEALTH & FITNESS / Alternative Therapies,thema_VXH,20800
bisac_HEA033000,HEA033000,HEA,HEALTH & FITNESS / First Aid,thema_VFDF,20810
bisac_HEA034000,HEA034000,HEA,HEALTH & FITNESS / Diet & Nutrition / Food Content Guides,thema_VFMD,20820
bisac_HEA035000,HEA035000,HEA,HEALTH & FITNESS / Hearing & Speech,thema_VFJD,20830
bisac_HEA036000,HEA036000,HEA,HEALTH & FITNESS / Pain Management,"thema_VFJ,thema_MKAL",20840
bisac_HEA037000,HEA037000,HEA,HEALTH & FITNESS / Vision,"thema_VFD,thema_MJQ",20850
bisac_HEA038000,HEA038000,HEA,HEALTH & FITNESS / Work-Related Health,thema_VFD,20860
bisac_HEA039000,HEA039000,HEA,HEALTH & FITNESS / Diseases & Conditions / General,"thema_VFJB,thema_VFDB",20870
bisac_HEA039010,HEA039010,HEA,HEALTH & FITNESS / Diseases & Conditions / Gastrointestinal,thema_VFDB1,20880
bisac_HEA039020,HEA039020,HEA,HEALTH & FITNESS / Diseases & Conditions / AIDS & HIV,"thema_VFJB9,thema_MJCJ2",20890
bisac_HEA039030,HEA039030,HEA,HEALTH & FITNESS / Diseases & Conditions / Cancer,thema_VFJB3,20900
bisac_HEA039040,HEA039040,HEA,HEALTH & FITNESS / Diseases & Conditions / Contagious (incl. Pandemics),"thema_VFJB,thema_MJCJ",20910
bisac_HEA039050,HEA039050,HEA,HEALTH & FITNESS / Diseases & Conditions / Diabetes,thema_VFJB5,20920
bisac_HEA039060,HEA039060,HEA,HEALTH & FITNESS / Diseases & Conditions / Genetic,"thema_VFJB,thema_MJCG1",20930
bisac_HEA039070,HEA039070,HEA,HEALTH & FITNESS / Diseases & Conditions / Genitourinary & STDs,"thema_VFJB,thema_MJCJ1",20940
bisac_HEA039080,HEA039080,HEA,HEALTH & FITNESS / Diseases & Conditions / Heart,thema_VFJB4,20950
bisac_HEA039090,HEA039090,HEA,HEALTH & FITNESS / Diseases & Conditions / Immune & Autoimmune,"thema_VFJB9,thema_MJCM",20960
bisac_HEA039100,HEA039100,HEA,HEALTH & FITNESS / Diseases & Conditions / Musculoskeletal,"thema_VFJB,thema_MJE",20970
bisac_HEA039110,HEA039110,HEA,HEALTH & FITNESS / Diseases & Conditions / Nervous System (incl. Brain),"thema_VFJB,thema_MKJ",20980
bisac_HEA039120,HEA039120,HEA,HEALTH & FITNESS / Diseases & Conditions / Respiratory,thema_VFDB2,20990
bisac_HEA039130,HEA039130,HEA,HEALTH & FITNESS / Diseases & Conditions / Skin,"thema_VFJB,thema_MJK",21000
bisac_HEA039140,HEA039140,HEA,HEALTH & FITNESS / Diseases & Conditions / Alzheimer's & Dementia,thema_VFJB6,21010
bisac_HEA039150,HEA039150,HEA,HEALTH & FITNESS / Diseases & Conditions / Chronic Fatigue Syndrome,thema_VFJB9,21020
bisac_HEA039160,HEA039160,HEA,HEALTH & FITNESS / Diseases & Conditions / Endocrine System,"thema_VFJB,thema_MJG",21030
bisac_HEA039170,HEA039170,HEA,HEALTH & FITNESS / Diseases & Conditions / Headaches & Migraines,thema_VFJB7,21040
bisac_HEA040000,HEA040000,HEA,HEALTH & FITNESS / Oral Health,"thema_VFD,thema_MKE",21050
bisac_HEA041000,HEA041000,HEA,HEALTH & FITNESS / Pregnancy & Childbirth,thema_VFXB,21060
bisac_HEA042000,HEA042000,HEA,HEALTH & FITNESS / Sexuality,thema_VFVC,21070
bisac_HEA043000,HEA043000,HEA,HEALTH & FITNESS / Sleep,thema_VFJV,21080
bisac_HEA044000,HEA044000,HEA,HEALTH & FITNESS / Breastfeeding,thema_VFXB,21090
bisac_HEA045000,HEA045000,HEA,HEALTH & FITNESS / Fertility & Infertility,"thema_VFVJ,thema_MFKC1",21100
bisac_HEA046000,HEA046000,HEA,HEALTH & FITNESS / Children & Adolescents,thema_VFDJ,21110
bisac_HEA047000,HEA047000,HEA,HEALTH & FITNESS / Body Cleansing & Detoxification,thema_VFD,21120
bisac_HEA048000,HEA048000,HEA,HEALTH & FITNESS / Diet & Nutrition / General,thema_VFMD,21130
bisac_HEA049000,HEA049000,HEA,HEALTH & FITNESS / Aging & Longevity,thema_VFJG,21140
bisac_HEA050000,HEA050000,HEA,HEALTH & FITNESS / Vaccinations,"thema_VFD,thema_MBNK",21150
bisac_HEA051000,HEA051000,HEA,HEALTH & FITNESS / Menopause,thema_VFDW2,21160
bisac_HEA052000,HEA052000,HEA,HEALTH & FITNESS / Tai Chi,thema_SRMN1,21170
bisac_HEA053000,HEA053000,HEA,HEALTH & FITNESS / Cannabis & CBD,thema_VXH,21180
bisac_HEA054000,HEA054000,HEA,HEALTH & FITNESS / LGBTQ+ Health,thema_VFD,21190
bisac_HEA055000,HEA055000,HEA,HEALTH & FITNESS / Mental Health,thema_VFJQ,21200
bisac_HEA056000,HEA056000,HEA,HEALTH & FITNESS / Indigenous Health & Healing,"thema_VFD,thema_JBSL11",21210
bisac_HEA057000,HEA057000,HEA,HEALTH & FITNESS / African American & Black,thema_VFD,21220
bisac_HEA058000,HEA058000,HEA,HEALTH & FITNESS / Asian American & Pacific Islander,thema_VFD,21230
bisac_HEA059000,HEA059000,HEA,HEALTH & FITNESS / Breathwork,thema_VXH,21240
bisac_HEA060000,HEA060000,HEA,HEALTH & FITNESS / College & University Students,"thema_VFJ,thema_JNM",21250
bisac_HEA061000,HEA061000,HEA,HEALTH & FITNESS / Hispanic & Latino,thema_VFD,21260
bisac_HEA062000,HEA062000,HEA,HEALTH & FITNESS / Menstruation,thema_VFDW1,21270
bisac_HEA063000,HEA063000,HEA,HEALTH & FITNESS / Reproductive Health,"thema_VFD,thema_MBNH4",21280
bisac_HEA064000,HEA064000,HEA,HEALTH & FITNESS / Diet & Nutrition / Fasting (incl. Intermittent) *,,21290
bisac_HEA065000,HEA065000,HEA,HEALTH & FITNESS / Somatic Movement *,,21300
bisac_HIS000000,HIS000000,HIS,HISTORY / General,thema_NH,21310
bisac_HIS001000,HIS001000,HIS,HISTORY / Africa / General,thema_NHH,21320
bisac_HIS001010,HIS001010,HIS,HISTORY / Africa / Central,thema_NHH,21330
bisac_HIS001020,HIS001020,HIS,HISTORY / Africa / East,thema_NHH,21340
bisac_HIS001030,HIS001030,HIS,HISTORY / Africa / North,thema_NHH,21350
bisac_HIS001040,HIS001040,HIS,HISTORY / Africa / South / General,thema_NHH,21360
bisac_HIS001050,HIS001050,HIS,HISTORY / Africa / West,thema_NHH,21370
bisac_HIS002000,HIS002000,HIS,HISTORY / Ancient / General,thema_NHC,21380
bisac_HIS002010,HIS002010,HIS,HISTORY / Ancient / Greece,"thema_NHC,thema_NHD",21390
bisac_HIS002020,HIS002020,HIS,HISTORY / Ancient / Rome,thema_NHDA,21400
bisac_HIS002030,HIS002030,HIS,HISTORY / Ancient / Egypt,"thema_NHC,thema_NHG",21410
bisac_HIS003000,HIS003000,HIS,HISTORY / Asia / General,thema_NHF,21420
bisac_HIS004000,HIS004000,HIS,HISTORY / Australia & New Zealand,thema_NHM,21430
bisac_HIS005000,HIS005000,HIS,HISTORY / Europe / Baltic States,thema_NHD,21440
bisac_HIS006000,HIS006000,HIS,HISTORY / Canada / General,thema_NHK,21450
bisac_HIS006010,HIS006010,HIS,HISTORY / Canada / Pre-Confederation (to 1867),thema_NHK,21460
bisac_HIS006020,HIS006020,HIS,HISTORY / Canada / Post-Confederation (1867-),thema_NHK,21470
bisac_HIS006030,HIS006030,HIS,"HISTORY / Canada / Provincial, Territorial & Local / General",thema_NHK,21480
bisac_HIS006040,HIS006040,HIS,"HISTORY / Canada / Provincial, Territorial & Local / Atlantic Provinces (NB, NL, NS, PE)",thema_NHK,21490
bisac_HIS006050,HIS006050,HIS,"HISTORY / Canada / Provincial, Territorial & Local / British Columbia (BC)",thema_NHK,21500
bisac_HIS006060,HIS006060,HIS,"HISTORY / Canada / Provincial, Territorial & Local / Northern Territories (NT, NU, YT)",thema_NHK,21510
bisac_HIS006070,HIS006070,HIS,"HISTORY / Canada / Provincial, Territorial & Local / Ontario (ON)",thema_NHK,21520
bisac_HIS006080,HIS006080,HIS,"HISTORY / Canada / Provincial, Territorial & Local / Prairie Provinces (AB, MB, SK)",thema_NHK,21530
bisac_HIS006090,HIS006090,HIS,"HISTORY / Canada / Provincial, Territorial & Local / Quebec (QC)",thema_NHK,21540
bisac_HIS007000,HIS007000,HIS,HISTORY / Latin America / Central America,thema_NHK,21550
bisac_HIS008000,HIS008000,HIS,HISTORY / Asia / China,thema_NHF,21560
bisac_HIS009000,HIS009000,HIS,HISTORY / Middle East / Egypt (see also Ancient / Egypt),thema_NHG,21570
bisac_HIS010000,HIS010000,HIS,HISTORY / Europe / General,thema_NHD,21580
bisac_HIS010010,HIS010010,HIS,HISTORY / Europe / Eastern,thema_NHD,21590
bisac_HIS010020,HIS010020,HIS,HISTORY / Europe / Western,thema_NHD,21600
bisac_HIS013000,HIS013000,HIS,HISTORY / Europe / France,thema_NHD,21610
bisac_HIS014000,HIS014000,HIS,HISTORY / Europe / Germany,thema_NHD,21620
bisac_HIS015000,HIS015000,HIS,HISTORY / Europe / Great Britain / General,thema_NHD,21630
bisac_HIS015010,HIS015010,HIS,HISTORY / Europe / Great Britain / Middle Ages (449-1066),thema_NHDJ,21640
bisac_HIS015020,HIS015020,HIS,HISTORY / Europe / Great Britain / Norman Conquest to Late Medieval (1066-1485),thema_NHDJ,21650
bisac_HIS015030,HIS015030,HIS,HISTORY / Europe / Great Britain / Tudor & Elizabethan Era (1485-1603),thema_NHD,21660
bisac_HIS015040,HIS015040,HIS,HISTORY / Europe / Great Britain / Stuart Era (1603-1714),thema_NHD,21670
bisac_HIS015050,HIS015050,HIS,HISTORY / Europe / Great Britain / Georgian Era (1714-1837),thema_NHD,21680
bisac_HIS015060,HIS015060,HIS,HISTORY / Europe / Great Britain / Victorian Era (1837-1901),thema_NHD,21690
bisac_HIS015070,HIS015070,HIS,HISTORY / Europe / Great Britain / 20th Century,thema_NHD,21700
bisac_HIS015080,HIS015080,HIS,HISTORY / Europe / Great Britain / 21st Century,thema_NHD,21710
bisac_HIS015090,HIS015090,HIS,HISTORY / Europe / Great Britain / Scotland,thema_NHD,21720
bisac_HIS015100,HIS015100,HIS,HISTORY / Europe / Great Britain / Wales,thema_NHD,21730
bisac_HIS016000,HIS016000,HIS,HISTORY / Historiography,thema_NHAH,21740
bisac_HIS017000,HIS017000,HIS,HISTORY / Asia / South / General,thema_NHF,21750
bisac_HIS018000,HIS018000,HIS,HISTORY / Europe / Ireland,thema_NHD,21760
bisac_HIS019000,HIS019000,HIS,HISTORY / Middle East / Israel & Palestine,thema_NHG,21770
bisac_HIS020000,HIS020000,HIS,HISTORY / Europe / Italy,thema_NHD,21780
bisac_HIS021000,HIS021000,HIS,HISTORY / Asia / Japan,thema_NHF,21790
bisac_HIS022000,HIS022000,HIS,HISTORY / Jewish,thema_NHTB,21800
bisac_HIS023000,HIS023000,HIS,HISTORY / Asia / Korea,thema_NHF,21810
bisac_HIS024000,HIS024000,HIS,HISTORY / Latin America / General,thema_NHK,21820
bisac_HIS025000,HIS025000,HIS,HISTORY / Latin America / Mexico,thema_NHK,21830
bisac_HIS026000,HIS026000,HIS,HISTORY / Middle East / General,thema_NHG,21840
bisac_HIS026010,HIS026010,HIS,HISTORY / Middle East / Arabian Peninsula,thema_NHG,21850
bisac_HIS026020,HIS026020,HIS,HISTORY / Middle East / Iran,thema_NHG,21860
bisac_HIS026030,HIS026030,HIS,HISTORY / Middle East / Iraq,thema_NHG,21870
bisac_HIS026040,HIS026040,HIS,HISTORY / Middle East / Syria,thema_NHG,21880
bisac_HIS026050,HIS026050,HIS,HISTORY / Middle East / Lebanon *,,21890
bisac_HIS027000,HIS027000,HIS,HISTORY / Military / General,thema_NHW,21900
bisac_HIS027010,HIS027010,HIS,HISTORY / Military / Biological & Chemical Warfare,"thema_JWMC,thema_NHW",21910
bisac_HIS027020,HIS027020,HIS,HISTORY / Wars & Conflicts / Korean War,thema_NHWR9,21920
bisac_HIS027030,HIS027030,HIS,HISTORY / Military / Nuclear Warfare,"thema_JWMN,thema_NHW",21930
bisac_HIS027040,HIS027040,HIS,HISTORY / Wars & Conflicts / Persian Gulf War (1991),thema_NHWR9,21940
bisac_HIS027050,HIS027050,HIS,HISTORY / Military / Pictorial,"thema_NHW,thema_AJF",21950
bisac_HIS027060,HIS027060,HIS,HISTORY / Military / Strategy,"thema_JWK,thema_NHW",21960
bisac_HIS027070,HIS027070,HIS,HISTORY / Wars & Conflicts / Vietnam War,thema_NHWR9,21970
bisac_HIS027080,HIS027080,HIS,HISTORY / Military / Weapons,"thema_JWM,thema_TTMW",21980
bisac_HIS027090,HIS027090,HIS,HISTORY / Wars & Conflicts / World War I,thema_NHWR5,21990
bisac_HIS027100,HIS027100,HIS,HISTORY / Wars & Conflicts / World War II / General,thema_NHWR7,22000
bisac_HIS027110,HIS027110,HIS,HISTORY / Military / United States,thema_NHW,22010
bisac_HIS027120,HIS027120,HIS,HISTORY / Military / Veterans,"thema_JWXV,thema_NHW",22020
bisac_HIS027130,HIS027130,HIS,HISTORY / Wars & Conflicts / General,thema_NHW,22030
bisac_HIS027140,HIS027140,HIS,HISTORY / Military / Aviation & Space,"thema_JWCM,thema_NHW",22040
bisac_HIS027150,HIS027150,HIS,HISTORY / Military / Naval,"thema_JWCK,thema_NHW",22050
bisac_HIS027160,HIS027160,HIS,HISTORY / Military / Canada,thema_NHW,22060
bisac_HIS027170,HIS027170,HIS,HISTORY / Wars & Conflicts / Iraq War (2003-2011),thema_NHWR9,22070
bisac_HIS027180,HIS027180,HIS,HISTORY / Military / Special Forces,"thema_JWCS,thema_NHW",22080
bisac_HIS027190,HIS027190,HIS,HISTORY / Wars & Conflicts / Afghan War (2001-2021),thema_NHWR9,22090
bisac_HIS027200,HIS027200,HIS,HISTORY / Wars & Conflicts / Napoleonic Wars,thema_NHWR,22100
bisac_HIS027210,HIS027210,HIS,HISTORY / Wars & Conflicts / War of 1812,thema_NHWR,22110
bisac_HIS027220,HIS027220,HIS,HISTORY / Military / Ancient,thema_NHWA,22120
bisac_HIS027230,HIS027230,HIS,HISTORY / Military / Medieval,thema_NHWD,22130
bisac_HIS027240,HIS027240,HIS,HISTORY / Military / Vehicles / General,"thema_JWMV,thema_NHW",22140
bisac_HIS027250,HIS027250,HIS,HISTORY / Military / Civil Wars (see also United States / Civil War Period (1850-1877)),thema_NHWR3,22150
bisac_HIS027260,HIS027260,HIS,HISTORY / Military / Early Modern Warfare (1500-1800),thema_NHWF,22160
bisac_HIS027270,HIS027270,HIS,HISTORY / Military / Fortifications,"thema_NHW,thema_AMKL",22170
bisac_HIS027280,HIS027280,HIS,HISTORY / Military / Guerrilla Warfare,"thema_JWCG,thema_NHW",22180
bisac_HIS027290,HIS027290,HIS,HISTORY / Military / Intelligence & Espionage,"thema_JWKF,thema_NHW",22190
bisac_HIS027300,HIS027300,HIS,HISTORY / Military / Land Forces,"thema_JWCD,thema_NHW",22200
bisac_HIS027310,HIS027310,HIS,HISTORY / Military / Uniforms,"thema_JWTU,thema_NHW",22210
bisac_HIS027320,HIS027320,HIS,HISTORY / Military / Vehicles / Air,"thema_JWMV,thema_JWCM",22220
bisac_HIS027330,HIS027330,HIS,HISTORY / Military / Vehicles / Land,"thema_JWMV,thema_JWCD",22230
bisac_HIS027340,HIS027340,HIS,HISTORY / Military / Vehicles / Sea (see also TRANSPORTATION / Ships & Boats / Submarines),"thema_JWMV,thema_JWCK",22240
bisac_HIS027350,HIS027350,HIS,HISTORY / Wars & Conflicts / Crusades,thema_NHWD,22250
bisac_HIS027360,HIS027360,HIS,HISTORY / Wars & Conflicts / World War II / Eastern Front,thema_NHWR7,22260
bisac_HIS027370,HIS027370,HIS,HISTORY / Wars & Conflicts / World War II / European Theater,thema_NHWR7,22270
bisac_HIS027380,HIS027380,HIS,HISTORY / Wars & Conflicts / World War II / Mediterranean Theater,thema_NHWR7,22280
bisac_HIS027390,HIS027390,HIS,HISTORY / Wars & Conflicts / World War II / Pacific Theater,thema_NHWR7,22290
bisac_HIS028000,HIS028000,HIS,HISTORY / Indigenous / General,"thema_NHTB,thema_JBSL11",22300
bisac_HIS028010,HIS028010,HIS,HISTORY / Indigenous / Creation & Origins,"thema_NHTB,thema_JBSL11",22310
bisac_HIS028020,HIS028020,HIS,HISTORY / Indigenous / Migration,"thema_NHTB,thema_JBSL11",22320
bisac_HIS028030,HIS028030,HIS,HISTORY / Indigenous / Archaeological Stages & Interpretations of Oral History,"thema_NHTD,thema_NKDS",22330
bisac_HIS028040,HIS028040,HIS,"HISTORY / Indigenous / Contact, European Invasion & Exploration","thema_NHTB1,thema_JBSL11",22340
bisac_HIS028050,HIS028050,HIS,"HISTORY / Indigenous / Colonial History & Interaction with Nations, Tribes, Bands & Communities","thema_NHTB1,thema_JBSL11",22350
bisac_HIS028060,HIS028060,HIS,HISTORY / Indigenous / Modern,"thema_NHTB,thema_JBSL11",22360
bisac_HIS029000,HIS029000,HIS,HISTORY / North America,thema_NHK,22370
bisac_HIS030000,HIS030000,HIS,HISTORY / Reference,"thema_NHB,thema_GBC",22380
bisac_HIS031000,HIS031000,HIS,"HISTORY / Revolutions, Uprisings & Rebellions",thema_NHTV,22390
bisac_HIS032000,HIS032000,HIS,HISTORY / Russia / General,thema_NHD,22400
bisac_HIS032010,HIS032010,HIS,HISTORY / Russia / Imperial,thema_NHD,22410
bisac_HIS032020,HIS032020,HIS,HISTORY / Russia / Soviet Era,thema_NHD,22420
bisac_HIS032030,HIS032030,HIS,HISTORY / Russia / Post-Soviet,thema_NHD,22430
bisac_HIS033000,HIS033000,HIS,HISTORY / Latin America / South America,thema_NHK,22440
bisac_HIS035000,HIS035000,HIS,HISTORY / Study & Teaching,"thema_NHB,thema_YPJ",22450
bisac_HIS036000,HIS036000,HIS,HISTORY / United States / General,thema_NHK,22460
bisac_HIS036010,HIS036010,HIS,HISTORY / United States / State & Local / General,"thema_NHK,thema_WQH",22470
bisac_HIS036020,HIS036020,HIS,HISTORY / United States / Colonial Period (1600-1775),thema_NHK,22480
bisac_HIS036030,HIS036030,HIS,HISTORY / United States / Revolutionary Period (1775-1800),thema_NHK,22490
bisac_HIS036040,HIS036040,HIS,HISTORY / United States / 19th Century,thema_NHK,22500
bisac_HIS036050,HIS036050,HIS,HISTORY / United States / Civil War Period (1850-1877),thema_NHK,22510
bisac_HIS036060,HIS036060,HIS,HISTORY / United States / 20th Century,thema_NHK,22520
bisac_HIS036070,HIS036070,HIS,HISTORY / United States / 21st Century,thema_NHK,22530
bisac_HIS036080,HIS036080,HIS,"HISTORY / United States / State & Local / Middle Atlantic (DC, DE, MD, NJ, NY, PA)","thema_NHK,thema_WQH",22540
bisac_HIS036090,HIS036090,HIS,"HISTORY / United States / State & Local / Midwest (IA, IL, IN, KS, MI, MN, MO, ND, NE, OH, SD, WI)","thema_NHK,thema_WQH",22550
bisac_HIS036100,HIS036100,HIS,"HISTORY / United States / State & Local / New England (CT, MA, ME, NH, RI, VT)","thema_NHK,thema_WQH",22560
bisac_HIS036110,HIS036110,HIS,"HISTORY / United States / State & Local / Pacific Northwest (OR, WA)","thema_NHK,thema_WQH",22570
bisac_HIS036120,HIS036120,HIS,"HISTORY / United States / State & Local / South (AL, AR, FL, GA, KY, LA, MS, NC, SC, TN, VA, WV)","thema_NHK,thema_WQH",22580
bisac_HIS036130,HIS036130,HIS,"HISTORY / United States / State & Local / Southwest (AZ, NM, OK, TX)","thema_NHK,thema_WQH",22590
bisac_HIS036140,HIS036140,HIS,"HISTORY / United States / State & Local / West (AK, CA, CO, HI, ID, MT, NV, UT, WY)","thema_NHK,thema_WQH",22600
bisac_HIS037000,HIS037000,HIS,HISTORY / World,thema_NHB,22610
bisac_HIS037010,HIS037010,HIS,HISTORY / Europe / Medieval,thema_NHDJ,22620
bisac_HIS037020,HIS037020,HIS,HISTORY / Europe / Renaissance,thema_NHDL,22630
bisac_HIS037030,HIS037030,HIS,HISTORY / Modern / General,thema_NHB,22640
bisac_HIS037040,HIS037040,HIS,HISTORY / Modern / 17th Century,thema_NHB,22650
bisac_HIS037050,HIS037050,HIS,HISTORY / Modern / 18th Century,thema_NHB,22660
bisac_HIS037060,HIS037060,HIS,HISTORY / Modern / 19th Century,thema_NHB,22670
bisac_HIS037070,HIS037070,HIS,HISTORY / Modern / 20th Century / General,thema_NHB,22680
bisac_HIS037080,HIS037080,HIS,HISTORY / Modern / 21st Century,thema_NHB,22690
bisac_HIS037090,HIS037090,HIS,HISTORY / Modern / 16th Century,thema_NHB,22700
bisac_HIS037100,HIS037100,HIS,HISTORY / Modern / 20th Century / Cold War,thema_NHTW,22710
bisac_HIS038000,HIS038000,HIS,"HISTORY / Americas (North, Central, South, West Indies)",thema_NHK,22720
bisac_HIS039000,HIS039000,HIS,HISTORY / Civilization,thema_NHTB,22730
bisac_HIS040000,HIS040000,HIS,HISTORY / Europe / Austria & Hungary,thema_NHD,22740
bisac_HIS041000,HIS041000,HIS,HISTORY / Caribbean & West Indies / General,thema_NHK,22750
bisac_HIS041010,HIS041010,HIS,HISTORY / Caribbean & West Indies / Cuba,thema_NHK,22760
bisac_HIS041020,HIS041020,HIS,HISTORY / Caribbean & West Indies / Dominican Republic,thema_NHK,22770
bisac_HIS041030,HIS041030,HIS,HISTORY / Caribbean & West Indies / Haiti,thema_NHK,22780
bisac_HIS041040,HIS041040,HIS,HISTORY / Caribbean & West Indies / Jamaica,thema_NHK,22790
bisac_HIS042000,HIS042000,HIS,HISTORY / Europe / Greece (see also Ancient / Greece),thema_NHD,22800
bisac_HIS043000,HIS043000,HIS,HISTORY / Modern / 20th Century / Holocaust,thema_NHTZ1,22810
bisac_HIS044000,HIS044000,HIS,HISTORY / Europe / Nordic Countries,thema_NHD,22820
bisac_HIS045000,HIS045000,HIS,HISTORY / Europe / Spain,thema_NHD,22830
bisac_HIS046000,HIS046000,HIS,HISTORY / Polar Regions,thema_NHQ,22840
bisac_HIS047000,HIS047000,HIS,HISTORY / Africa / South / Republic of South Africa,thema_NHH,22850
bisac_HIS048000,HIS048000,HIS,HISTORY / Asia / Southeast Asia,thema_NHF,22860
bisac_HIS049000,HIS049000,HIS,HISTORY / Essays,thema_NHB,22870
bisac_HIS050000,HIS050000,HIS,HISTORY / Asia / Central Asia,thema_NHF,22880
bisac_HIS051000,HIS051000,HIS,HISTORY / Expeditions & Discoveries,"thema_NHB,thema_RGR",22890
bisac_HIS052000,HIS052000,HIS,HISTORY / Historical Geography,thema_NHTP,22900
bisac_HIS053000,HIS053000,HIS,HISTORY / Oceania,thema_NHM,22910
bisac_HIS054000,HIS054000,HIS,HISTORY / Social History,thema_NHTB,22920
bisac_HIS055000,HIS055000,HIS,HISTORY / Middle East / Turkey & Ottoman Empire,thema_NHG,22930
bisac_HIS056000,HIS056000,HIS,HISTORY / African American & Black,thema_NHTB,22940
bisac_HIS057000,HIS057000,HIS,HISTORY / Maritime History & Piracy,thema_NHTM,22950
bisac_HIS058000,HIS058000,HIS,HISTORY / Women,"thema_NHTB,thema_JBSF1",22960
bisac_HIS059000,HIS059000,HIS,HISTORY / Byzantine Empire,thema_NHQ,22970
bisac_HIS060000,HIS060000,HIS,HISTORY / Europe / Poland,thema_NHD,22980
bisac_HIS061000,HIS061000,HIS,HISTORY / Latin America / Pre-Columbian Era,thema_NHKA,22990
bisac_HIS062000,HIS062000,HIS,HISTORY / Asia / South / India,thema_NHF,23000
bisac_HIS063000,HIS063000,HIS,"HISTORY / Europe / Benelux Countries (Belgium, Netherlands, Luxembourg)",thema_NHD,23010
bisac_HIS064000,HIS064000,HIS,HISTORY / Europe / Portugal,thema_NHD,23020
bisac_HIS065000,HIS065000,HIS,HISTORY / Islamic,thema_NHTB,23030
bisac_HIS066000,HIS066000,HIS,HISTORY / LGBTQ+,"thema_NHTB,thema_JBSJ",23040
bisac_HIS067000,HIS067000,HIS,HISTORY / Europe / Ukraine,thema_NHD,23050
bisac_HIS068000,HIS068000,HIS,HISTORY / Hispanic & Latino,thema_NHTB,23060
bisac_HIS069000,HIS069000,HIS,HISTORY / Indigenous Peoples of Turtle Island,"thema_NHTB,thema_JBSL11",23070
bisac_HIS070000,HIS070000,HIS,HISTORY / Native American,"thema_NHTB,thema_JBSL11",23080
bisac_HIS071000,HIS071000,HIS,HISTORY / Asian American & Pacific Islander,thema_NHTB,23090
bisac_HIS072000,HIS072000,HIS,HISTORY / Disability,"thema_NHTB,thema_JBFM",23100
bisac_HIS073000,HIS073000,HIS,HISTORY / Historical & Collective Memory *,,23110
bisac_HOM000000,HOM000000,HOM,HOUSE & HOME / General,thema_WK,23120
bisac_HOM001000,HOM001000,HOM,HOUSE & HOME / Do-It-Yourself / Carpentry,thema_WKDW,23130
bisac_HOM003000,HOM003000,HOM,HOUSE & HOME / Decorating & Furnishings,thema_WJK,23140
bisac_HOM004000,HOM004000,HOM,HOUSE & HOME / Design & Construction,thema_WK,23150
bisac_HOM005000,HOM005000,HOM,HOUSE & HOME / Do-It-Yourself / General,thema_WKD,23160
bisac_HOM006000,HOM006000,HOM,HOUSE & HOME / Do-It-Yourself / Electrical,"thema_WKD,thema_THRX",23170
bisac_HOM009000,HOM009000,HOM,HOUSE & HOME / Hand Tools,thema_WKD,23180
bisac_HOM010000,HOM010000,HOM,HOUSE & HOME / Maintenance & Repair,thema_WKDM,23190
bisac_HOM011000,HOM011000,HOM,HOUSE & HOME / House Plans,thema_WK,23200
bisac_HOM012000,HOM012000,HOM,HOUSE & HOME / Do-It-Yourself / Masonry,"thema_WKD,thema_TNTB",23210
bisac_HOM013000,HOM013000,HOM,HOUSE & HOME / Outdoor & Recreational Areas,thema_WKU,23220
bisac_HOM014000,HOM014000,HOM,HOUSE & HOME / Do-It-Yourself / Plumbing,"thema_WKD,thema_TNTP",23230
bisac_HOM015000,HOM015000,HOM,HOUSE & HOME / Power Tools,thema_WKD,23240
bisac_HOM016000,HOM016000,HOM,HOUSE & HOME / Reference,"thema_WK,thema_GBC",23250
bisac_HOM017000,HOM017000,HOM,HOUSE & HOME / Remodeling & Renovation,thema_WKR,23260
bisac_HOM019000,HOM019000,HOM,"HOUSE & HOME / Cleaning, Caretaking & Organizing",thema_WKH,23270
bisac_HOM020000,HOM020000,HOM,"HOUSE & HOME / Equipment, Appliances & Supplies",thema_WKDM,23280
bisac_HOM021000,HOM021000,HOM,HOUSE & HOME / Safety & Security (see also headings under SELF-HELP / Safety & Security),"thema_WK,thema_TNKS",23290
bisac_HOM022000,HOM022000,HOM,HOUSE & HOME / Sustainable Living,"thema_WK,thema_VSZ",23300
bisac_HOM023000,HOM023000,HOM,HOUSE & HOME / Small Spaces,"thema_WK,thema_VSZM",23310
bisac_HOM024000,HOM024000,HOM,HOUSE & HOME / Energy,"thema_WK,thema_AMCR",23320
bisac_HOM025000,HOM025000,HOM,HOUSE & HOME / Moving & Relocation,"thema_WK,thema_VS",23330
bisac_HOM026000,HOM026000,HOM,HOUSE & HOME / Entertainment Systems,thema_UDV,23340
bisac_HOM027000,HOM027000,HOM,HOUSE & HOME / Smart Home,thema_UDY,23350
bisac_HUM000000,HUM000000,HUM,HUMOR / General,thema_WH,23360
bisac_HUM001000,HUM001000,HUM,HUMOR / Form / Comic Strips & Cartoons,"thema_WHX,thema_XY",23370
bisac_HUM003000,HUM003000,HUM,HUMOR / Form / Essays,thema_WHX,23380
bisac_HUM004000,HUM004000,HUM,HUMOR / Form / Jokes & Riddles,thema_WHJ,23390
bisac_HUM005000,HUM005000,HUM,HUMOR / Form / Limericks & Verse,"thema_WHX,thema_DC",23400
bisac_HUM006000,HUM006000,HUM,HUMOR / Topic / Politics,thema_WHB,23410
bisac_HUM007000,HUM007000,HUM,HUMOR / Form / Parodies,thema_WHP,23420
bisac_HUM008000,HUM008000,HUM,HUMOR / Topic / Adult,thema_WH,23430
bisac_HUM009000,HUM009000,HUM,HUMOR / Topic / Animals,"thema_WH,thema_WN",23440
bisac_HUM010000,HUM010000,HUM,HUMOR / Topic / Business & Professional,"thema_WH,thema_KJ",23450
bisac_HUM011000,HUM011000,HUM,HUMOR / Topic / Marriage & Family,"thema_WH,thema_VFV",23460
bisac_HUM012000,HUM012000,HUM,"HUMOR / Topic / Men, Women & Relationships","thema_WH,thema_VFVG",23470
bisac_HUM013000,HUM013000,HUM,HUMOR / Topic / Sports & Recreation,"thema_WH,thema_SC",23480
bisac_HUM014000,HUM014000,HUM,HUMOR / Topic / Religion,"thema_WH,thema_QR",23490
bisac_HUM015000,HUM015000,HUM,"HUMOR / Form / Anecdotes, Epigrams & Quotations","thema_WHX,thema_GBCQ",23500
bisac_HUM016000,HUM016000,HUM,HUMOR / Form / Trivia,thema_WDKX,23510
bisac_HUM017000,HUM017000,HUM,HUMOR / Form / Pictorial,thema_WHX,23520
bisac_HUM018000,HUM018000,HUM,HUMOR / Form / Puns & Wordplay,thema_WH,23530
bisac_HUM019000,HUM019000,HUM,HUMOR / Topic / Language,"thema_WH,thema_CBX",23540
bisac_HUM020000,HUM020000,HUM,HUMOR / Topic / Celebrity & Popular Culture,"thema_WH,thema_JBCC1",23550
bisac_HUM021000,HUM021000,HUM,HUMOR / Topic / Regional & Cultural,thema_WHL,23560
bisac_HUM022000,HUM022000,HUM,HUMOR / Topic / History,"thema_WH,thema_NH",23570
bisac_HUM023000,HUM023000,HUM,HUMOR / Topic / Internet & Social Media,"thema_WHG,thema_ATN",23580
bisac_HUM024000,HUM024000,HUM,HUMOR / Topic / LGBTQ+,thema_WH,23590
bisac_HUM025000,HUM025000,HUM,HUMOR / Topic / School & Education,"thema_WH,thema_JN",23600
bisac_HUM026000,HUM026000,HUM,HUMOR / Topic / Travel,"thema_WH,thema_WT",23610
bisac_HUM027000,HUM027000,HUM,HUMOR / Topic / Health & Medicine,"thema_WH,thema_VFJ",23620
bisac_HUM028000,HUM028000,HUM,HUMOR / Topic / Aging,"thema_WH,thema_VFJG",23630
bisac_HUM029000,HUM029000,HUM,HUMOR / Topic / Art & Literature,"thema_WH,thema_AB",23640
bisac_HUM030000,HUM030000,HUM,HUMOR / Topic / Death & Grief,"thema_WH,thema_VFJX",23650
bisac_HUM031000,HUM031000,HUM,HUMOR / Topic / Fashion & Style,"thema_WH,thema_WJF",23660
bisac_HUM032000,HUM032000,HUM,HUMOR / Topic / Food & Drink,"thema_WH,thema_WB",23670
bisac_HUM033000,HUM033000,HUM,HUMOR / Topic / Generational,"thema_WH,thema_JBSP",23680
bisac_HUM034000,HUM034000,HUM,HUMOR / Topic / Law & Crime,"thema_WH,thema_LA",23690
bisac_HUM035000,HUM035000,HUM,HUMOR / Topic / Military,"thema_WH,thema_JWC",23700
bisac_JNF000000,JNF000000,JNF,JUVENILE NONFICTION / General,thema_YN,23710
bisac_JNF001000,JNF001000,JNF,JUVENILE NONFICTION / Activity Books / General,thema_YBG,23720
bisac_JNF001010,JNF001010,JNF,JUVENILE NONFICTION / Activity Books / Coloring,thema_YBGC,23730
bisac_JNF001020,JNF001020,JNF,JUVENILE NONFICTION / Activity Books / Sticker,thema_YBGS,23740
bisac_JNF002000,JNF002000,JNF,JUVENILE NONFICTION / Adventure & Adventurers,thema_YNHA,23750
bisac_JNF003000,JNF003000,JNF,JUVENILE NONFICTION / Animals / General,thema_YNN,23760
bisac_JNF003010,JNF003010,JNF,"JUVENILE NONFICTION / Animals / Apes, Monkeys, etc.",thema_YNNJ29,23770
bisac_JNF003020,JNF003020,JNF,JUVENILE NONFICTION / Animals / Bears,thema_YNNJ23,23780
bisac_JNF003030,JNF003030,JNF,JUVENILE NONFICTION / Animals / Birds,thema_YNNK,23790
bisac_JNF003040,JNF003040,JNF,JUVENILE NONFICTION / Animals / Cats,"thema_YNNH2,thema_YNNJ22",23800
bisac_JNF003050,JNF003050,JNF,JUVENILE NONFICTION / Animals / Dinosaurs & Prehistoric Creatures,thema_YNNA,23810
bisac_JNF003060,JNF003060,JNF,JUVENILE NONFICTION / Animals / Dogs,"thema_YNNH1,thema_YNNJ21",23820
bisac_JNF003070,JNF003070,JNF,JUVENILE NONFICTION / Animals / Elephants,thema_YNNJ2,23830
bisac_JNF003080,JNF003080,JNF,JUVENILE NONFICTION / Animals / Farm Animals,thema_YNNF,23840
bisac_JNF003090,JNF003090,JNF,JUVENILE NONFICTION / Animals / Fish,thema_YNNS,23850
bisac_JNF003100,JNF003100,JNF,JUVENILE NONFICTION / Animals / Foxes,thema_YNNJ21,23860
bisac_JNF003110,JNF003110,JNF,JUVENILE NONFICTION / Animals / Horses,"thema_YNNJ24,thema_YNNH4",23870
bisac_JNF003120,JNF003120,JNF,"JUVENILE NONFICTION / Animals / Insects, Spiders, etc.",thema_YNNL,23880
bisac_JNF003130,JNF003130,JNF,"JUVENILE NONFICTION / Animals / Lions, Tigers, Leopards, etc.",thema_YNNJ22,23890
bisac_JNF003140,JNF003140,JNF,JUVENILE NONFICTION / Animals / Mammals,thema_YNNJ,23900
bisac_JNF003150,JNF003150,JNF,JUVENILE NONFICTION / Animals / Marine Life,thema_YNNS,23910
bisac_JNF003160,JNF003160,JNF,"JUVENILE NONFICTION / Animals / Mice, Hamsters, Guinea Pigs, Squirrels, etc.",thema_YNNJ31,23920
bisac_JNF003170,JNF003170,JNF,JUVENILE NONFICTION / Animals / Pets,thema_YNNH,23930
bisac_JNF003180,JNF003180,JNF,JUVENILE NONFICTION / Animals / Rabbits,thema_YNNJ31,23940
bisac_JNF003190,JNF003190,JNF,JUVENILE NONFICTION / Animals / Reptiles & Amphibians,thema_YNNM,23950
bisac_JNF003200,JNF003200,JNF,JUVENILE NONFICTION / Animals / Zoos,thema_YNNB,23960
bisac_JNF003210,JNF003210,JNF,"JUVENILE NONFICTION / Animals / Ducks, Geese, etc.",thema_YNNK,23970
bisac_JNF003220,JNF003220,JNF,JUVENILE NONFICTION / Animals / Animal Welfare,thema_YNN,23980
bisac_JNF003230,JNF003230,JNF,"JUVENILE NONFICTION / Animals / Deer, Moose & Caribou",thema_YNNJ28,23990
bisac_JNF003240,JNF003240,JNF,"JUVENILE NONFICTION / Animals / Wolves, Coyotes & Wild Dogs",thema_YNNJ21,24000
bisac_JNF003250,JNF003250,JNF,"JUVENILE NONFICTION / Animals / Butterflies, Moths & Caterpillars",thema_YNNL,24010
bisac_JNF003260,JNF003260,JNF,JUVENILE NONFICTION / Animals / Cows,thema_YNNJ25,24020
bisac_JNF003270,JNF003270,JNF,JUVENILE NONFICTION / Animals / Endangered,"thema_YNNB,thema_YXZG",24030
bisac_JNF003280,JNF003280,JNF,JUVENILE NONFICTION / Animals / Giraffes,thema_YNNJ2,24040
bisac_JNF003290,JNF003290,JNF,JUVENILE NONFICTION / Animals / Hippos & Rhinos,"thema_YNNJ2,thema_YNNJ1",24050
bisac_JNF003300,JNF003300,JNF,JUVENILE NONFICTION / Animals / Jungle Animals,thema_YNNB2,24060
bisac_JNF003310,JNF003310,JNF,JUVENILE NONFICTION / Animals / Kangaroos,thema_YNNJ9,24070
bisac_JNF003320,JNF003320,JNF,JUVENILE NONFICTION / Animals / Nocturnal,thema_YNNB,24080
bisac_JNF003330,JNF003330,JNF,JUVENILE NONFICTION / Animals / Baby Animals,"thema_YNN,thema_YBLL",24090
bisac_JNF003340,JNF003340,JNF,JUVENILE NONFICTION / Animals / Frogs & Toads,thema_YNNM,24100
bisac_JNF003350,JNF003350,JNF,JUVENILE NONFICTION / Animals / Penguins,"thema_YNNK,thema_YNNB9",24110
bisac_JNF003360,JNF003360,JNF,JUVENILE NONFICTION / Animals / Turtles & Tortoises,thema_YNNM,24120
bisac_JNF003370,JNF003370,JNF,JUVENILE NONFICTION / Animals / Worms,thema_YNNL,24130
bisac_JNF003380,JNF003380,JNF,JUVENILE NONFICTION / Animals / Rescue *,,24140
bisac_JNF004000,JNF004000,JNF,JUVENILE NONFICTION / Antiques & Collectibles,thema_YNV,24150
bisac_JNF005000,JNF005000,JNF,JUVENILE NONFICTION / Architecture,thema_YNTP,24160
bisac_JNF006000,JNF006000,JNF,JUVENILE NONFICTION / Art / General,thema_YNA,24170
bisac_JNF006010,JNF006010,JNF,JUVENILE NONFICTION / Art / Cartooning,"thema_YNPB,thema_AKLC",24180
bisac_JNF006020,JNF006020,JNF,JUVENILE NONFICTION / Art / Drawing,"thema_YNPB,thema_AFF",24190
bisac_JNF006030,JNF006030,JNF,JUVENILE NONFICTION / Art / Fashion,thema_YNPJ,24200
bisac_JNF006040,JNF006040,JNF,JUVENILE NONFICTION / Art / History,"thema_YNA,thema_AGA",24210
bisac_JNF006050,JNF006050,JNF,JUVENILE NONFICTION / Art / Painting,"thema_YNA,thema_YNPB",24220
bisac_JNF006060,JNF006060,JNF,JUVENILE NONFICTION / Art / Sculpture,"thema_YNA,thema_YNPB",24230
bisac_JNF006070,JNF006070,JNF,JUVENILE NONFICTION / Art / Techniques,thema_YNPB,24240
bisac_JNF007000,JNF007000,JNF,JUVENILE NONFICTION / Biography & Autobiography / General,thema_YNB,24250
bisac_JNF007010,JNF007010,JNF,JUVENILE NONFICTION / Biography & Autobiography / Art,"thema_YNB,thema_YNA",24260
bisac_JNF007020,JNF007020,JNF,JUVENILE NONFICTION / Biography & Autobiography / Historical,"thema_YNB,thema_YNH",24270
bisac_JNF007030,JNF007030,JNF,JUVENILE NONFICTION / Biography & Autobiography / Literary,"thema_YNB,thema_YNL",24280
bisac_JNF007040,JNF007040,JNF,JUVENILE NONFICTION / Biography & Autobiography / Music,"thema_YNB,thema_YNC",24290
bisac_JNF007050,JNF007050,JNF,JUVENILE NONFICTION / Biography & Autobiography / Cultural & Regional,thema_YNB,24300
bisac_JNF007060,JNF007060,JNF,JUVENILE NONFICTION / Biography & Autobiography / Performing Arts,"thema_YNB,thema_YND",24310
bisac_JNF007070,JNF007070,JNF,JUVENILE NONFICTION / Biography & Autobiography / Political,"thema_YNB,thema_YNKA",24320
bisac_JNF007080,JNF007080,JNF,JUVENILE NONFICTION / Biography & Autobiography / Religious (see also Religious / Christian / Biography & Autobiography),"thema_YNB,thema_YNR",24330
bisac_JNF007090,JNF007090,JNF,JUVENILE NONFICTION / Biography & Autobiography / Science & Technology,"thema_YNB,thema_YNT",24340
bisac_JNF007100,JNF007100,JNF,JUVENILE NONFICTION / Biography & Autobiography / Sports & Recreation,"thema_YNB,thema_YNW",24350
bisac_JNF007110,JNF007110,JNF,JUVENILE NONFICTION / Biography & Autobiography / Social Activists,"thema_YNB,thema_YXZB",24360
bisac_JNF007120,JNF007120,JNF,JUVENILE NONFICTION / Biography & Autobiography / Women,"thema_YNB,thema_YNMF",24370
bisac_JNF007130,JNF007130,JNF,JUVENILE NONFICTION / Biography & Autobiography / Presidents & First Families (U.S.),"thema_YNB,thema_YNKA",24380
bisac_JNF007140,JNF007140,JNF,JUVENILE NONFICTION / Biography & Autobiography / Royalty,"thema_YNB,thema_YNMW",24390
bisac_JNF007150,JNF007150,JNF,JUVENILE NONFICTION / Biography & Autobiography / LGBTQ+,"thema_YNB,thema_YXB",24400
bisac_JNF008000,JNF008000,JNF,JUVENILE NONFICTION / Paranormal & Supernatural,thema_YNX,24410
bisac_JNF009000,JNF009000,JNF,JUVENILE NONFICTION / Boys & Men,thema_YNMH,24420
bisac_JNF010000,JNF010000,JNF,JUVENILE NONFICTION / Business & Economics,thema_YNPK,24430
bisac_JNF011000,JNF011000,JNF,JUVENILE NONFICTION / Careers,thema_YNK,24440
bisac_JNF012000,JNF012000,JNF,JUVENILE NONFICTION / Computers / General,thema_YNTC,24450
bisac_JNF012010,JNF012010,JNF,JUVENILE NONFICTION / Computers / Entertainment & Games,thema_YNVU,24460
bisac_JNF012030,JNF012030,JNF,JUVENILE NONFICTION / Computers / Internet & Social Media,"thema_YNTC,thema_YNTC2",24470
bisac_JNF012040,JNF012040,JNF,JUVENILE NONFICTION / Computers / Coding & Programming,thema_YNTC1,24480
bisac_JNF012050,JNF012050,JNF,JUVENILE NONFICTION / Computers / Software,thema_YNTC,24490
bisac_JNF013000,JNF013000,JNF,JUVENILE NONFICTION / Concepts / General,thema_YBL,24500
bisac_JNF013010,JNF013010,JNF,JUVENILE NONFICTION / Concepts / Alphabet,thema_YBLA,24510
bisac_JNF013020,JNF013020,JNF,JUVENILE NONFICTION / Concepts / Colors,thema_YBLD,24520
bisac_JNF013030,JNF013030,JNF,JUVENILE NONFICTION / Concepts / Counting & Numbers,thema_YBLC,24530
bisac_JNF013040,JNF013040,JNF,JUVENILE NONFICTION / Concepts / Money,"thema_YBLC,thema_YNPK",24540
bisac_JNF013050,JNF013050,JNF,JUVENILE NONFICTION / Concepts / Opposites,thema_YBLF,24550
bisac_JNF013060,JNF013060,JNF,JUVENILE NONFICTION / Concepts / Senses & Sensation,thema_YBLN1,24560
bisac_JNF013070,JNF013070,JNF,JUVENILE NONFICTION / Concepts / Size & Shape,thema_YBLH,24570
bisac_JNF013080,JNF013080,JNF,JUVENILE NONFICTION / Concepts / Date & Time,thema_YBLJ,24580
bisac_JNF013090,JNF013090,JNF,JUVENILE NONFICTION / Concepts / Seasons,thema_YBLJ,24590
bisac_JNF013100,JNF013100,JNF,JUVENILE NONFICTION / Concepts / Sounds,thema_YBLN1,24600
bisac_JNF013110,JNF013110,JNF,JUVENILE NONFICTION / Concepts / Body,thema_YBLN1,24610
bisac_JNF013120,JNF013120,JNF,JUVENILE NONFICTION / Concepts / Words (see also headings under Language Arts),thema_YBLA,24620
bisac_JNF014000,JNF014000,JNF,JUVENILE NONFICTION / Cooking & Food,thema_YNPC,24630
bisac_JNF015000,JNF015000,JNF,JUVENILE NONFICTION / Crafts & Hobbies,"thema_YNPH,thema_YNV",24640
bisac_JNF016000,JNF016000,JNF,JUVENILE NONFICTION / Curiosities & Wonders,"thema_YNG,thema_YNX",24650
bisac_JNF017000,JNF017000,JNF,JUVENILE NONFICTION / Drama,thema_YNDS,24660
bisac_JNF018010,JNF018010,JNF,JUVENILE NONFICTION / African American & Black / General,thema_YNM,24670
bisac_JNF018020,JNF018020,JNF,JUVENILE NONFICTION / Asian American & Pacific Islander,thema_YNM,24680
bisac_JNF018030,JNF018030,JNF,JUVENILE NONFICTION / Hispanic & Latino,thema_YNM,24690
bisac_JNF018040,JNF018040,JNF,JUVENILE NONFICTION / Native American,thema_YNM,24700
bisac_JNF018060,JNF018060,JNF,JUVENILE NONFICTION / African American & Black / Black Hair *,,24710
bisac_JNF018070,JNF018070,JNF,JUVENILE NONFICTION / African American & Black / Family Life *,,24720
bisac_JNF018080,JNF018080,JNF,JUVENILE NONFICTION / African American & Black / History *,,24730
bisac_JNF019000,JNF019000,JNF,JUVENILE NONFICTION / Family / General (see also headings under Social Topics),thema_YXF,24740
bisac_JNF019010,JNF019010,JNF,JUVENILE NONFICTION / Family / Adoption,thema_YXFF,24750
bisac_JNF019020,JNF019020,JNF,JUVENILE NONFICTION / Family / Marriage & Divorce,thema_YXF,24760
bisac_JNF019030,JNF019030,JNF,JUVENILE NONFICTION / Family / Multigenerational,thema_YXF,24770
bisac_JNF019040,JNF019040,JNF,JUVENILE NONFICTION / Family / New Baby,thema_YXFS,24780
bisac_JNF019050,JNF019050,JNF,JUVENILE NONFICTION / Family / Orphans & Foster Homes,thema_YXFF,24790
bisac_JNF019060,JNF019060,JNF,JUVENILE NONFICTION / Family / Parents,thema_YXF,24800
bisac_JNF019070,JNF019070,JNF,JUVENILE NONFICTION / Family / Siblings,thema_YXFR,24810
bisac_JNF019080,JNF019080,JNF,JUVENILE NONFICTION / Family / Blended Families,thema_YXF,24820
bisac_JNF019090,JNF019090,JNF,JUVENILE NONFICTION / Family / Alternative Family,thema_YXF,24830
bisac_JNF019100,JNF019100,JNF,JUVENILE NONFICTION / Family / Grandparents,thema_YXFC,24840
bisac_JNF020000,JNF020000,JNF,JUVENILE NONFICTION / Language Study / General,thema_YPCK,24850
bisac_JNF020010,JNF020010,JNF,JUVENILE NONFICTION / Language Study / English as a Second Language,thema_YPCK,24860
bisac_JNF020020,JNF020020,JNF,JUVENILE NONFICTION / Language Study / French,thema_YPCK,24870
bisac_JNF020030,JNF020030,JNF,JUVENILE NONFICTION / Language Study / Spanish,thema_YPCK,24880
bisac_JNF020040,JNF020040,JNF,JUVENILE NONFICTION / Language Study / Indigenous Languages in the Americas,thema_YPC,24890
bisac_JNF021000,JNF021000,JNF,JUVENILE NONFICTION / Games & Activities / General,thema_YNV,24900
bisac_JNF021010,JNF021010,JNF,JUVENILE NONFICTION / Games & Activities / Board Games,"thema_YNVM,thema_WDMG",24910
bisac_JNF021020,JNF021020,JNF,JUVENILE NONFICTION / Games & Activities / Card Games,"thema_YNVM,thema_WDMC",24920
bisac_JNF021030,JNF021030,JNF,JUVENILE NONFICTION / Games & Activities / Magic,"thema_YNV,thema_ATXF",24930
bisac_JNF021040,JNF021040,JNF,JUVENILE NONFICTION / Games & Activities / Puzzles,thema_YNVP,24940
bisac_JNF021050,JNF021050,JNF,JUVENILE NONFICTION / Games & Activities / Questions & Answers,thema_YNG,24950
bisac_JNF021060,JNF021060,JNF,JUVENILE NONFICTION / Games & Activities / Video & Electronic Games,thema_YNVU,24960
bisac_JNF021070,JNF021070,JNF,JUVENILE NONFICTION / Games & Activities / Word Games,"thema_YNVP,thema_WDKC",24970
bisac_JNF022000,JNF022000,JNF,JUVENILE NONFICTION / Gardening,thema_YNPG,24980
bisac_JNF023000,JNF023000,JNF,JUVENILE NONFICTION / Girls & Women,thema_YNMF,24990
bisac_JNF024000,JNF024000,JNF,JUVENILE NONFICTION / Health & Daily Living / General,thema_YXA,25000
bisac_JNF024010,JNF024010,JNF,JUVENILE NONFICTION / Health & Daily Living / Diet & Nutrition,thema_YXAB,25010
bisac_JNF024020,JNF024020,JNF,"JUVENILE NONFICTION / Health & Daily Living / Diseases, Illnesses & Injuries",thema_YXLB,25020
bisac_JNF024030,JNF024030,JNF,JUVENILE NONFICTION / Health & Daily Living / First Aid,"thema_YXLB,thema_VFDF",25030
bisac_JNF024040,JNF024040,JNF,JUVENILE NONFICTION / Health & Daily Living / Fitness & Exercise,thema_YXAB,25040
bisac_JNF024050,JNF024050,JNF,JUVENILE NONFICTION / Maturing,thema_YXW,25050
bisac_JNF024060,JNF024060,JNF,JUVENILE NONFICTION / Health & Daily Living / Personal Hygiene,thema_YXA,25060
bisac_JNF024070,JNF024070,JNF,JUVENILE NONFICTION / Health & Daily Living / Physical Impairments,thema_YXK,25070
bisac_JNF024080,JNF024080,JNF,JUVENILE NONFICTION / Health & Daily Living / Safety,thema_YXR,25080
bisac_JNF024090,JNF024090,JNF,JUVENILE NONFICTION / Health & Daily Living / Sexuality & Pregnancy,thema_YXAX,25090
bisac_JNF024100,JNF024100,JNF,"JUVENILE NONFICTION / Health & Daily Living / Drugs, Alcohol, Substance Abuse",thema_YXJ,25100
bisac_JNF024110,JNF024110,JNF,JUVENILE NONFICTION / Health & Daily Living / Toilet Training,thema_YBLM1,25110
bisac_JNF024120,JNF024120,JNF,JUVENILE NONFICTION / Health & Daily Living / Daily Activities,"thema_YXA,thema_YNMP",25120
bisac_JNF024130,JNF024130,JNF,JUVENILE NONFICTION / Health & Daily Living / Mindfulness & Meditation,thema_YXAD,25130
bisac_JNF024140,JNF024140,JNF,JUVENILE NONFICTION / Health & Daily Living / Mental Health,thema_YXLD,25140
bisac_JNF024150,JNF024150,JNF,JUVENILE NONFICTION / Health & Daily Living / Puberty,thema_YXAX1,25150
bisac_JNF025000,JNF025000,JNF,JUVENILE NONFICTION / History / General,thema_YNH,25160
bisac_JNF025010,JNF025010,JNF,JUVENILE NONFICTION / History / Africa,"thema_YNH,thema_NHH",25170
bisac_JNF025020,JNF025020,JNF,JUVENILE NONFICTION / History / Ancient,"thema_YNH,thema_NHC",25180
bisac_JNF025030,JNF025030,JNF,JUVENILE NONFICTION / History / Asia,"thema_YNH,thema_NHF",25190
bisac_JNF025040,JNF025040,JNF,JUVENILE NONFICTION / History / Australia & Oceania,"thema_YNH,thema_NHM",25200
bisac_JNF025050,JNF025050,JNF,JUVENILE NONFICTION / History / Canada / General,"thema_YNH,thema_NHK",25210
bisac_JNF025060,JNF025060,JNF,JUVENILE NONFICTION / History / Central & South America,"thema_YNH,thema_NHK",25220
bisac_JNF025070,JNF025070,JNF,JUVENILE NONFICTION / History / Europe,"thema_YNH,thema_NHD",25230
bisac_JNF025080,JNF025080,JNF,JUVENILE NONFICTION / History / Exploration & Discovery,thema_YNHD,25240
bisac_JNF025090,JNF025090,JNF,JUVENILE NONFICTION / History / Holocaust,"thema_YNH,thema_NHTZ1",25250
bisac_JNF025100,JNF025100,JNF,JUVENILE NONFICTION / History / Medieval,"thema_YNH,thema_NHDJ",25260
bisac_JNF025110,JNF025110,JNF,JUVENILE NONFICTION / History / Mexico,"thema_YNH,thema_NHK",25270
bisac_JNF025120,JNF025120,JNF,JUVENILE NONFICTION / History / Middle East,"thema_YNH,thema_NHG",25280
bisac_JNF025130,JNF025130,JNF,JUVENILE NONFICTION / History / Military & Wars,thema_YNJ,25290
bisac_JNF025140,JNF025140,JNF,JUVENILE NONFICTION / History / Modern,thema_YNH,25300
bisac_JNF025150,JNF025150,JNF,JUVENILE NONFICTION / History / Prehistoric,"thema_YNH,thema_NHC",25310
bisac_JNF025160,JNF025160,JNF,JUVENILE NONFICTION / History / Renaissance,"thema_YNH,thema_NHDL",25320
bisac_JNF025170,JNF025170,JNF,JUVENILE NONFICTION / History / United States / General,"thema_YNH,thema_NHK",25330
bisac_JNF025180,JNF025180,JNF,JUVENILE NONFICTION / History / United States / State & Local,"thema_YNH,thema_NHK",25340
bisac_JNF025190,JNF025190,JNF,JUVENILE NONFICTION / History / United States / Colonial & Revolutionary Periods,"thema_YNH,thema_NHK",25350
bisac_JNF025200,JNF025200,JNF,JUVENILE NONFICTION / History / United States / 19th Century,"thema_YNH,thema_NHK",25360
bisac_JNF025210,JNF025210,JNF,JUVENILE NONFICTION / History / United States / 20th Century,"thema_YNH,thema_NHK",25370
bisac_JNF025230,JNF025230,JNF,JUVENILE NONFICTION / History / Canada / Pre-Confederation (to 1867),"thema_YNH,thema_NHK",25380
bisac_JNF025240,JNF025240,JNF,JUVENILE NONFICTION / History / Canada / Post-Confederation (1867-),"thema_YNH,thema_NHK",25390
bisac_JNF025250,JNF025250,JNF,JUVENILE NONFICTION / History / United States / 21st Century,"thema_YNH,thema_NHK",25400
bisac_JNF025260,JNF025260,JNF,"JUVENILE NONFICTION / History / Symbols, Monuments, National Parks, etc.",thema_YNMC,25410
bisac_JNF025270,JNF025270,JNF,JUVENILE NONFICTION / History / United States / Civil War Period (1850-1877),"thema_YNH,thema_NHK",25420
bisac_JNF026000,JNF026000,JNF,JUVENILE NONFICTION / Holidays & Celebrations / General (see also Religious / Christian / Holidays & Celebrations),thema_YNMD,25430
bisac_JNF026010,JNF026010,JNF,JUVENILE NONFICTION / Holidays & Celebrations / Christmas & Advent,"thema_YNMD,thema_YNRM",25440
bisac_JNF026020,JNF026020,JNF,JUVENILE NONFICTION / Holidays & Celebrations / Easter & Lent,"thema_YNMD,thema_YNRM",25450
bisac_JNF026030,JNF026030,JNF,JUVENILE NONFICTION / Holidays & Celebrations / Halloween,thema_YNMD,25460
bisac_JNF026050,JNF026050,JNF,JUVENILE NONFICTION / Holidays & Celebrations / Kwanzaa,thema_YNMD,25470
bisac_JNF026060,JNF026060,JNF,JUVENILE NONFICTION / Holidays & Celebrations / Thanksgiving,thema_YNMD,25480
bisac_JNF026070,JNF026070,JNF,JUVENILE NONFICTION / Holidays & Celebrations / Valentine's Day,thema_YNMD,25490
bisac_JNF026080,JNF026080,JNF,"JUVENILE NONFICTION / Holidays & Celebrations / Other, Non-Religious",thema_YNMD,25500
bisac_JNF026090,JNF026090,JNF,"JUVENILE NONFICTION / Holidays & Celebrations / Other, Religious",thema_YNMD,25510
bisac_JNF026100,JNF026100,JNF,JUVENILE NONFICTION / Holidays & Celebrations / Birthdays,thema_YNMD,25520
bisac_JNF026110,JNF026110,JNF,JUVENILE NONFICTION / Holidays & Celebrations / Hanukkah,"thema_YNMD,thema_YNRJ",25530
bisac_JNF026120,JNF026120,JNF,JUVENILE NONFICTION / Holidays & Celebrations / Passover,"thema_YNMD,thema_YNRJ",25540
bisac_JNF026130,JNF026130,JNF,JUVENILE NONFICTION / Holidays & Celebrations / Patriotic Holidays,"thema_YNMD,thema_YNMC",25550
bisac_JNF026140,JNF026140,JNF,JUVENILE NONFICTION / Holidays & Celebrations / Day of the Dead,thema_YNMD,25560
bisac_JNF026150,JNF026150,JNF,JUVENILE NONFICTION / Holidays & Celebrations / Diwali,"thema_YNMD,thema_YNRD",25570
bisac_JNF026160,JNF026160,JNF,JUVENILE NONFICTION / Holidays & Celebrations / Juneteenth,thema_YNMD,25580
bisac_JNF026170,JNF026170,JNF,JUVENILE NONFICTION / Holidays & Celebrations / Lunar New Year,thema_YNMD,25590
bisac_JNF026180,JNF026180,JNF,JUVENILE NONFICTION / Holidays & Celebrations / Ramadan,"thema_YNMD,thema_YNRP",25600
bisac_JNF026190,JNF026190,JNF,JUVENILE NONFICTION / Holidays & Celebrations / Pride Month *,,25610
bisac_JNF027000,JNF027000,JNF,JUVENILE NONFICTION / House & Home,thema_YNMP,25620
bisac_JNF028000,JNF028000,JNF,JUVENILE NONFICTION / Humor / General,thema_YNU,25630
bisac_JNF028010,JNF028010,JNF,JUVENILE NONFICTION / Humor / Comic Strips & Cartoons,thema_YNUC,25640
bisac_JNF028020,JNF028020,JNF,JUVENILE NONFICTION / Humor / Jokes & Riddles,thema_YNU,25650
bisac_JNF029000,JNF029000,JNF,JUVENILE NONFICTION / Language Arts / General,thema_YPC,25660
bisac_JNF029010,JNF029010,JNF,JUVENILE NONFICTION / Language Arts / Composition & Creative Writing,thema_YPCA2,25670
bisac_JNF029020,JNF029020,JNF,JUVENILE NONFICTION / Language Arts / Grammar,thema_YPCA4,25680
bisac_JNF029030,JNF029030,JNF,JUVENILE NONFICTION / Language Arts / Handwriting,thema_YPCA22,25690
bisac_JNF029040,JNF029040,JNF,JUVENILE NONFICTION / Language Arts / Vocabulary & Spelling,thema_YPCA23,25700
bisac_JNF029050,JNF029050,JNF,JUVENILE NONFICTION / Language Arts / Sign Language,thema_YPC,25710
bisac_JNF029060,JNF029060,JNF,JUVENILE NONFICTION / Language Arts / Journal Writing,"thema_YPCA2,thema_VSPE",25720
bisac_JNF030000,JNF030000,JNF,JUVENILE NONFICTION / Law & Crime,thema_YNKC,25730
bisac_JNF031000,JNF031000,JNF,JUVENILE NONFICTION / Lifestyles / City & Town Life,thema_YNMK,25740
bisac_JNF032000,JNF032000,JNF,JUVENILE NONFICTION / Lifestyles / Country Life,thema_YNML,25750
bisac_JNF033000,JNF033000,JNF,JUVENILE NONFICTION / Lifestyles / Farm & Ranch Life,thema_YNML,25760
bisac_JNF034000,JNF034000,JNF,JUVENILE NONFICTION / Literary Criticism & Collections,thema_YNL,25770
bisac_JNF035000,JNF035000,JNF,JUVENILE NONFICTION / Mathematics / General,"thema_YNTM,thema_YPMF",25780
bisac_JNF035020,JNF035020,JNF,JUVENILE NONFICTION / Mathematics / Algebra,"thema_YNTM,thema_YPMF2",25790
bisac_JNF035030,JNF035030,JNF,JUVENILE NONFICTION / Mathematics / Arithmetic,"thema_YNTM,thema_YPMF1",25800
bisac_JNF035040,JNF035040,JNF,JUVENILE NONFICTION / Mathematics / Fractions,"thema_YNTM,thema_YPMF",25810
bisac_JNF035050,JNF035050,JNF,JUVENILE NONFICTION / Mathematics / Geometry,"thema_YNTM,thema_YPMF3",25820
bisac_JNF036000,JNF036000,JNF,JUVENILE NONFICTION / Music / General,thema_YNC,25830
bisac_JNF036010,JNF036010,JNF,JUVENILE NONFICTION / Music / Classical,thema_YNC,25840
bisac_JNF036020,JNF036020,JNF,JUVENILE NONFICTION / Music / History,"thema_YNC,thema_AVM",25850
bisac_JNF036030,JNF036030,JNF,JUVENILE NONFICTION / Music / Instruction & Study,"thema_YNCB,thema_YPAD",25860
bisac_JNF036040,JNF036040,JNF,JUVENILE NONFICTION / Music / Jazz,thema_YNC,25870
bisac_JNF036050,JNF036050,JNF,JUVENILE NONFICTION / Music / Popular,"thema_YNC,thema_AVLP",25880
bisac_JNF036060,JNF036060,JNF,JUVENILE NONFICTION / Music / Rap & Hip Hop,thema_YNC,25890
bisac_JNF036070,JNF036070,JNF,JUVENILE NONFICTION / Music / Rock,thema_YNC,25900
bisac_JNF036080,JNF036080,JNF,JUVENILE NONFICTION / Music / Songbooks,thema_YNCS,25910
bisac_JNF036090,JNF036090,JNF,JUVENILE NONFICTION / Music / Instruments,thema_YNCB,25920
bisac_JNF037010,JNF037010,JNF,JUVENILE NONFICTION / Science & Nature / Earth Sciences / Earthquakes & Volcanoes,"thema_YNNV,thema_YPMP7",25930
bisac_JNF037020,JNF037020,JNF,JUVENILE NONFICTION / Science & Nature / Environmental Conservation & Protection,"thema_YXZG,thema_YPMP6",25940
bisac_JNF037030,JNF037030,JNF,JUVENILE NONFICTION / Science & Nature / Flowers & Plants,"thema_YNNT,thema_YPMP1",25950
bisac_JNF037040,JNF037040,JNF,JUVENILE NONFICTION / Science & Nature / Trees & Forests,"thema_YNNT,thema_YPMP1",25960
bisac_JNF037050,JNF037050,JNF,JUVENILE NONFICTION / Science & Nature / Fossils,"thema_YNNA,thema_YPMP",25970
bisac_JNF037060,JNF037060,JNF,JUVENILE NONFICTION / Science & Nature / Earth Sciences / Rocks & Minerals,"thema_YNNV1,thema_YPMP7",25980
bisac_JNF037070,JNF037070,JNF,"JUVENILE NONFICTION / Science & Nature / Earth Sciences / Water (Oceans, Lakes, etc.)","thema_YNNB1,thema_YPMP7",25990
bisac_JNF037080,JNF037080,JNF,JUVENILE NONFICTION / Science & Nature / Earth Sciences / Weather,"thema_YNNV2,thema_YPMP7",26000
bisac_JNF037090,JNF037090,JNF,JUVENILE NONFICTION / Science & Nature / Fungi & Mushrooms *,,26010
bisac_JNF038000,JNF038000,JNF,JUVENILE NONFICTION / Places / General,thema_YNM,26020
bisac_JNF038010,JNF038010,JNF,JUVENILE NONFICTION / Places / Africa,thema_YNM,26030
bisac_JNF038020,JNF038020,JNF,JUVENILE NONFICTION / Places / Asia,thema_YNM,26040
bisac_JNF038030,JNF038030,JNF,JUVENILE NONFICTION / Places / Australia & Oceania,thema_YNM,26050
bisac_JNF038040,JNF038040,JNF,JUVENILE NONFICTION / Places / Canada,thema_YNM,26060
bisac_JNF038050,JNF038050,JNF,JUVENILE NONFICTION / Places / Caribbean & Latin America,thema_YNM,26070
bisac_JNF038060,JNF038060,JNF,JUVENILE NONFICTION / Places / Europe,thema_YNM,26080
bisac_JNF038070,JNF038070,JNF,JUVENILE NONFICTION / Places / Mexico,thema_YNM,26090
bisac_JNF038080,JNF038080,JNF,JUVENILE NONFICTION / Places / Middle East,thema_YNM,26100
bisac_JNF038090,JNF038090,JNF,JUVENILE NONFICTION / Places / Polar Regions,thema_YNM,26110
bisac_JNF038100,JNF038100,JNF,JUVENILE NONFICTION / Places / United States,thema_YNM,26120
bisac_JNF038120,JNF038120,JNF,JUVENILE NONFICTION / Indigenous Peoples of Turtle Island,thema_YNM,26130
bisac_JNF038130,JNF038130,JNF,JUVENILE NONFICTION / Middle Eastern & Arab American,thema_YNM,26140
bisac_JNF038140,JNF038140,JNF,JUVENILE NONFICTION / Religion / Indigenous / Teachings & Traditions,"thema_YNRR,thema_QRRT",26150
bisac_JNF039000,JNF039000,JNF,JUVENILE NONFICTION / Performing Arts / General,thema_YND,26160
bisac_JNF039010,JNF039010,JNF,JUVENILE NONFICTION / Performing Arts / Circus,"thema_YND,thema_ATXC",26170
bisac_JNF039020,JNF039020,JNF,JUVENILE NONFICTION / Performing Arts / Dance,thema_YNDB,26180
bisac_JNF039030,JNF039030,JNF,JUVENILE NONFICTION / Performing Arts / Film,"thema_YNF,thema_ATF",26190
bisac_JNF039040,JNF039040,JNF,JUVENILE NONFICTION / Performing Arts / Television & Radio,"thema_YNF,thema_ATJ",26200
bisac_JNF039050,JNF039050,JNF,JUVENILE NONFICTION / Performing Arts / Theater & Musicals,"thema_YND,thema_ATD",26210
bisac_JNF040000,JNF040000,JNF,JUVENILE NONFICTION / Philosophy,thema_YNRA,26220
bisac_JNF041000,JNF041000,JNF,JUVENILE NONFICTION / Photography,"thema_YNPB,thema_AJ",26230
bisac_JNF042000,JNF042000,JNF,JUVENILE NONFICTION / Poetry / General,thema_YDP,26240
bisac_JNF042010,JNF042010,JNF,JUVENILE NONFICTION / Poetry / Humorous,"thema_YDP,thema_YNU",26250
bisac_JNF043000,JNF043000,JNF,JUVENILE NONFICTION / Social Science / Politics & Government,"thema_YNKA,thema_YPJJ1",26260
bisac_JNF044000,JNF044000,JNF,JUVENILE NONFICTION / Social Science / Psychology,thema_YPJJ5,26270
bisac_JNF045000,JNF045000,JNF,JUVENILE NONFICTION / Readers / Beginner,thema_YPCA1,26280
bisac_JNF046000,JNF046000,JNF,JUVENILE NONFICTION / Readers / Intermediate,thema_YPCA2,26290
bisac_JNF047000,JNF047000,JNF,JUVENILE NONFICTION / Readers / Chapter Books,thema_YBD,26300
bisac_JNF048000,JNF048000,JNF,JUVENILE NONFICTION / Reference / General,thema_YR,26310
bisac_JNF048010,JNF048010,JNF,JUVENILE NONFICTION / Reference / Almanacs,thema_YDA,26320
bisac_JNF048020,JNF048020,JNF,JUVENILE NONFICTION / Reference / Atlases,thema_YRW,26330
bisac_JNF048030,JNF048030,JNF,JUVENILE NONFICTION / Reference / Dictionaries,thema_YRD,26340
bisac_JNF048040,JNF048040,JNF,JUVENILE NONFICTION / Reference / Encyclopedias,thema_YRE,26350
bisac_JNF048050,JNF048050,JNF,JUVENILE NONFICTION / Reference / Thesauri,thema_YRD,26360
bisac_JNF049000,JNF049000,JNF,JUVENILE NONFICTION / Religion / General,"thema_YNR,thema_YPJN",26370
bisac_JNF049010,JNF049010,JNF,JUVENILE NONFICTION / Religion / Biblical Studies,"thema_YNRX,thema_QRMF1",26380
bisac_JNF049020,JNF049020,JNF,JUVENILE NONFICTION / Religion / Biblical Biography,"thema_YNRX,thema_QRMF1",26390
bisac_JNF049040,JNF049040,JNF,JUVENILE NONFICTION / Religion / Bible Stories / General,"thema_YNRY,thema_QRMF1",26400
bisac_JNF049080,JNF049080,JNF,JUVENILE NONFICTION / Religion / Christianity / General,thema_YNRM,26410
bisac_JNF049090,JNF049090,JNF,JNF049090,thema_YNRR,26420
bisac_JNF049100,JNF049100,JNF,JUVENILE NONFICTION / Religion / Islam,thema_YNRP,26430
bisac_JNF049110,JNF049110,JNF,JUVENILE NONFICTION / Religion / Judaism,thema_YNRJ,26440
bisac_JNF049120,JNF049120,JNF,JUVENILE NONFICTION / Religious / Christian / Devotional & Prayer,"thema_YNRM,thema_YNRX",26450
bisac_JNF049130,JNF049130,JNF,JUVENILE NONFICTION / Religious / Christian / General,thema_YNRM,26460
bisac_JNF049140,JNF049140,JNF,JUVENILE NONFICTION / Religion / Bible Stories / Old Testament,"thema_YNRY,thema_QRMF12",26470
bisac_JNF049150,JNF049150,JNF,JUVENILE NONFICTION / Religion / Bible Stories / New Testament,"thema_YNRY,thema_QRMF13",26480
bisac_JNF049170,JNF049170,JNF,JUVENILE NONFICTION / Religion / Biblical Reference,"thema_YNRX,thema_QRMF1",26490
bisac_JNF049180,JNF049180,JNF,JUVENILE NONFICTION / Religious / Christian / Biography & Autobiography (see also Biography & Autobiography / Religious),thema_YNRM,26500
bisac_JNF049190,JNF049190,JNF,JUVENILE NONFICTION / Religious / Christian / Comics & Graphic Novels,"thema_YNRM,thema_YNUC",26510
bisac_JNF049200,JNF049200,JNF,JUVENILE NONFICTION / Religious / Christian / Early Readers,"thema_YNRM,thema_YPCA1",26520
bisac_JNF049210,JNF049210,JNF,JUVENILE NONFICTION / Religious / Christian / Family & Relationships,"thema_YNRM,thema_YXF",26530
bisac_JNF049220,JNF049220,JNF,JUVENILE NONFICTION / Religious / Christian / Games & Activities,"thema_YNRM,thema_YNV",26540
bisac_JNF049240,JNF049240,JNF,JUVENILE NONFICTION / Religious / Christian / Holidays & Celebrations,thema_YNRM,26550
bisac_JNF049250,JNF049250,JNF,JUVENILE NONFICTION / Religious / Christian / Inspirational,thema_YNRM,26560
bisac_JNF049260,JNF049260,JNF,JUVENILE NONFICTION / Religious / Christian / Learning Concepts,"thema_YNRM,thema_YBL",26570
bisac_JNF049280,JNF049280,JNF,JUVENILE NONFICTION / Religious / Christian / Science & Nature,"thema_YNRM,thema_YNT",26580
bisac_JNF049290,JNF049290,JNF,JUVENILE NONFICTION / Religious / Christian / Social Topics,"thema_YNRM,thema_YXZ",26590
bisac_JNF049310,JNF049310,JNF,JUVENILE NONFICTION / Religious / Christian / Values & Virtues,"thema_YNRM,thema_YX",26600
bisac_JNF049320,JNF049320,JNF,JUVENILE NONFICTION / Religion / Buddhism,thema_YNRF,26610
bisac_JNF049330,JNF049330,JNF,JUVENILE NONFICTION / Religion / Hinduism,thema_YNRD,26620
bisac_JNF049340,JNF049340,JNF,JUVENILE NONFICTION / Religion / Indigenous / General,"thema_YNRR,thema_QRRT",26630
bisac_JNF049350,JNF049350,JNF,JUVENILE NONFICTION / Religion / Indigenous / Ceremony & Spiritual Practice,"thema_YNRR,thema_QRRT",26640
bisac_JNF049360,JNF049360,JNF,JUVENILE NONFICTION / Religion / Indigenous / Sacred Stories,"thema_YNRY,thema_QRRT",26650
bisac_JNF049370,JNF049370,JNF,JUVENILE NONFICTION / Religion / Indigenous / Scripture & Prayerbooks,"thema_YNRX,thema_QRRT",26660
bisac_JNF049380,JNF049380,JNF,JUVENILE NONFICTION / Religion / Indigenous / Spirituality,"thema_YNRR,thema_QRRT",26670
bisac_JNF049390,JNF049390,JNF,JUVENILE NONFICTION / Religion / Christianity / Catholic,"thema_YNRM,thema_QRMB1",26680
bisac_JNF049400,JNF049400,JNF,JUVENILE NONFICTION / Religious / Christian / Saints & Sainthood,thema_YNRM,26690
bisac_JNF050000,JNF050000,JNF,JUVENILE NONFICTION / School & Education,thema_YXT,26700
bisac_JNF051000,JNF051000,JNF,JUVENILE NONFICTION / Science & Nature / General (see also headings under Animals or Technology),"thema_YNT,thema_YNN",26710
bisac_JNF051010,JNF051010,JNF,"JUVENILE NONFICTION / Technology / Aeronautics, Astronautics & Space Science",thema_YNNZ,26720
bisac_JNF051020,JNF051020,JNF,JUVENILE NONFICTION / Technology / Agriculture,"thema_YNNT,thema_YPWE",26730
bisac_JNF051030,JNF051030,JNF,JUVENILE NONFICTION / Science & Nature / Anatomy & Physiology,"thema_YNTA,thema_YPMP1",26740
bisac_JNF051040,JNF051040,JNF,JUVENILE NONFICTION / Science & Nature / Astronomy,"thema_YNNZ,thema_YPMP51",26750
bisac_JNF051050,JNF051050,JNF,JUVENILE NONFICTION / Science & Nature / Biology,"thema_YNT,thema_YPMP1",26760
bisac_JNF051070,JNF051070,JNF,JUVENILE NONFICTION / Science & Nature / Chemistry,"thema_YNT,thema_YPMP3",26770
bisac_JNF051080,JNF051080,JNF,JUVENILE NONFICTION / Science & Nature / Earth Sciences / General,"thema_YNNV,thema_YPMP7",26780
bisac_JNF051090,JNF051090,JNF,JUVENILE NONFICTION / Technology / Electricity & Electronics,"thema_YNTE,thema_YPMT5",26790
bisac_JNF051100,JNF051100,JNF,JUVENILE NONFICTION / Science & Nature / Environmental Science & Ecosystems,"thema_YNNC,thema_YPMP6",26800
bisac_JNF051110,JNF051110,JNF,JUVENILE NONFICTION / Science & Nature / Experiments & Projects,"thema_YNTD,thema_YPMP",26810
bisac_JNF051120,JNF051120,JNF,JUVENILE NONFICTION / Technology / How Things Work-Are Made,thema_YNTG,26820
bisac_JNF051130,JNF051130,JNF,JUVENILE NONFICTION / Technology / Machinery & Tools,thema_YNTG,26830
bisac_JNF051140,JNF051140,JNF,JUVENILE NONFICTION / Science & Nature / Physics,"thema_YNT,thema_YPMP5",26840
bisac_JNF051150,JNF051150,JNF,JUVENILE NONFICTION / Science & Nature / Zoology,"thema_YNN,thema_YPMP1",26850
bisac_JNF051160,JNF051160,JNF,JUVENILE NONFICTION / Science & Nature / Disasters,thema_YXZE,26860
bisac_JNF051170,JNF051170,JNF,JUVENILE NONFICTION / Science & Nature / Discoveries,thema_YNT,26870
bisac_JNF051180,JNF051180,JNF,JUVENILE NONFICTION / Science & Nature / Earth Sciences / Geography,"thema_YNNV,thema_YPJT",26880
bisac_JNF051190,JNF051190,JNF,JUVENILE NONFICTION / Science & Nature / History of Science,"thema_YNT,thema_YPMP",26890
bisac_JNF051200,JNF051200,JNF,JUVENILE NONFICTION / Science & Nature / Weights & Measures,"thema_YNT,thema_YPMP",26900
bisac_JNF052000,JNF052000,JNF,JUVENILE NONFICTION / Social Science / General,thema_YPJJ,26910
bisac_JNF052010,JNF052010,JNF,JUVENILE NONFICTION / Social Science / Archaeology,"thema_YNH,thema_YPJJ",26920
bisac_JNF052020,JNF052020,JNF,"JUVENILE NONFICTION / Social Science / Customs, Traditions, Anthropology","thema_YNMC,thema_YPJX",26930
bisac_JNF052030,JNF052030,JNF,JUVENILE NONFICTION / Social Science / Folklore & Mythology,"thema_YNRU,thema_YPJX",26940
bisac_JNF052040,JNF052040,JNF,JUVENILE NONFICTION / Social Science / Sociology,thema_YPJJ,26950
bisac_JNF053000,JNF053000,JNF,JUVENILE NONFICTION / Social Topics / General (see also headings under Family),thema_YX,26960
bisac_JNF053010,JNF053010,JNF,JUVENILE NONFICTION / Social Topics / Adolescence,thema_YXWP,26970
bisac_JNF053020,JNF053020,JNF,JUVENILE NONFICTION / Social Topics / Dating & Relationships,thema_YXHL,26980
bisac_JNF053030,JNF053030,JNF,"JUVENILE NONFICTION / Social Topics / Death, Grief, Bereavement",thema_YXG,26990
bisac_JNF053040,JNF053040,JNF,"JUVENILE NONFICTION / Social Topics / Drugs, Alcohol, Substance Abuse",thema_YXJ,27000
bisac_JNF053050,JNF053050,JNF,JUVENILE NONFICTION / Social Topics / Emotions & Feelings,thema_YXE,27010
bisac_JNF053060,JNF053060,JNF,JUVENILE NONFICTION / Social Topics / Friendship,thema_YXHB,27020
bisac_JNF053070,JNF053070,JNF,JUVENILE NONFICTION / Social Topics / Poverty & Homelessness,thema_YXZH,27030
bisac_JNF053080,JNF053080,JNF,JUVENILE NONFICTION / LGBTQ+ / General,thema_YXB,27040
bisac_JNF053090,JNF053090,JNF,JUVENILE NONFICTION / Social Topics / Manners & Etiquette,thema_YXHP,27050
bisac_JNF053100,JNF053100,JNF,JUVENILE NONFICTION / Social Topics / New Experience,thema_YXW,27060
bisac_JNF053110,JNF053110,JNF,JUVENILE NONFICTION / Social Topics / Peer Pressure,thema_YXQ,27070
bisac_JNF053120,JNF053120,JNF,JUVENILE NONFICTION / Social Topics / Physical & Emotional Abuse (see also Social Topics / Sexual Abuse),thema_YXQD,27080
bisac_JNF053140,JNF053140,JNF,"JUVENILE NONFICTION / Social Topics / Prejudice, Racism & Colorism","thema_YXPB,thema_YXN",27090
bisac_JNF053160,JNF053160,JNF,JUVENILE NONFICTION / Social Topics / Self-Esteem & Self-Reliance,thema_YXD,27100
bisac_JNF053170,JNF053170,JNF,JUVENILE NONFICTION / Social Topics / Sexual Abuse,thema_YXQD,27110
bisac_JNF053180,JNF053180,JNF,JUVENILE NONFICTION / Disability,thema_YXK,27120
bisac_JNF053200,JNF053200,JNF,JUVENILE NONFICTION / Social Topics / Values & Virtues,thema_YXHP,27130
bisac_JNF053210,JNF053210,JNF,JUVENILE NONFICTION / Social Topics / Violence,thema_YXQP,27140
bisac_JNF053220,JNF053220,JNF,JUVENILE NONFICTION / Social Topics / Bullying,thema_YXQF,27150
bisac_JNF053230,JNF053230,JNF,JUVENILE NONFICTION / Social Topics / Depression & Mental Illness,thema_YXLD,27160
bisac_JNF053240,JNF053240,JNF,"JUVENILE NONFICTION / Social Topics / Emigration, Immigration & Refugees",thema_YXZM,27170
bisac_JNF053270,JNF053270,JNF,JUVENILE NONFICTION / Social Topics / Civil & Human Rights,"thema_YXZB,thema_YNKA",27180
bisac_JNF053280,JNF053280,JNF,"JUVENILE NONFICTION / LGBTQ+ / Gay, Lesbian, Bisexual",thema_YXB,27190
bisac_JNF053290,JNF053290,JNF,JUVENILE NONFICTION / LGBTQ+ / Nonbinary & Genderqueer,thema_YXB,27200
bisac_JNF053300,JNF053300,JNF,JUVENILE NONFICTION / LGBTQ+ / Transgender,thema_YXB,27210
bisac_JNF053310,JNF053310,JNF,JUVENILE NONFICTION / LGBTQ+ / Two-Spirited & Indigiqueer,thema_YXB,27220
bisac_JNF053320,JNF053320,JNF,JUVENILE NONFICTION / Social Topics / Consent & Boundaries,thema_YXAX,27230
bisac_JNF053330,JNF053330,JNF,JUVENILE NONFICTION / Social Topics / Kindness *,,27240
bisac_JNF054000,JNF054000,JNF,JUVENILE NONFICTION / Sports & Recreation / General,thema_YNW,27250
bisac_JNF054010,JNF054010,JNF,JUVENILE NONFICTION / Sports & Recreation / Baseball & Softball,thema_YNWD3,27260
bisac_JNF054020,JNF054020,JNF,JUVENILE NONFICTION / Sports & Recreation / Basketball,thema_YNWD4,27270
bisac_JNF054030,JNF054030,JNF,JUVENILE NONFICTION / Sports & Recreation / Camping & Outdoor Activities,thema_YNWP,27280
bisac_JNF054040,JNF054040,JNF,JUVENILE NONFICTION / Sports & Recreation / Cycling,"thema_YNWY,thema_SZD",27290
bisac_JNF054050,JNF054050,JNF,JUVENILE NONFICTION / Sports & Recreation / Football,thema_YNWD2,27300
bisac_JNF054060,JNF054060,JNF,JUVENILE NONFICTION / Sports & Recreation / Gymnastics,"thema_YNWG,thema_SHG",27310
bisac_JNF054070,JNF054070,JNF,JUVENILE NONFICTION / Sports & Recreation / Hockey,thema_YNWM2,27320
bisac_JNF054080,JNF054080,JNF,JUVENILE NONFICTION / Sports & Recreation / Martial Arts,thema_YNWJ,27330
bisac_JNF054100,JNF054100,JNF,JUVENILE NONFICTION / Sports & Recreation / Motor Sports,thema_YNWT,27340
bisac_JNF054110,JNF054110,JNF,JUVENILE NONFICTION / Sports & Recreation / Olympics & Paralympics,"thema_YNWA,thema_SCBB",27350
bisac_JNF054120,JNF054120,JNF,JUVENILE NONFICTION / Sports & Recreation / Racket Sports,thema_YNWK,27360
bisac_JNF054130,JNF054130,JNF,JUVENILE NONFICTION / Sports & Recreation / Soccer,thema_YNWD1,27370
bisac_JNF054140,JNF054140,JNF,JUVENILE NONFICTION / Sports & Recreation / Track & Field,"thema_YNWG,thema_SHB",27380
bisac_JNF054150,JNF054150,JNF,JUVENILE NONFICTION / Sports & Recreation / Water Sports,thema_YNWW,27390
bisac_JNF054160,JNF054160,JNF,JUVENILE NONFICTION / Sports & Recreation / Winter Sports,thema_YNWM,27400
bisac_JNF054170,JNF054170,JNF,JUVENILE NONFICTION / Sports & Recreation / Equestrian,"thema_YNW,thema_SKL",27410
bisac_JNF054180,JNF054180,JNF,JUVENILE NONFICTION / Sports & Recreation / Extreme Sports,"thema_YNW,thema_SXQ",27420
bisac_JNF054190,JNF054190,JNF,JUVENILE NONFICTION / Sports & Recreation / Ice Skating,"thema_YNWM,thema_STG",27430
bisac_JNF054200,JNF054200,JNF,JUVENILE NONFICTION / Sports & Recreation / Roller & In-Line Skating,"thema_YNWY,thema_SMX",27440
bisac_JNF054210,JNF054210,JNF,JUVENILE NONFICTION / Sports & Recreation / Skateboarding,"thema_YNWY,thema_SMX",27450
bisac_JNF054220,JNF054220,JNF,JUVENILE NONFICTION / Sports & Recreation / Wrestling,"thema_YNW,thema_SRC",27460
bisac_JNF054230,JNF054230,JNF,JUVENILE NONFICTION / Sports & Recreation / Golf,"thema_YNWD,thema_SFH",27470
bisac_JNF054240,JNF054240,JNF,JUVENILE NONFICTION / Sports & Recreation / Cheerleading,"thema_YNWG,thema_SHG",27480
bisac_JNF055000,JNF055000,JNF,JUVENILE NONFICTION / Study Aids / General,thema_YPZ,27490
bisac_JNF055010,JNF055010,JNF,JUVENILE NONFICTION / Study Aids / Book Notes (see also STUDY AIDS / Book Notes),"thema_YPZ,thema_YNL",27500
bisac_JNF055030,JNF055030,JNF,JUVENILE NONFICTION / Study Aids / Test Preparation,thema_YPZ,27510
bisac_JNF056000,JNF056000,JNF,"JUVENILE NONFICTION / Toys, Dolls & Puppets",thema_YNVD,27520
bisac_JNF057000,JNF057000,JNF,JUVENILE NONFICTION / Transportation / General,thema_YNTR,27530
bisac_JNF057010,JNF057010,JNF,JUVENILE NONFICTION / Transportation / Aviation,"thema_YNTR,thema_WGM",27540
bisac_JNF057020,JNF057020,JNF,"JUVENILE NONFICTION / Transportation / Boats, Ships & Underwater Craft","thema_YNTR,thema_WGG",27550
bisac_JNF057030,JNF057030,JNF,"JUVENILE NONFICTION / Transportation / Cars, Trucks & Buses","thema_YNTR,thema_WGC",27560
bisac_JNF057040,JNF057040,JNF,JUVENILE NONFICTION / Transportation / Motorcycles,"thema_YNTR,thema_WGCK",27570
bisac_JNF057050,JNF057050,JNF,JUVENILE NONFICTION / Transportation / Railroads & Trains,"thema_YNTR,thema_WGF",27580
bisac_JNF058000,JNF058000,JNF,JUVENILE NONFICTION / Travel,"thema_YNM,thema_WT",27590
bisac_JNF059000,JNF059000,JNF,"JUVENILE NONFICTION / Clothing, Dress & Hair","thema_YNPJ,thema_YXAM",27600
bisac_JNF060000,JNF060000,JNF,JUVENILE NONFICTION / Media Studies,thema_YPJK,27610
bisac_JNF061000,JNF061000,JNF,JUVENILE NONFICTION / Technology / General,"thema_YNT,thema_YPMT",27620
bisac_JNF061010,JNF061010,JNF,JUVENILE NONFICTION / Technology / Inventions,thema_YNTD,27630
bisac_JNF061020,JNF061020,JNF,JUVENILE NONFICTION / Technology / Robotics,"thema_YNTC,thema_YPMT6",27640
bisac_JNF062000,JNF062000,JNF,JUVENILE NONFICTION / Comics & Graphic Novels / General,"thema_XQA,thema_YN",27650
bisac_JNF062010,JNF062010,JNF,JUVENILE NONFICTION / Comics & Graphic Novels / Biography & Memoir,"thema_XQA,thema_YNB",27660
bisac_JNF062020,JNF062020,JNF,JUVENILE NONFICTION / Comics & Graphic Novels / History,"thema_XQA,thema_YNH",27670
bisac_JNF062030,JNF062030,JNF,JUVENILE NONFICTION / Comics & Graphic Novels / Science & Nature,"thema_XQA,thema_YNT",27680
bisac_JNF062040,JNF062040,JNF,JUVENILE NONFICTION / Comics & Graphic Novels / Social Topics,"thema_XQA,thema_YX",27690
bisac_JNF063000,JNF063000,JNF,JUVENILE NONFICTION / Books & Libraries,"thema_YNL,thema_YNGL",27700
bisac_JNF064000,JNF064000,JNF,JUVENILE NONFICTION / Media Tie-In,thema_YN,27710
bisac_JNF065000,JNF065000,JNF,JUVENILE NONFICTION / Recycling & Green Living,thema_YXZG,27720
bisac_JNF066000,JNF066000,JNF,JUVENILE NONFICTION / Pirates,thema_YNHA1,27730
bisac_JNF067000,JNF067000,JNF,JUVENILE NONFICTION / Bedtime & Dreams,thema_YBLM,27740
bisac_JNF068000,JNF068000,JNF,JUVENILE NONFICTION / Spies & Spying,thema_YNHA,27750
bisac_JNF069000,JNF069000,JNF,JUVENILE NONFICTION / Diversity & Multicultural,"thema_YXP,thema_YXM",27760
bisac_JNF070000,JNF070000,JNF,JUVENILE NONFICTION / Inspirational & Personal Growth,thema_YXD,27770
bisac_JNF071000,JNF071000,JNF,JUVENILE NONFICTION / Activism & Social Justice,thema_YXZB,27780
bisac_JNF072000,JNF072000,JNF,JUVENILE NONFICTION / Neurodiversity,thema_YXL,27790
bisac_JNF073000,JNF073000,JNF,JUVENILE NONFICTION / Volunteering,thema_YXZB,27800
bisac_JNF074000,JNF074000,JNF,JUVENILE NONFICTION / Biracial & Multiracial,thema_YNM,27810
bisac_JNF075000,JNF075000,JNF,JUVENILE NONFICTION / First Nations,thema_YNM,27820
bisac_JNF076000,JNF076000,JNF,JUVENILE NONFICTION / Indigenous / General,thema_YNM,27830
bisac_JNF076010,JNF076010,JNF,JUVENILE NONFICTION / Indigenous / Animal Stories,thema_YNN,27840
bisac_JNF076020,JNF076020,JNF,JUVENILE NONFICTION / Indigenous / Elders,thema_YXF,27850
bisac_JNF076030,JNF076030,JNF,JUVENILE NONFICTION / Indigenous / Family Life,thema_YXF,27860
bisac_JNF076040,JNF076040,JNF,JUVENILE NONFICTION / Indigenous / Health & Healing,"thema_YXA,thema_YXL",27870
bisac_JNF076050,JNF076050,JNF,JUVENILE NONFICTION / Indigenous / History,thema_YNH,27880
bisac_JNF076060,JNF076060,JNF,JUVENILE NONFICTION / Indigenous / Land-Based Knowledge,"thema_YNT,thema_YNN",27890
bisac_JNF076070,JNF076070,JNF,JUVENILE NONFICTION / Indigenous / Reconciliation,thema_YXZD,27900
bisac_JNF077000,JNF077000,JNF,JUVENILE NONFICTION / Inuit,thema_YNM,27910
bisac_JNF078000,JNF078000,JNF,JUVENILE NONFICTION / Métis,thema_YNM,27920
bisac_JNF079000,JNF079000,JNF,JUVENILE NONFICTION / Readers / Hi-Lo,thema_YN,27930
bisac_JNF080000,JNF080000,JNF,JUVENILE NONFICTION / Building & Construction,"thema_YNTP,thema_YNVD3",27940
bisac_JNF081000,JNF081000,JNF,JUVENILE NONFICTION / Community & Neighbors,thema_YNM,27950
bisac_JUV000000,JUV000000,JUV,JUVENILE FICTION / General,thema_YFB,27960
bisac_JUV001000,JUV001000,JUV,JUVENILE FICTION / Action & Adventure / General,thema_YFC,27970
bisac_JUV001010,JUV001010,JUV,JUVENILE FICTION / Action & Adventure / Survival Stories,thema_YFC,27980
bisac_JUV001020,JUV001020,JUV,JUVENILE FICTION / Action & Adventure / Pirates,"thema_YFC,thema_YNHA1",27990
bisac_JUV002000,JUV002000,JUV,JUVENILE FICTION / Animals / General,thema_YFP,28000
bisac_JUV002010,JUV002010,JUV,JUVENILE FICTION / Animals / Alligators & Crocodiles,"thema_YFP,thema_YNNM",28010
bisac_JUV002020,JUV002020,JUV,"JUVENILE FICTION / Animals / Apes, Monkeys, etc.","thema_YFP,thema_YNNJ29",28020
bisac_JUV002030,JUV002030,JUV,JUVENILE FICTION / Animals / Bears,"thema_YFP,thema_YNNJ23",28030
bisac_JUV002040,JUV002040,JUV,JUVENILE FICTION / Animals / Birds,"thema_YFP,thema_YNNK",28040
bisac_JUV002050,JUV002050,JUV,JUVENILE FICTION / Animals / Cats,"thema_YFP,thema_YNNH2",28050
bisac_JUV002060,JUV002060,JUV,JUVENILE FICTION / Animals / Dinosaurs & Prehistoric Creatures,"thema_YFP,thema_YNNA",28060
bisac_JUV002070,JUV002070,JUV,JUVENILE FICTION / Animals / Dogs,"thema_YFP,thema_YNNH1",28070
bisac_JUV002080,JUV002080,JUV,JUVENILE FICTION / Animals / Elephants,"thema_YFP,thema_YNNJ2",28080
bisac_JUV002090,JUV002090,JUV,JUVENILE FICTION / Animals / Farm Animals,"thema_YFP,thema_YNNF",28090
bisac_JUV002100,JUV002100,JUV,JUVENILE FICTION / Animals / Fish,"thema_YFP,thema_YNNS",28100
bisac_JUV002110,JUV002110,JUV,JUVENILE FICTION / Animals / Foxes,"thema_YFP,thema_YNNJ21",28110
bisac_JUV002120,JUV002120,JUV,JUVENILE FICTION / Animals / Frogs & Toads,"thema_YFP,thema_YNNM",28120
bisac_JUV002130,JUV002130,JUV,JUVENILE FICTION / Animals / Horses,"thema_YFP,thema_YNNH4",28130
bisac_JUV002140,JUV002140,JUV,"JUVENILE FICTION / Animals / Insects, Spiders, etc.","thema_YFP,thema_YNNL",28140
bisac_JUV002150,JUV002150,JUV,"JUVENILE FICTION / Animals / Lions, Tigers, Leopards, etc.","thema_YFP,thema_YNNJ22",28150
bisac_JUV002160,JUV002160,JUV,JUVENILE FICTION / Animals / Mammals,"thema_YFP,thema_YNNJ",28160
bisac_JUV002170,JUV002170,JUV,JUVENILE FICTION / Animals / Marine Life,"thema_YFP,thema_YNNS",28170
bisac_JUV002180,JUV002180,JUV,"JUVENILE FICTION / Animals / Mice, Hamsters, Guinea Pigs, etc.","thema_YFP,thema_YNNJ31",28180
bisac_JUV002190,JUV002190,JUV,JUVENILE FICTION / Animals / Pets,"thema_YFP,thema_YNNH",28190
bisac_JUV002200,JUV002200,JUV,JUVENILE FICTION / Animals / Pigs,"thema_YFP,thema_YNNJ26",28200
bisac_JUV002210,JUV002210,JUV,JUVENILE FICTION / Animals / Rabbits,"thema_YFP,thema_YNNJ31",28210
bisac_JUV002220,JUV002220,JUV,JUVENILE FICTION / Animals / Reptiles & Amphibians,"thema_YFP,thema_YNNM",28220
bisac_JUV002230,JUV002230,JUV,JUVENILE FICTION / Animals / Squirrels,"thema_YFP,thema_YNNJ31",28230
bisac_JUV002240,JUV002240,JUV,JUVENILE FICTION / Animals / Turtles & Tortoises,"thema_YFP,thema_YNNM",28240
bisac_JUV002250,JUV002250,JUV,"JUVENILE FICTION / Animals / Wolves, Coyotes & Wild Dogs","thema_YFP,thema_YNNJ21",28250
bisac_JUV002260,JUV002260,JUV,JUVENILE FICTION / Animals / Zoos,"thema_YFP,thema_YNNB",28260
bisac_JUV002270,JUV002270,JUV,"JUVENILE FICTION / Fantasy / Dragons, Unicorns & Mythical Creatures","thema_YFH,thema_YNXB",28270
bisac_JUV002280,JUV002280,JUV,"JUVENILE FICTION / Animals / Ducks, Geese, etc.","thema_YFP,thema_YNNK",28280
bisac_JUV002290,JUV002290,JUV,"JUVENILE FICTION / Animals / Deer, Moose & Caribou","thema_YFP,thema_YNNJ28",28290
bisac_JUV002300,JUV002300,JUV,"JUVENILE FICTION / Animals / Butterflies, Moths & Caterpillars","thema_YFP,thema_YNNL",28300
bisac_JUV002310,JUV002310,JUV,JUVENILE FICTION / Animals / Cows,"thema_YFP,thema_YNNJ25",28310
bisac_JUV002320,JUV002320,JUV,JUVENILE FICTION / Animals / Giraffes,"thema_YFP,thema_YNNJ2",28320
bisac_JUV002330,JUV002330,JUV,JUVENILE FICTION / Animals / Hippos & Rhinos,"thema_YFP,thema_YNNJ2",28330
bisac_JUV002340,JUV002340,JUV,JUVENILE FICTION / Animals / Jungle Animals,"thema_YFP,thema_YNNB2",28340
bisac_JUV002350,JUV002350,JUV,JUVENILE FICTION / Animals / Kangaroos,"thema_YFP,thema_YNNJ9",28350
bisac_JUV002360,JUV002360,JUV,JUVENILE FICTION / Animals / Nocturnal,"thema_YFP,thema_YNNB",28360
bisac_JUV002370,JUV002370,JUV,JUVENILE FICTION / Animals / Baby Animals,"thema_YFP,thema_YBLL",28370
bisac_JUV002380,JUV002380,JUV,JUVENILE FICTION / Animals / Penguins,"thema_YFP,thema_YNNK",28380
bisac_JUV002390,JUV002390,JUV,JUVENILE FICTION / Animals / Worms,"thema_YFP,thema_YNNL",28390
bisac_JUV002400,JUV002400,JUV,JUVENILE FICTION / Animals / Rescue *,,28400
bisac_JUV003000,JUV003000,JUV,JUVENILE FICTION / Art,"thema_YFB,thema_YNA",28410
bisac_JUV004000,JUV004000,JUV,JUVENILE FICTION / Biographical / General,thema_YFX,28420
bisac_JUV004010,JUV004010,JUV,JUVENILE FICTION / Biographical / Europe,thema_YFX,28430
bisac_JUV004020,JUV004020,JUV,JUVENILE FICTION / Biographical / United States,thema_YFX,28440
bisac_JUV004040,JUV004040,JUV,JUVENILE FICTION / Biographical / Canada,thema_YFX,28450
bisac_JUV004050,JUV004050,JUV,JUVENILE FICTION / Biographical / Africa,thema_YFX,28460
bisac_JUV004060,JUV004060,JUV,JUVENILE FICTION / Biographical / Asia,thema_YFX,28470
bisac_JUV004070,JUV004070,JUV,JUVENILE FICTION / Biographical / Latin America,thema_YFX,28480
bisac_JUV004080,JUV004080,JUV,JUVENILE FICTION / Biographical / Australia & Oceania,thema_YFX,28490
bisac_JUV005000,JUV005000,JUV,JUVENILE FICTION / Boys & Men,"thema_YFB,thema_YNMH",28500
bisac_JUV006000,JUV006000,JUV,"JUVENILE FICTION / Business, Careers, Occupations","thema_YFB,thema_YNK",28510
bisac_JUV007000,JUV007000,JUV,JUVENILE FICTION / Classics,thema_YFA,28520
bisac_JUV008000,JUV008000,JUV,JUVENILE FICTION / Comics & Graphic Novels / General,"thema_XA,thema_YFB",28530
bisac_JUV008010,JUV008010,JUV,JUVENILE FICTION / Comics & Graphic Novels / Manga,"thema_XAM,thema_YFB",28540
bisac_JUV008020,JUV008020,JUV,JUVENILE FICTION / Comics & Graphic Novels / Superheroes,"thema_XQK,thema_YFG",28550
bisac_JUV008030,JUV008030,JUV,JUVENILE FICTION / Comics & Graphic Novels / Media Tie-In,"thema_XQC,thema_YFZV",28560
bisac_JUV008040,JUV008040,JUV,JUVENILE FICTION / Comics & Graphic Novels / Action & Adventure,"thema_XQG,thema_YFC",28570
bisac_JUV008050,JUV008050,JUV,JUVENILE FICTION / Comics & Graphic Novels / Animals,"thema_XQN,thema_YFP",28580
bisac_JUV008060,JUV008060,JUV,JUVENILE FICTION / Comics & Graphic Novels / Classic Adaptation,"thema_XQB,thema_YFA",28590
bisac_JUV008070,JUV008070,JUV,"JUVENILE FICTION / Comics & Graphic Novels / Fairy Tales, Folklore, Legends & Mythology","thema_XQM,thema_YFJ",28600
bisac_JUV008080,JUV008080,JUV,JUVENILE FICTION / Comics & Graphic Novels / Fantasy,"thema_XQM,thema_YFH",28610
bisac_JUV008090,JUV008090,JUV,JUVENILE FICTION / Comics & Graphic Novels / Historical,"thema_XQV,thema_YFT",28620
bisac_JUV008100,JUV008100,JUV,JUVENILE FICTION / Comics & Graphic Novels / Horror,"thema_XQH,thema_YFD",28630
bisac_JUV008110,JUV008110,JUV,JUVENILE FICTION / Comics & Graphic Novels / Humorous,"thema_XQT,thema_YFQ",28640
bisac_JUV008120,JUV008120,JUV,JUVENILE FICTION / Comics & Graphic Novels / Mystery & Detective,"thema_XQD,thema_YFCF",28650
bisac_JUV008130,JUV008130,JUV,JUVENILE FICTION / Comics & Graphic Novels / Paranormal,"thema_XQM,thema_YNX",28660
bisac_JUV008140,JUV008140,JUV,JUVENILE FICTION / Comics & Graphic Novels / Science Fiction,"thema_XQL,thema_YFG",28670
bisac_JUV008150,JUV008150,JUV,JUVENILE FICTION / Comics & Graphic Novels / African American & Black,"thema_XA,thema_YFB",28680
bisac_JUV008160,JUV008160,JUV,JUVENILE FICTION / Comics & Graphic Novels / Indigenous Peoples of Turtle Island,"thema_XA,thema_YFB",28690
bisac_JUV008170,JUV008170,JUV,JUVENILE FICTION / Comics & Graphic Novels / Native American,"thema_XA,thema_YFB",28700
bisac_JUV008180,JUV008180,JUV,JUVENILE FICTION / Comics & Graphic Novels / LGBTQ+,"thema_XA,thema_YFB",28710
bisac_JUV008190,JUV008190,JUV,JUVENILE FICTION / Comics & Graphic Novels / Asian American & Pacific Islander,"thema_XA,thema_YFB",28720
bisac_JUV008200,JUV008200,JUV,JUVENILE FICTION / Comics & Graphic Novels / Hispanic & Latino,"thema_XA,thema_YFB",28730
bisac_JUV008210,JUV008210,JUV,JUVENILE FICTION / Comics & Graphic Novels / Indigenous,"thema_XA,thema_YFB",28740
bisac_JUV008220,JUV008220,JUV,JUVENILE FICTION / Comics & Graphic Novels / Disability *,,28750
bisac_JUV009000,JUV009000,JUV,JUVENILE FICTION / Concepts / General,"thema_YFB,thema_YBL",28760
bisac_JUV009010,JUV009010,JUV,JUVENILE FICTION / Concepts / Alphabet,"thema_YFB,thema_YBLA",28770
bisac_JUV009020,JUV009020,JUV,JUVENILE FICTION / Concepts / Colors,"thema_YFB,thema_YBLD",28780
bisac_JUV009030,JUV009030,JUV,JUVENILE FICTION / Concepts / Counting & Numbers,"thema_YFB,thema_YBLC",28790
bisac_JUV009040,JUV009040,JUV,JUVENILE FICTION / Concepts / Opposites,"thema_YFB,thema_YBLF",28800
bisac_JUV009050,JUV009050,JUV,JUVENILE FICTION / Concepts / Senses & Sensation,"thema_YFB,thema_YBLN1",28810
bisac_JUV009060,JUV009060,JUV,JUVENILE FICTION / Concepts / Size & Shape,"thema_YFB,thema_YBLH",28820
bisac_JUV009070,JUV009070,JUV,JUVENILE FICTION / Concepts / Date & Time,"thema_YFB,thema_YBLJ",28830
bisac_JUV009080,JUV009080,JUV,JUVENILE FICTION / Concepts / Words,"thema_YFB,thema_YBLA",28840
bisac_JUV009090,JUV009090,JUV,JUVENILE FICTION / Concepts / Money,"thema_YFB,thema_YBLC",28850
bisac_JUV009100,JUV009100,JUV,JUVENILE FICTION / Concepts / Seasons,"thema_YFB,thema_YBLJ",28860
bisac_JUV009110,JUV009110,JUV,JUVENILE FICTION / Concepts / Sounds,"thema_YFB,thema_YBLN1",28870
bisac_JUV009120,JUV009120,JUV,JUVENILE FICTION / Concepts / Body,"thema_YFB,thema_YBLN1",28880
bisac_JUV009130,JUV009130,JUV,JUVENILE FICTION / Concepts / Language,"thema_YFB,thema_YBL",28890
bisac_JUV010000,JUV010000,JUV,JUVENILE FICTION / Bedtime & Dreams,thema_YBCS1,28900
bisac_JUV011010,JUV011010,JUV,JUVENILE FICTION / African American & Black / General,thema_YFB,28910
bisac_JUV011020,JUV011020,JUV,JUVENILE FICTION / Asian American & Pacific Islander,thema_YFB,28920
bisac_JUV011030,JUV011030,JUV,JUVENILE FICTION / Hispanic & Latino / General,thema_YFB,28930
bisac_JUV011040,JUV011040,JUV,JUVENILE FICTION / Native American,thema_YFB,28940
bisac_JUV011060,JUV011060,JUV,JUVENILE FICTION / African American & Black / Afrofuturism & Africanfuturism *,,28950
bisac_JUV011070,JUV011070,JUV,JUVENILE FICTION / African American & Black / Biographical *,,28960
bisac_JUV011080,JUV011080,JUV,JUVENILE FICTION / African American & Black / Black Hair *,,28970
bisac_JUV011090,JUV011090,JUV,JUVENILE FICTION / African American & Black / Family Life *,,28980
bisac_JUV011100,JUV011100,JUV,JUVENILE FICTION / African American & Black / Historical *,,28990
bisac_JUV011110,JUV011110,JUV,JUVENILE FICTION / African American & Black / Inspirational *,,29000
bisac_JUV011120,JUV011120,JUV,"JUVENILE FICTION / Hispanic & Latino / Borders, Immigration & Migration *",,29010
bisac_JUV011130,JUV011130,JUV,JUVENILE FICTION / Hispanic & Latino / Family Life (Familia) *,,29020
bisac_JUV011140,JUV011140,JUV,JUVENILE FICTION / Hispanic & Latino / Historical *,,29030
bisac_JUV012000,JUV012000,JUV,JUVENILE FICTION / Fairy Tales & Folklore / Anthologies,"thema_YFJB,thema_YDC",29040
bisac_JUV012020,JUV012020,JUV,JUVENILE FICTION / Fairy Tales & Folklore / Country & Cultural,"thema_YFJB,thema_YNMC",29050
bisac_JUV012030,JUV012030,JUV,JUVENILE FICTION / Fairy Tales & Folklore / General,thema_YFJB,29060
bisac_JUV012040,JUV012040,JUV,JUVENILE FICTION / Fairy Tales & Folklore / Adaptations,thema_YFJB,29070
bisac_JUV012050,JUV012050,JUV,"JUVENILE FICTION / Legends, Myths, Fables / African",thema_YFJ,29080
bisac_JUV012060,JUV012060,JUV,"JUVENILE FICTION / Legends, Myths, Fables / Asian",thema_YFJ,29090
bisac_JUV012070,JUV012070,JUV,"JUVENILE FICTION / Legends, Myths, Fables / Caribbean & Latin American",thema_YFJ,29100
bisac_JUV013000,JUV013000,JUV,JUVENILE FICTION / Family / General (see also headings under Social Themes),thema_YFN,29110
bisac_JUV013010,JUV013010,JUV,JUVENILE FICTION / Family / Adoption,"thema_YFN,thema_YXFF",29120
bisac_JUV013020,JUV013020,JUV,JUVENILE FICTION / Family / Marriage & Divorce,"thema_YFN,thema_YXF",29130
bisac_JUV013030,JUV013030,JUV,JUVENILE FICTION / Family / Multigenerational,"thema_YFN,thema_YXF",29140
bisac_JUV013040,JUV013040,JUV,JUVENILE FICTION / Family / New Baby,"thema_YFN,thema_YXFS",29150
bisac_JUV013050,JUV013050,JUV,JUVENILE FICTION / Family / Orphans & Foster Homes,"thema_YFN,thema_YXFF",29160
bisac_JUV013060,JUV013060,JUV,JUVENILE FICTION / Family / Parents,"thema_YFN,thema_YXFB",29170
bisac_JUV013070,JUV013070,JUV,JUVENILE FICTION / Family / Siblings,"thema_YFN,thema_YXFR",29180
bisac_JUV013080,JUV013080,JUV,JUVENILE FICTION / Family / Blended Families,"thema_YFN,thema_YXF",29190
bisac_JUV013090,JUV013090,JUV,JUVENILE FICTION / Family / Alternative Family,"thema_YFN,thema_YXF",29200
bisac_JUV013100,JUV013100,JUV,JUVENILE FICTION / Family / Grandparents,"thema_YFN,thema_YXFC",29210
bisac_JUV014000,JUV014000,JUV,JUVENILE FICTION / Girls & Women,"thema_YFB,thema_YNMF",29220
bisac_JUV015000,JUV015000,JUV,JUVENILE FICTION / Health & Daily Living / General,"thema_YFB,thema_YXA",29230
bisac_JUV015010,JUV015010,JUV,JUVENILE FICTION / Health & Daily Living / Daily Activities,"thema_YFB,thema_YNMP",29240
bisac_JUV015020,JUV015020,JUV,"JUVENILE FICTION / Health & Daily Living / Diseases, Illnesses & Injuries","thema_YFB,thema_YXLB",29250
bisac_JUV015030,JUV015030,JUV,JUVENILE FICTION / Health & Daily Living / Mental Health,"thema_YFB,thema_YXLD",29260
bisac_JUV015040,JUV015040,JUV,JUVENILE FICTION / Health & Daily Living / Mindfulness & Meditation,"thema_YFB,thema_YXAD",29270
bisac_JUV016000,JUV016000,JUV,JUVENILE FICTION / Historical / General,thema_YFT,29280
bisac_JUV016010,JUV016010,JUV,JUVENILE FICTION / Historical / Africa,"thema_YFT,thema_NHH",29290
bisac_JUV016020,JUV016020,JUV,JUVENILE FICTION / Historical / Ancient Civilizations,"thema_YFT,thema_NHC",29300
bisac_JUV016030,JUV016030,JUV,JUVENILE FICTION / Historical / Asia,"thema_YFT,thema_NHF",29310
bisac_JUV016040,JUV016040,JUV,JUVENILE FICTION / Historical / Europe,"thema_YFT,thema_NHD",29320
bisac_JUV016050,JUV016050,JUV,JUVENILE FICTION / Historical / Exploration & Discovery,"thema_YFT,thema_YNHD",29330
bisac_JUV016060,JUV016060,JUV,JUVENILE FICTION / Historical / Holocaust,"thema_YFT,thema_NHTZ1",29340
bisac_JUV016070,JUV016070,JUV,JUVENILE FICTION / Historical / Medieval,"thema_YFT,thema_NHDJ",29350
bisac_JUV016080,JUV016080,JUV,JUVENILE FICTION / Historical / Military & Wars,"thema_YFT,thema_YNJ",29360
bisac_JUV016090,JUV016090,JUV,JUVENILE FICTION / Historical / Prehistory,"thema_YFT,thema_NHC",29370
bisac_JUV016100,JUV016100,JUV,JUVENILE FICTION / Historical / Renaissance,"thema_YFT,thema_NHDL",29380
bisac_JUV016110,JUV016110,JUV,JUVENILE FICTION / Historical / United States / General,"thema_YFT,thema_NHK",29390
bisac_JUV016120,JUV016120,JUV,JUVENILE FICTION / Historical / United States / Colonial & Revolutionary Periods,"thema_YFT,thema_NHK",29400
bisac_JUV016140,JUV016140,JUV,JUVENILE FICTION / Historical / United States / 19th Century,"thema_YFT,thema_NHK",29410
bisac_JUV016150,JUV016150,JUV,JUVENILE FICTION / Historical / United States / 20th Century,"thema_YFT,thema_NHK",29420
bisac_JUV016160,JUV016160,JUV,JUVENILE FICTION / Historical / Canada / General,"thema_YFT,thema_NHK",29430
bisac_JUV016170,JUV016170,JUV,JUVENILE FICTION / Historical / Canada / Pre-Confederation (to 1867),"thema_YFT,thema_NHK",29440
bisac_JUV016180,JUV016180,JUV,JUVENILE FICTION / Historical / Canada / Post-Confederation (1867-),"thema_YFT,thema_NHK",29450
bisac_JUV016190,JUV016190,JUV,JUVENILE FICTION / Historical / United States / 21st Century,"thema_YFT,thema_NHK",29460
bisac_JUV016200,JUV016200,JUV,JUVENILE FICTION / Historical / United States / Civil War Period (1850-1877),"thema_YFT,thema_NHK",29470
bisac_JUV016210,JUV016210,JUV,JUVENILE FICTION / Historical / Middle East,"thema_YFT,thema_NHG",29480
bisac_JUV016220,JUV016220,JUV,JUVENILE FICTION / Historical / Australia & Oceania,"thema_YFT,thema_NHM",29490
bisac_JUV016230,JUV016230,JUV,JUVENILE FICTION / Historical / Caribbean & Latin America,"thema_YFT,thema_NHK",29500
bisac_JUV017000,JUV017000,JUV,JUVENILE FICTION / Holidays & Celebrations / General (see also Religious / Christian / Holidays & Celebrations),"thema_YFB,thema_YNMD",29510
bisac_JUV017010,JUV017010,JUV,JUVENILE FICTION / Holidays & Celebrations / Christmas & Advent,"thema_YFB,thema_YNMD",29520
bisac_JUV017020,JUV017020,JUV,JUVENILE FICTION / Holidays & Celebrations / Easter & Lent,"thema_YFB,thema_YNMD",29530
bisac_JUV017030,JUV017030,JUV,JUVENILE FICTION / Holidays & Celebrations / Halloween,"thema_YFB,thema_YNMD",29540
bisac_JUV017050,JUV017050,JUV,JUVENILE FICTION / Holidays & Celebrations / Kwanzaa,"thema_YFB,thema_YNMD",29550
bisac_JUV017060,JUV017060,JUV,JUVENILE FICTION / Holidays & Celebrations / Thanksgiving,"thema_YFB,thema_YNMD",29560
bisac_JUV017070,JUV017070,JUV,JUVENILE FICTION / Holidays & Celebrations / Valentine's Day,"thema_YFB,thema_YNMD",29570
bisac_JUV017080,JUV017080,JUV,"JUVENILE FICTION / Holidays & Celebrations / Other, Non-Religious","thema_YFB,thema_YNMD",29580
bisac_JUV017090,JUV017090,JUV,"JUVENILE FICTION / Holidays & Celebrations / Other, Religious","thema_YFB,thema_YNMD",29590
bisac_JUV017100,JUV017100,JUV,JUVENILE FICTION / Holidays & Celebrations / Birthdays,"thema_YFB,thema_YNMD",29600
bisac_JUV017110,JUV017110,JUV,JUVENILE FICTION / Holidays & Celebrations / Hanukkah,"thema_YFB,thema_YNMD",29610
bisac_JUV017120,JUV017120,JUV,JUVENILE FICTION / Holidays & Celebrations / Passover,"thema_YFB,thema_YNMD",29620
bisac_JUV017130,JUV017130,JUV,JUVENILE FICTION / Holidays & Celebrations / Patriotic Holidays,"thema_YFB,thema_YNMD",29630
bisac_JUV017140,JUV017140,JUV,JUVENILE FICTION / Holidays & Celebrations / Father's Day,"thema_YFB,thema_YNMD",29640
bisac_JUV017150,JUV017150,JUV,JUVENILE FICTION / Holidays & Celebrations / Mother's Day,"thema_YFB,thema_YNMD",29650
bisac_JUV017160,JUV017160,JUV,JUVENILE FICTION / Holidays & Celebrations / Day of the Dead,"thema_YFB,thema_YNMD",29660
bisac_JUV017170,JUV017170,JUV,JUVENILE FICTION / Holidays & Celebrations / Diwali,"thema_YFB,thema_YNMD",29670
bisac_JUV017180,JUV017180,JUV,JUVENILE FICTION / Holidays & Celebrations / Juneteenth,"thema_YFB,thema_YNMD",29680
bisac_JUV017190,JUV017190,JUV,JUVENILE FICTION / Holidays & Celebrations / Lunar New Year,"thema_YFB,thema_YNMD",29690
bisac_JUV017200,JUV017200,JUV,JUVENILE FICTION / Holidays & Celebrations / Ramadan,"thema_YFB,thema_YNMD",29700
bisac_JUV017210,JUV017210,JUV,JUVENILE FICTION / Holidays & Celebrations / Pride Month *,,29710
bisac_JUV018000,JUV018000,JUV,JUVENILE FICTION / Horror,thema_YFD,29720
bisac_JUV019000,JUV019000,JUV,JUVENILE FICTION / Humorous Stories,thema_YFQ,29730
bisac_JUV020000,JUV020000,JUV,JUVENILE FICTION / Interactive Adventures,thema_YFCA,29740
bisac_JUV021000,JUV021000,JUV,JUVENILE FICTION / Law & Crime,"thema_YFCF,thema_YNKC",29750
bisac_JUV022000,JUV022000,JUV,"JUVENILE FICTION / Legends, Myths, Fables / General","thema_YFJ,thema_YFHG",29760
bisac_JUV022010,JUV022010,JUV,"JUVENILE FICTION / Legends, Myths, Fables / Arthurian",thema_YFHG,29770
bisac_JUV022020,JUV022020,JUV,"JUVENILE FICTION / Legends, Myths, Fables / Greek & Roman","thema_YFHG,thema_QRS",29780
bisac_JUV022030,JUV022030,JUV,"JUVENILE FICTION / Legends, Myths, Fables / Norse","thema_YFHG,thema_QRSW",29790
bisac_JUV023000,JUV023000,JUV,JUVENILE FICTION / Lifestyles / City & Town Life,"thema_YFB,thema_YNMK",29800
bisac_JUV024000,JUV024000,JUV,JUVENILE FICTION / Lifestyles / Country Life,"thema_YFB,thema_YNML",29810
bisac_JUV025000,JUV025000,JUV,JUVENILE FICTION / Lifestyles / Farm & Ranch Life,"thema_YFB,thema_YNML",29820
bisac_JUV026000,JUV026000,JUV,JUVENILE FICTION / Love & Romance,thema_YFMR,29830
bisac_JUV027000,JUV027000,JUV,JUVENILE FICTION / Media Tie-In,thema_YFZV,29840
bisac_JUV028000,JUV028000,JUV,JUVENILE FICTION / Mysteries & Detective Stories,thema_YFCF,29850
bisac_JUV029000,JUV029000,JUV,JUVENILE FICTION / Science & Nature / General,"thema_YFB,thema_YNT",29860
bisac_JUV029010,JUV029010,JUV,JUVENILE FICTION / Science & Nature / Environment,"thema_YFP,thema_YXZG",29870
bisac_JUV029020,JUV029020,JUV,JUVENILE FICTION / Science & Nature / Weather,"thema_YFP,thema_YNNV2",29880
bisac_JUV029030,JUV029030,JUV,JUVENILE FICTION / Science & Nature / Disasters,"thema_YFP,thema_YXZE",29890
bisac_JUV029040,JUV029040,JUV,JUVENILE FICTION / Science & Nature / Flowers & Plants,"thema_YFP,thema_YNNT",29900
bisac_JUV029050,JUV029050,JUV,JUVENILE FICTION / Science & Nature / Trees & Forests,"thema_YFP,thema_YNNT",29910
bisac_JUV030000,JUV030000,JUV,JUVENILE FICTION / Places / General,"thema_YFB,thema_YNM",29920
bisac_JUV030010,JUV030010,JUV,JUVENILE FICTION / Places / Africa,"thema_YFB,thema_YNM",29930
bisac_JUV030020,JUV030020,JUV,JUVENILE FICTION / Places / Asia,"thema_YFB,thema_YNM",29940
bisac_JUV030030,JUV030030,JUV,JUVENILE FICTION / Places / Canada,"thema_YFB,thema_YNM",29950
bisac_JUV030040,JUV030040,JUV,JUVENILE FICTION / Places / Caribbean & Latin America,"thema_YFB,thema_YNM",29960
bisac_JUV030050,JUV030050,JUV,JUVENILE FICTION / Places / Europe,"thema_YFB,thema_YNM",29970
bisac_JUV030060,JUV030060,JUV,JUVENILE FICTION / Places / United States,"thema_YFB,thema_YNM",29980
bisac_JUV030080,JUV030080,JUV,JUVENILE FICTION / Places / Australia & Oceania,"thema_YFB,thema_YNM",29990
bisac_JUV030090,JUV030090,JUV,JUVENILE FICTION / Indigenous Peoples of Turtle Island,thema_YFB,30000
bisac_JUV030100,JUV030100,JUV,JUVENILE FICTION / Places / Mexico,"thema_YFB,thema_YNM",30010
bisac_JUV030110,JUV030110,JUV,JUVENILE FICTION / Places / Middle East,"thema_YFB,thema_YNM",30020
bisac_JUV030120,JUV030120,JUV,JUVENILE FICTION / Places / Polar Regions,"thema_YFB,thema_YNM",30030
bisac_JUV030130,JUV030130,JUV,JUVENILE FICTION / Middle Eastern & Arab American,thema_YFB,30040
bisac_JUV030140,JUV030140,JUV,JUVENILE FICTION / Indigenous / Teachings,"thema_YFJM,thema_YNRR",30050
bisac_JUV031000,JUV031000,JUV,JUVENILE FICTION / Performing Arts / General,"thema_YFB,thema_YND",30060
bisac_JUV031010,JUV031010,JUV,JUVENILE FICTION / Performing Arts / Circus,"thema_YFB,thema_YND",30070
bisac_JUV031020,JUV031020,JUV,JUVENILE FICTION / Performing Arts / Dance,"thema_YFB,thema_YNDB",30080
bisac_JUV031030,JUV031030,JUV,JUVENILE FICTION / Performing Arts / Film,"thema_YFB,thema_YNF",30090
bisac_JUV031040,JUV031040,JUV,JUVENILE FICTION / Performing Arts / Music,"thema_YFB,thema_YNC",30100
bisac_JUV031050,JUV031050,JUV,JUVENILE FICTION / Performing Arts / Television & Radio,"thema_YFB,thema_YNF",30110
bisac_JUV031060,JUV031060,JUV,JUVENILE FICTION / Performing Arts / Theater & Musicals,"thema_YFB,thema_YND",30120
bisac_JUV031070,JUV031070,JUV,JUVENILE FICTION / Performing Arts / Magic Tricks & Illusions,"thema_YFB,thema_YND",30130
bisac_JUV032000,JUV032000,JUV,JUVENILE FICTION / Sports & Recreation / General,thema_YFR,30140
bisac_JUV032010,JUV032010,JUV,JUVENILE FICTION / Sports & Recreation / Baseball & Softball,"thema_YFR,thema_YNWD3",30150
bisac_JUV032020,JUV032020,JUV,JUVENILE FICTION / Sports & Recreation / Basketball,"thema_YFR,thema_YNWD4",30160
bisac_JUV032030,JUV032030,JUV,JUVENILE FICTION / Sports & Recreation / Football,"thema_YFR,thema_YNWD2",30170
bisac_JUV032040,JUV032040,JUV,JUVENILE FICTION / Sports & Recreation / Games,"thema_YFR,thema_YNVM",30180
bisac_JUV032060,JUV032060,JUV,JUVENILE FICTION / Sports & Recreation / Water Sports,"thema_YFR,thema_YNWW",30190
bisac_JUV032070,JUV032070,JUV,JUVENILE FICTION / Sports & Recreation / Martial Arts,"thema_YFR,thema_YNWJ",30200
bisac_JUV032080,JUV032080,JUV,JUVENILE FICTION / Sports & Recreation / Winter Sports,"thema_YFR,thema_YNWM",30210
bisac_JUV032090,JUV032090,JUV,JUVENILE FICTION / Sports & Recreation / Equestrian,"thema_YFR,thema_YNW",30220
bisac_JUV032100,JUV032100,JUV,JUVENILE FICTION / Sports & Recreation / Extreme Sports,"thema_YFR,thema_YNW",30230
bisac_JUV032110,JUV032110,JUV,JUVENILE FICTION / Sports & Recreation / Hockey,"thema_YFR,thema_YNWM2",30240
bisac_JUV032120,JUV032120,JUV,JUVENILE FICTION / Sports & Recreation / Ice Skating,"thema_YFR,thema_YNWM",30250
bisac_JUV032140,JUV032140,JUV,JUVENILE FICTION / Sports & Recreation / Skateboarding,"thema_YFR,thema_YNWY",30260
bisac_JUV032150,JUV032150,JUV,JUVENILE FICTION / Sports & Recreation / Soccer,"thema_YFR,thema_YNWD1",30270
bisac_JUV032160,JUV032160,JUV,JUVENILE FICTION / Sports & Recreation / Wrestling,"thema_YFR,thema_YNW",30280
bisac_JUV032170,JUV032170,JUV,JUVENILE FICTION / Sports & Recreation / Camping & Outdoor Activities,"thema_YFR,thema_YNWP",30290
bisac_JUV032180,JUV032180,JUV,JUVENILE FICTION / Sports & Recreation / Cycling,"thema_YFR,thema_YNWY",30300
bisac_JUV032190,JUV032190,JUV,JUVENILE FICTION / Sports & Recreation / Golf,"thema_YFR,thema_YNWD",30310
bisac_JUV032200,JUV032200,JUV,JUVENILE FICTION / Sports & Recreation / Gymnastics,"thema_YFR,thema_YNWG",30320
bisac_JUV032210,JUV032210,JUV,JUVENILE FICTION / Sports & Recreation / Track & Field,"thema_YFR,thema_YNWG",30330
bisac_JUV032220,JUV032220,JUV,JUVENILE FICTION / Sports & Recreation / Cheerleading,"thema_YFR,thema_YNWG",30340
bisac_JUV032230,JUV032230,JUV,JUVENILE FICTION / Sports & Recreation / Motor Sports,"thema_YFR,thema_YNWT",30350
bisac_JUV032240,JUV032240,JUV,JUVENILE FICTION / Sports & Recreation / Olympics & Paralympics,"thema_YFR,thema_YNWA",30360
bisac_JUV033000,JUV033000,JUV,JUVENILE FICTION / Religious / General,"thema_YFK,thema_YNR",30370
bisac_JUV033010,JUV033010,JUV,JUVENILE FICTION / Religious / Christian / General,"thema_YFK,thema_YNRM",30380
bisac_JUV033020,JUV033020,JUV,JUVENILE FICTION / Religious / Jewish,"thema_YFK,thema_YNRJ",30390
bisac_JUV033040,JUV033040,JUV,JUVENILE FICTION / Religious / Christian / Action & Adventure,"thema_YFK,thema_YNRM",30400
bisac_JUV033050,JUV033050,JUV,JUVENILE FICTION / Religious / Christian / Animals,"thema_YFK,thema_YNRM",30410
bisac_JUV033060,JUV033060,JUV,JUVENILE FICTION / Religious / Christian / Bedtime & Dreams,"thema_YFK,thema_YNRM",30420
bisac_JUV033070,JUV033070,JUV,JUVENILE FICTION / Religious / Christian / Comics & Graphic Novels,"thema_YFK,thema_YNRM",30430
bisac_JUV033080,JUV033080,JUV,JUVENILE FICTION / Religious / Christian / Early Readers,"thema_YFK,thema_YNRM",30440
bisac_JUV033090,JUV033090,JUV,JUVENILE FICTION / Religious / Christian / Emotions & Feelings,"thema_YFK,thema_YNRM",30450
bisac_JUV033100,JUV033100,JUV,JUVENILE FICTION / Religious / Christian / Family,"thema_YFK,thema_YNRM",30460
bisac_JUV033110,JUV033110,JUV,JUVENILE FICTION / Religious / Christian / Fantasy & Science Fiction,"thema_YFK,thema_YNRM",30470
bisac_JUV033120,JUV033120,JUV,JUVENILE FICTION / Religious / Christian / Friendship,"thema_YFK,thema_YNRM",30480
bisac_JUV033140,JUV033140,JUV,JUVENILE FICTION / Religious / Christian / Historical,"thema_YFK,thema_YNRM",30490
bisac_JUV033150,JUV033150,JUV,JUVENILE FICTION / Religious / Christian / Holidays & Celebrations,"thema_YFK,thema_YNRM",30500
bisac_JUV033160,JUV033160,JUV,JUVENILE FICTION / Religious / Christian / Humorous,"thema_YFK,thema_YNRM",30510
bisac_JUV033170,JUV033170,JUV,JUVENILE FICTION / Religious / Christian / Learning Concepts,"thema_YFK,thema_YNRM",30520
bisac_JUV033180,JUV033180,JUV,JUVENILE FICTION / Religious / Christian / Mysteries & Detective Stories,"thema_YFK,thema_YNRM",30530
bisac_JUV033190,JUV033190,JUV,JUVENILE FICTION / Religious / Christian / People & Places,"thema_YFK,thema_YNRM",30540
bisac_JUV033200,JUV033200,JUV,JUVENILE FICTION / Religious / Christian / Relationships,"thema_YFK,thema_YNRM",30550
bisac_JUV033220,JUV033220,JUV,JUVENILE FICTION / Religious / Christian / Social Issues,"thema_YFK,thema_YNRM",30560
bisac_JUV033230,JUV033230,JUV,JUVENILE FICTION / Religious / Christian / Sports & Recreation,"thema_YFK,thema_YNRM",30570
bisac_JUV033240,JUV033240,JUV,JUVENILE FICTION / Religious / Christian / Values & Virtues,"thema_YFK,thema_YNRM",30580
bisac_JUV033250,JUV033250,JUV,JUVENILE FICTION / Religious / Buddhist,"thema_YFK,thema_YNRF",30590
bisac_JUV033260,JUV033260,JUV,JUVENILE FICTION / Religious / Hindu,"thema_YFK,thema_YNRD",30600
bisac_JUV033270,JUV033270,JUV,JUVENILE FICTION / Religious / Muslim,"thema_YFK,thema_YNRP",30610
bisac_JUV033280,JUV033280,JUV,JUVENILE FICTION / Religious / Christian / Inspirational,"thema_YFK,thema_YNRM",30620
bisac_JUV034000,JUV034000,JUV,JUVENILE FICTION / Royalty,"thema_YFB,thema_YNMW",30630
bisac_JUV035000,JUV035000,JUV,JUVENILE FICTION / School & Education,thema_YFS,30640
bisac_JUV036000,JUV036000,JUV,JUVENILE FICTION / Technology / General,"thema_YFB,thema_YNT",30650
bisac_JUV036010,JUV036010,JUV,JUVENILE FICTION / Technology / Astronauts & Space,"thema_YFB,thema_YNNZ",30660
bisac_JUV036020,JUV036020,JUV,JUVENILE FICTION / Technology / Inventions,"thema_YFB,thema_YNTD",30670
bisac_JUV037000,JUV037000,JUV,JUVENILE FICTION / Fantasy / General,thema_YFH,30680
bisac_JUV037010,JUV037010,JUV,JUVENILE FICTION / Fantasy / Contemporary,thema_YFHW,30690
bisac_JUV037020,JUV037020,JUV,"JUVENILE FICTION / Fantasy / Faeries (Fairies, Pixies, Elves, etc.)","thema_YFH,thema_YNXB4",30700
bisac_JUV037030,JUV037030,JUV,JUVENILE FICTION / Fantasy / Historical,thema_YFHH,30710
bisac_JUV037040,JUV037040,JUV,JUVENILE FICTION / Fantasy / Magic,thema_YFHD,30720
bisac_JUV037050,JUV037050,JUV,JUVENILE FICTION / Fantasy / Portals & Alternate Worlds,thema_YFH,30730
bisac_JUV037060,JUV037060,JUV,JUVENILE FICTION / Fantasy / Witches & Wizards,"thema_YFHD,thema_YNXW",30740
bisac_JUV037070,JUV037070,JUV,JUVENILE FICTION / Fantasy / Afrofantasy *,,30750
bisac_JUV038000,JUV038000,JUV,JUVENILE FICTION / Short Stories,thema_YFU,30760
bisac_JUV039000,JUV039000,JUV,JUVENILE FICTION / Social Themes / General (see also headings under Family),"thema_YFB,thema_YX",30770
bisac_JUV039010,JUV039010,JUV,JUVENILE FICTION / Social Themes / Physical & Emotional Abuse (see also Social Themes / Sexual Abuse),"thema_YFB,thema_YXQD",30780
bisac_JUV039020,JUV039020,JUV,JUVENILE FICTION / Social Themes / Adolescence & Coming of Age,"thema_YFB,thema_YXW",30790
bisac_JUV039030,JUV039030,JUV,"JUVENILE FICTION / Social Themes / Death, Grief, Bereavement","thema_YFB,thema_YXG",30800
bisac_JUV039040,JUV039040,JUV,"JUVENILE FICTION / Social Themes / Drugs, Alcohol, Substance Abuse","thema_YFB,thema_YXJ",30810
bisac_JUV039050,JUV039050,JUV,JUVENILE FICTION / Social Themes / Emotions & Feelings,"thema_YFB,thema_YXE",30820
bisac_JUV039060,JUV039060,JUV,JUVENILE FICTION / Social Themes / Friendship,"thema_YFMF,thema_YXHB",30830
bisac_JUV039070,JUV039070,JUV,JUVENILE FICTION / Social Themes / Poverty & Homelessness,"thema_YFB,thema_YXZH",30840
bisac_JUV039090,JUV039090,JUV,JUVENILE FICTION / Social Themes / New Experience,"thema_YFB,thema_YXW",30850
bisac_JUV039100,JUV039100,JUV,JUVENILE FICTION / Social Themes / Peer Pressure,"thema_YFB,thema_YXQ",30860
bisac_JUV039120,JUV039120,JUV,"JUVENILE FICTION / Social Themes / Prejudice, Racism & Colorism","thema_YFB,thema_YXPB",30870
bisac_JUV039130,JUV039130,JUV,JUVENILE FICTION / Social Themes / Runaways,"thema_YFB,thema_YXS",30880
bisac_JUV039140,JUV039140,JUV,JUVENILE FICTION / Social Themes / Self-Esteem & Self-Reliance,"thema_YFB,thema_YXD",30890
bisac_JUV039150,JUV039150,JUV,JUVENILE FICTION / Disability,"thema_YFB,thema_YXK",30900
bisac_JUV039170,JUV039170,JUV,JUVENILE FICTION / Health & Daily Living / Toilet Training,"thema_YFB,thema_YBLM1",30910
bisac_JUV039180,JUV039180,JUV,JUVENILE FICTION / Social Themes / Violence,"thema_YFB,thema_YXQ",30920
bisac_JUV039190,JUV039190,JUV,JUVENILE FICTION / Social Themes / Dating & Relationships,"thema_YFB,thema_YXHL",30930
bisac_JUV039200,JUV039200,JUV,JUVENILE FICTION / Social Themes / Manners & Etiquette,"thema_YFB,thema_YXHP",30940
bisac_JUV039210,JUV039210,JUV,JUVENILE FICTION / Social Themes / Sexual Abuse,"thema_YFB,thema_YXQD",30950
bisac_JUV039220,JUV039220,JUV,JUVENILE FICTION / Social Themes / Values & Virtues,"thema_YFB,thema_YXHP",30960
bisac_JUV039230,JUV039230,JUV,JUVENILE FICTION / Social Themes / Bullying,"thema_YFB,thema_YXQF",30970
bisac_JUV039240,JUV039240,JUV,JUVENILE FICTION / Social Themes / Depression & Mental Illness,"thema_YFB,thema_YXLD",30980
bisac_JUV039250,JUV039250,JUV,"JUVENILE FICTION / Social Themes / Emigration, Immigration & Refugees","thema_YFB,thema_YXZM",30990
bisac_JUV039270,JUV039270,JUV,JUVENILE FICTION / Social Themes / Strangers,"thema_YFB,thema_YXR",31000
bisac_JUV039280,JUV039280,JUV,JUVENILE FICTION / Social Themes / Religion & Faith,"thema_YFB,thema_YXZR",31010
bisac_JUV039290,JUV039290,JUV,JUVENILE FICTION / Social Themes / Activism & Social Justice,"thema_YFB,thema_YXZB",31020
bisac_JUV039300,JUV039300,JUV,JUVENILE FICTION / Social Themes / Kindness *,,31030
bisac_JUV040000,JUV040000,JUV,"JUVENILE FICTION / Toys, Dolls & Puppets","thema_YFB,thema_YNVD",31040
bisac_JUV041000,JUV041000,JUV,JUVENILE FICTION / Transportation / General,"thema_YFB,thema_YNTR",31050
bisac_JUV041010,JUV041010,JUV,JUVENILE FICTION / Transportation / Aviation,"thema_YFB,thema_YNTR",31060
bisac_JUV041020,JUV041020,JUV,"JUVENILE FICTION / Transportation / Boats, Ships & Underwater Craft","thema_YFB,thema_YNTR",31070
bisac_JUV041030,JUV041030,JUV,"JUVENILE FICTION / Transportation / Cars, Trucks & Buses","thema_YFB,thema_YNTR",31080
bisac_JUV041050,JUV041050,JUV,JUVENILE FICTION / Transportation / Railroads & Trains,"thema_YFB,thema_YNTR",31090
bisac_JUV042000,JUV042000,JUV,JUVENILE FICTION / Westerns,"thema_YFC,thema_FJW",31100
bisac_JUV043000,JUV043000,JUV,JUVENILE FICTION / Readers / Beginner,"thema_YFB,thema_YPCA1",31110
bisac_JUV044000,JUV044000,JUV,JUVENILE FICTION / Readers / Intermediate,"thema_YFB,thema_YPCA2",31120
bisac_JUV045000,JUV045000,JUV,JUVENILE FICTION / Readers / Chapter Books,"thema_YFB,thema_YBD",31130
bisac_JUV046000,JUV046000,JUV,JUVENILE FICTION / Visionary & Metaphysical,"thema_YFH,thema_YNX",31140
bisac_JUV047000,JUV047000,JUV,JUVENILE FICTION / Books & Libraries,"thema_YFB,thema_YNL",31150
bisac_JUV048000,JUV048000,JUV,"JUVENILE FICTION / Clothing, Dress & Hair","thema_YFB,thema_YNPJ",31160
bisac_JUV049000,JUV049000,JUV,JUVENILE FICTION / Computers & Digital Media (incl. Video Games),"thema_YFB,thema_YNTC",31170
bisac_JUV050000,JUV050000,JUV,JUVENILE FICTION / Cooking & Food,"thema_YFB,thema_YNPC",31180
bisac_JUV051000,JUV051000,JUV,JUVENILE FICTION / Imagination & Play,thema_YBCS2,31190
bisac_JUV052000,JUV052000,JUV,JUVENILE FICTION / Monsters,"thema_YFH,thema_YNXB",31200
bisac_JUV053000,JUV053000,JUV,JUVENILE FICTION / Science Fiction / General,thema_YFG,31210
bisac_JUV053010,JUV053010,JUV,JUVENILE FICTION / Science Fiction / Alien Contact,"thema_YFG,thema_YNXF",31220
bisac_JUV053020,JUV053020,JUV,JUVENILE FICTION / Science Fiction / Space Exploration,"thema_YFG,thema_YNNZ",31230
bisac_JUV054000,JUV054000,JUV,JUVENILE FICTION / Activity Books / General,thema_YBG,31240
bisac_JUV054010,JUV054010,JUV,JUVENILE FICTION / Activity Books / Coloring,thema_YBGC,31250
bisac_JUV054020,JUV054020,JUV,JUVENILE FICTION / Activity Books / Sticker,thema_YBG,31260
bisac_JUV055000,JUV055000,JUV,JUVENILE FICTION / Nursery Rhymes,thema_YBLB,31270
bisac_JUV056000,JUV056000,JUV,JUVENILE FICTION / Robots,"thema_YFG,thema_YNTC",31280
bisac_JUV057000,JUV057000,JUV,JUVENILE FICTION / Stories in Verse (see also Poetry),thema_YFV,31290
bisac_JUV058000,JUV058000,JUV,"JUVENILE FICTION / Paranormal, Occult & Supernatural","thema_YFH,thema_YNX",31300
bisac_JUV059000,JUV059000,JUV,JUVENILE FICTION / Dystopian,thema_YFE,31310
bisac_JUV060000,JUV060000,JUV,JUVENILE FICTION / LGBTQ+ / General,"thema_YFB,thema_YXB",31320
bisac_JUV060010,JUV060010,JUV,"JUVENILE FICTION / LGBTQ+ / Gay, Lesbian, Bisexual","thema_YFB,thema_YXB",31330
bisac_JUV060020,JUV060020,JUV,JUVENILE FICTION / LGBTQ+ / Nonbinary & Genderqueer,"thema_YFB,thema_YXB",31340
bisac_JUV060030,JUV060030,JUV,JUVENILE FICTION / LGBTQ+ / Transgender,"thema_YFB,thema_YXB",31350
bisac_JUV060040,JUV060040,JUV,JUVENILE FICTION / LGBTQ+ / Two-Spirited & Indigiqueer,"thema_YFB,thema_YXB",31360
bisac_JUV061000,JUV061000,JUV,JUVENILE FICTION / Politics & Government,"thema_YFB,thema_YNKA",31370
bisac_JUV062000,JUV062000,JUV,JUVENILE FICTION / Steampunk,thema_YFGS,31380
bisac_JUV063000,JUV063000,JUV,JUVENILE FICTION / Recycling & Green Living,"thema_YFB,thema_YXZG",31390
bisac_JUV064000,JUV064000,JUV,JUVENILE FICTION / Science Fiction / Time Travel,"thema_YFG,thema_YNTT",31400
bisac_JUV066000,JUV066000,JUV,JUVENILE FICTION / Fantasy / Mermaids & Mermen,"thema_YFH,thema_YNXB6",31410
bisac_JUV067000,JUV067000,JUV,JUVENILE FICTION / Thrillers & Suspense,thema_YFCB,31420
bisac_JUV068000,JUV068000,JUV,JUVENILE FICTION / Travel,"thema_YFB,thema_YNM",31430
bisac_JUV069000,JUV069000,JUV,JUVENILE FICTION / Ghost Stories,thema_YFD,31440
bisac_JUV070000,JUV070000,JUV,JUVENILE FICTION / Poetry (see also Stories in Verse),"thema_YFB,thema_YDP",31450
bisac_JUV071000,JUV071000,JUV,JUVENILE FICTION / Superheroes,thema_YFF,31460
bisac_JUV072000,JUV072000,JUV,JUVENILE FICTION / Mathematics,"thema_YFB,thema_YNTM",31470
bisac_JUV073000,JUV073000,JUV,JUVENILE FICTION / Architecture,"thema_YFB,thema_YNTP",31480
bisac_JUV074000,JUV074000,JUV,JUVENILE FICTION / Diversity & Multicultural,"thema_YFB,thema_YXP",31490
bisac_JUV075000,JUV075000,JUV,JUVENILE FICTION / War & Military,thema_YFCW,31500
bisac_JUV076000,JUV076000,JUV,JUVENILE FICTION / Spies & Spying,"thema_YFB,thema_YNHA",31510
bisac_JUV077000,JUV077000,JUV,JUVENILE FICTION / Neurodiversity,"thema_YFB,thema_YXK",31520
bisac_JUV078000,JUV078000,JUV,JUVENILE FICTION / Vampires,"thema_YFD,thema_YNXB2",31530
bisac_JUV079000,JUV079000,JUV,JUVENILE FICTION / Werewolves & Shifters,"thema_YFD,thema_YNXB2",31540
bisac_JUV080000,JUV080000,JUV,JUVENILE FICTION / Zombies,"thema_YFD,thema_YNXB3",31550
bisac_JUV081000,JUV081000,JUV,JUVENILE FICTION / Biracial & Multiracial,"thema_YFB,thema_YNM",31560
bisac_JUV082000,JUV082000,JUV,JUVENILE FICTION / First Nations,thema_YFB,31570
bisac_JUV083000,JUV083000,JUV,JUVENILE FICTION / Indigenous / General,thema_YFB,31580
bisac_JUV083010,JUV083010,JUV,JUVENILE FICTION / Indigenous / Animal Stories,"thema_YFJ,thema_YFP",31590
bisac_JUV083020,JUV083020,JUV,JUVENILE FICTION / Indigenous / Cautionary Tales,"thema_YFJM,thema_YNRR",31600
bisac_JUV083030,JUV083030,JUV,JUVENILE FICTION / Indigenous / Elders,thema_YFJ,31610
bisac_JUV083040,JUV083040,JUV,JUVENILE FICTION / Indigenous / Family Life,thema_YFN,31620
bisac_JUV083050,JUV083050,JUV,JUVENILE FICTION / Indigenous / Historical,thema_YFT,31630
bisac_JUV083060,JUV083060,JUV,JUVENILE FICTION / Indigenous / Life Stories (see also headings under Biographical),"thema_YFJ,thema_YFX",31640
bisac_JUV083070,JUV083070,JUV,JUVENILE FICTION / Indigenous / Oral Stories,"thema_YFJM,thema_YNRR",31650
bisac_JUV083080,JUV083080,JUV,JUVENILE FICTION / Indigenous / Retellings,"thema_YFJ,thema_YFZH",31660
bisac_JUV084000,JUV084000,JUV,JUVENILE FICTION / Inuit,thema_YFB,31670
bisac_JUV085000,JUV085000,JUV,JUVENILE FICTION / Métis,thema_YFB,31680
bisac_JUV086000,JUV086000,JUV,JUVENILE FICTION / Readers / Hi-Lo,thema_YFB,31690
bisac_JUV087000,JUV087000,JUV,JUVENILE FICTION / Trickster Tales,thema_YFJH,31700
bisac_JUV088000,JUV088000,JUV,JUVENILE FICTION / Building & Construction,"thema_YFB,thema_YNTP",31710
bisac_JUV089000,JUV089000,JUV,JUVENILE FICTION / Community & Neighbors,"thema_YFB,thema_YNM",31720
bisac_JUV090000,JUV090000,JUV,JUVENILE FICTION / Crafts & Hobbies,"thema_YFB,thema_YNPH",31730
bisac_JUV091000,JUV091000,JUV,JUVENILE FICTION / Moving & Relocation,"thema_YFB,thema_YXW",31740
bisac_JUV092000,JUV092000,JUV,JUVENILE FICTION / Volunteering,"thema_YFB,thema_YXZB",31750
bisac_JUV093000,JUV093000,JUV,JUVENILE FICTION / Magical Realism *,,31760
bisac_JUV094000,JUV094000,JUV,JUVENILE FICTION / Museums *,,31770
bisac_JUV095000,JUV095000,JUV,JUVENILE FICTION / Speculative *,,31780
bisac_LAN000000,LAN000000,LAN,LANGUAGE ARTS & DISCIPLINES / General,thema_CB,31790
bisac_LAN001000,LAN001000,LAN,LANGUAGE ARTS & DISCIPLINES / Alphabets & Writing Systems,thema_CFLA,31800
bisac_LAN002000,LAN002000,LAN,LANGUAGE ARTS & DISCIPLINES / Writing / Authorship,thema_CBW,31810
bisac_LAN004000,LAN004000,LAN,LANGUAGE ARTS & DISCIPLINES / Communication Studies,thema_GTC,31820
bisac_LAN005000,LAN005000,LAN,LANGUAGE ARTS & DISCIPLINES / Writing / General,"thema_CBV,thema_CJCW",31830
bisac_LAN005010,LAN005010,LAN,LANGUAGE ARTS & DISCIPLINES / Writing / Academic & Scholarly,thema_CBW,31840
bisac_LAN005020,LAN005020,LAN,LANGUAGE ARTS & DISCIPLINES / Writing / Business Aspects,thema_KNTP1,31850
bisac_LAN005030,LAN005030,LAN,LANGUAGE ARTS & DISCIPLINES / Writing / Children's & Young Adult,thema_CBV,31860
bisac_LAN005040,LAN005040,LAN,LANGUAGE ARTS & DISCIPLINES / Writing / Composition,thema_CBW,31870
bisac_LAN005050,LAN005050,LAN,LANGUAGE ARTS & DISCIPLINES / Writing / Fiction Writing,thema_CBV,31880
bisac_LAN005060,LAN005060,LAN,LANGUAGE ARTS & DISCIPLINES / Writing / Nonfiction (incl. Memoirs),thema_CBW,31890
bisac_LAN005070,LAN005070,LAN,LANGUAGE ARTS & DISCIPLINES / Writing / Poetry,thema_CBV,31900
bisac_LAN006000,LAN006000,LAN,LANGUAGE ARTS & DISCIPLINES / Grammar & Punctuation,thema_CJBG,31910
bisac_LAN007000,LAN007000,LAN,LANGUAGE ARTS & DISCIPLINES / Handwriting,thema_CJCW,31920
bisac_LAN008000,LAN008000,LAN,LANGUAGE ARTS & DISCIPLINES / Journalism,"thema_KNTP2,thema_JBCT4",31930
bisac_LAN009000,LAN009000,LAN,LANGUAGE ARTS & DISCIPLINES / Linguistics / General,thema_CF,31940
bisac_LAN009010,LAN009010,LAN,LANGUAGE ARTS & DISCIPLINES / Linguistics / Historical & Comparative,thema_CFF,31950
bisac_LAN009020,LAN009020,LAN,LANGUAGE ARTS & DISCIPLINES / Linguistics / Morphology,thema_CFK,31960
bisac_LAN009030,LAN009030,LAN,LANGUAGE ARTS & DISCIPLINES / Linguistics / Pragmatics,thema_CFG,31970
bisac_LAN009040,LAN009040,LAN,LANGUAGE ARTS & DISCIPLINES / Linguistics / Psycholinguistics / General,thema_CFD,31980
bisac_LAN009050,LAN009050,LAN,LANGUAGE ARTS & DISCIPLINES / Linguistics / Sociolinguistics,thema_CFB,31990
bisac_LAN009060,LAN009060,LAN,LANGUAGE ARTS & DISCIPLINES / Linguistics / Syntax,thema_CFK,32000
bisac_LAN009070,LAN009070,LAN,LANGUAGE ARTS & DISCIPLINES / Linguistics / Psycholinguistics / Language Acquisition,thema_CFDC,32010
bisac_LAN009080,LAN009080,LAN,LANGUAGE ARTS & DISCIPLINES / Linguistics / Psycholinguistics / Neurolinguistics,thema_CFD,32020
bisac_LAN010000,LAN010000,LAN,LANGUAGE ARTS & DISCIPLINES / Literacy,thema_CFC,32030
bisac_LAN011000,LAN011000,LAN,LANGUAGE ARTS & DISCIPLINES / Linguistics / Phonetics & Phonology,thema_CFH,32040
bisac_LAN012000,LAN012000,LAN,LANGUAGE ARTS & DISCIPLINES / Readers,thema_CJBR,32050
bisac_LAN013000,LAN013000,LAN,LANGUAGE ARTS & DISCIPLINES / Reading Skills,thema_CJCR,32060
bisac_LAN015000,LAN015000,LAN,LANGUAGE ARTS & DISCIPLINES / Rhetoric,thema_CFG,32070
bisac_LAN016000,LAN016000,LAN,LANGUAGE ARTS & DISCIPLINES / Linguistics / Semantics,thema_CFG,32080
bisac_LAN017000,LAN017000,LAN,LANGUAGE ARTS & DISCIPLINES / Sign Language,thema_CFZ,32090
bisac_LAN018000,LAN018000,LAN,LANGUAGE ARTS & DISCIPLINES / Speech & Pronunciation,"thema_CJCK,thema_CJBG",32100
bisac_LAN020000,LAN020000,LAN,LANGUAGE ARTS & DISCIPLINES / Study & Teaching,thema_CJ,32110
bisac_LAN021000,LAN021000,LAN,LANGUAGE ARTS & DISCIPLINES / Spelling & Vocabulary,thema_CJBG,32120
bisac_LAN022000,LAN022000,LAN,LANGUAGE ARTS & DISCIPLINES / Editing & Proofreading,thema_CBW,32130
bisac_LAN023000,LAN023000,LAN,LANGUAGE ARTS & DISCIPLINES / Translating & Interpreting,thema_CFP,32140
bisac_LAN024000,LAN024000,LAN,LANGUAGE ARTS & DISCIPLINES / Linguistics / Etymology,thema_CFF,32150
bisac_LAN025000,LAN025000,LAN,LANGUAGE ARTS & DISCIPLINES / Library & Information Science / General,thema_GLM,32160
bisac_LAN025010,LAN025010,LAN,LANGUAGE ARTS & DISCIPLINES / Library & Information Science / Administration & Management,thema_GLC,32170
bisac_LAN025020,LAN025020,LAN,LANGUAGE ARTS & DISCIPLINES / Library & Information Science / Archives & Special Libraries,thema_GLC,32180
bisac_LAN025030,LAN025030,LAN,LANGUAGE ARTS & DISCIPLINES / Library & Information Science / Cataloging & Classification,thema_GLK,32190
bisac_LAN025040,LAN025040,LAN,LANGUAGE ARTS & DISCIPLINES / Library & Information Science / Collection Development,thema_GLH,32200
bisac_LAN025050,LAN025050,LAN,LANGUAGE ARTS & DISCIPLINES / Library & Information Science / School Media,"thema_GLM,thema_JNU",32210
bisac_LAN025060,LAN025060,LAN,LANGUAGE ARTS & DISCIPLINES / Library & Information Science / Digital & Online Resources,thema_GLF,32220
bisac_LAN026000,LAN026000,LAN,LANGUAGE ARTS & DISCIPLINES / Public Speaking & Speech Writing,thema_CBP,32230
bisac_LAN027000,LAN027000,LAN,LANGUAGE ARTS & DISCIPLINES / Publishers & Publishing Industry,thema_KNTP1,32240
bisac_LAN028000,LAN028000,LAN,LANGUAGE ARTS & DISCIPLINES / Style Manuals,thema_CBW,32250
bisac_LAN029000,LAN029000,LAN,LANGUAGE ARTS & DISCIPLINES / Lexicography,thema_CFM,32260
bisac_LAN030000,LAN030000,LAN,LANGUAGE ARTS & DISCIPLINES / Orality,thema_GM,32270
bisac_LAW000000,LAW000000,LAW,LAW / General,thema_LA,32280
bisac_LAW001000,LAW001000,LAW,LAW / Administrative Law & Regulatory Practice,thema_LNDB,32290
bisac_LAW002000,LAW002000,LAW,LAW / Air & Space,thema_LBDA,32300
bisac_LAW003000,LAW003000,LAW,LAW / Alternative Dispute Resolution,thema_LNAC5,32310
bisac_LAW004000,LAW004000,LAW,LAW / Annotations & Citations,thema_LNZC,32320
bisac_LAW005000,LAW005000,LAW,LAW / Antitrust,thema_LNCH,32330
bisac_LAW006000,LAW006000,LAW,"LAW / Arbitration, Negotiation, Mediation",thema_LNAC5,32340
bisac_LAW007000,LAW007000,LAW,LAW / Banking,thema_LNPB,32350
bisac_LAW008000,LAW008000,LAW,LAW / Bankruptcy & Insolvency,thema_LNPC,32360
bisac_LAW009000,LAW009000,LAW,LAW / Business & Financial,"thema_LNC,thema_LNP",32370
bisac_LAW010000,LAW010000,LAW,LAW / Child Advocacy,"thema_LNMK,thema_LASD",32380
bisac_LAW011000,LAW011000,LAW,LAW / Civil Law,thema_LAFD,32390
bisac_LAW012000,LAW012000,LAW,LAW / Civil Procedure,thema_LNAC,32400
bisac_LAW013000,LAW013000,LAW,LAW / Civil Rights,thema_LNDC,32410
bisac_LAW014000,LAW014000,LAW,LAW / Commercial / General,thema_LNCB,32420
bisac_LAW014010,LAW014010,LAW,LAW / Commercial / International Trade,thema_LBBM,32430
bisac_LAW015000,LAW015000,LAW,LAW / Communications,thema_LNQ,32440
bisac_LAW016000,LAW016000,LAW,LAW / Comparative,thema_LAM,32450
bisac_LAW017000,LAW017000,LAW,LAW / Conflict of Laws,thema_LBG,32460
bisac_LAW018000,LAW018000,LAW,LAW / Constitutional,thema_LNDX,32470
bisac_LAW019000,LAW019000,LAW,LAW / Construction,thema_LNCQ,32480
bisac_LAW020000,LAW020000,LAW,LAW / Consumer,thema_LNTU,32490
bisac_LAW021000,LAW021000,LAW,LAW / Contracts,thema_LNCJ,32500
bisac_LAW022000,LAW022000,LAW,LAW / Corporate,thema_LNCD,32510
bisac_LAW023000,LAW023000,LAW,LAW / Court Records,"thema_LNAA,thema_LNZC",32520
bisac_LAW024000,LAW024000,LAW,LAW / Court Rules,thema_LNAA,32530
bisac_LAW025000,LAW025000,LAW,LAW / Courts,thema_LNAA,32540
bisac_LAW026000,LAW026000,LAW,LAW / Criminal Law / General,thema_LNF,32550
bisac_LAW026010,LAW026010,LAW,LAW / Criminal Law / Juvenile Offenders,thema_LNFQ,32560
bisac_LAW026020,LAW026020,LAW,LAW / Criminal Law / Sentencing,thema_LNFX1,32570
bisac_LAW027000,LAW027000,LAW,LAW / Criminal Procedure,thema_LNFX,32580
bisac_LAW028000,LAW028000,LAW,LAW / Customary,thema_LAFF,32590
bisac_LAW029000,LAW029000,LAW,LAW / Depositions,thema_LNAC3,32600
bisac_LAW030000,LAW030000,LAW,LAW / Dictionaries & Terminology,"thema_LA,thema_GBCD",32610
bisac_LAW031000,LAW031000,LAW,LAW / Disability,thema_LNTQ,32620
bisac_LAW032000,LAW032000,LAW,LAW / Immigration & Emigration,thema_LNDA1,32630
bisac_LAW033000,LAW033000,LAW,LAW / Entertainment,thema_LNJ,32640
bisac_LAW034000,LAW034000,LAW,LAW / Environmental,thema_LNKJ,32650
bisac_LAW035000,LAW035000,LAW,LAW / Estates & Trusts,"thema_LNW,thema_LNL",32660
bisac_LAW036000,LAW036000,LAW,LAW / Ethics & Professional Responsibility,thema_LATC,32670
bisac_LAW037000,LAW037000,LAW,LAW / Evidence,thema_LNAC3,32680
bisac_LAW038000,LAW038000,LAW,LAW / Family Law / General,thema_LNM,32690
bisac_LAW038010,LAW038010,LAW,LAW / Family Law / Children,thema_LNMK,32700
bisac_LAW038020,LAW038020,LAW,LAW / Family Law / Divorce & Separation,thema_LNMB,32710
bisac_LAW038030,LAW038030,LAW,LAW / Family Law / Marriage,thema_LNMB,32720
bisac_LAW039000,LAW039000,LAW,LAW / Government / Federal,thema_LNDH,32730
bisac_LAW041000,LAW041000,LAW,LAW / Forensic Science,"thema_LAR,thema_JKVF1",32740
bisac_LAW043000,LAW043000,LAW,LAW / Gender & the Law,thema_LAQG,32750
bisac_LAW044000,LAW044000,LAW,LAW / General Practice,thema_LAS,32760
bisac_LAW046000,LAW046000,LAW,LAW / Health & Safety,thema_LNTJ,32770
bisac_LAW047000,LAW047000,LAW,LAW / Housing & Urban Development,"thema_LNSH9,thema_LNFG2",32780
bisac_LAW049000,LAW049000,LAW,LAW / Insurance,thema_LNPN,32790
bisac_LAW050000,LAW050000,LAW,LAW / Intellectual Property / General,thema_LNR,32800
bisac_LAW050010,LAW050010,LAW,LAW / Intellectual Property / Copyright,thema_LNRC,32810
bisac_LAW050020,LAW050020,LAW,LAW / Intellectual Property / Patent,thema_LNRD,32820
bisac_LAW050030,LAW050030,LAW,LAW / Intellectual Property / Trademark,thema_LNRF,32830
bisac_LAW051000,LAW051000,LAW,LAW / International,thema_LB,32840
bisac_LAW052000,LAW052000,LAW,LAW / Jurisprudence,thema_LA,32850
bisac_LAW053000,LAW053000,LAW,LAW / Jury,"thema_LNAA12,thema_LNFY",32860
bisac_LAW054000,LAW054000,LAW,LAW / Labor & Employment,thema_LNH,32870
bisac_LAW055000,LAW055000,LAW,LAW / Land Use & Zoning,"thema_LNSH,thema_LNFG2",32880
bisac_LAW056000,LAW056000,LAW,LAW / Law Office Management,"thema_LAT,thema_KJWB",32890
bisac_LAW059000,LAW059000,LAW,LAW / Legal Education,"thema_LAT,thema_JNM",32900
bisac_LAW060000,LAW060000,LAW,LAW / Legal History,thema_LAZ,32910
bisac_LAW061000,LAW061000,LAW,LAW / Legal Profession,thema_LAT,32920
bisac_LAW062000,LAW062000,LAW,LAW / Legal Services,thema_LAT,32930
bisac_LAW063000,LAW063000,LAW,LAW / Legal Writing,thema_LASH,32940
bisac_LAW064000,LAW064000,LAW,LAW / Litigation,thema_LNAC,32950
bisac_LAW066000,LAW066000,LAW,LAW / Maritime,"thema_LBDM,thema_LNCB5",32960
bisac_LAW067000,LAW067000,LAW,LAW / Mental Health,thema_LNTM1,32970
bisac_LAW068000,LAW068000,LAW,LAW / Military,thema_LNDK,32980
bisac_LAW069000,LAW069000,LAW,LAW / Natural Law,thema_LAB,32990
bisac_LAW070000,LAW070000,LAW,LAW / Natural Resources,thema_LNCR,33000
bisac_LAW071000,LAW071000,LAW,LAW / Paralegals & Paralegalism,thema_LASP,33010
bisac_LAW074000,LAW074000,LAW,LAW / Property,thema_LNS,33020
bisac_LAW075000,LAW075000,LAW,LAW / Public,"thema_LNX,thema_LNEF",33030
bisac_LAW076000,LAW076000,LAW,LAW / Public Contract,"thema_LNDB,thema_LNCJ",33040
bisac_LAW077000,LAW077000,LAW,LAW / Public Utilities,"thema_LNK,thema_KNB",33050
bisac_LAW078000,LAW078000,LAW,LAW / Real Estate,thema_LNSH,33060
bisac_LAW079000,LAW079000,LAW,LAW / Reference,"thema_LA,thema_GBC",33070
bisac_LAW080000,LAW080000,LAW,LAW / Remedies & Damages,thema_LNV,33080
bisac_LAW081000,LAW081000,LAW,LAW / Research,thema_LASN,33090
bisac_LAW082000,LAW082000,LAW,LAW / Right to Die,"thema_LNTM,thema_JBFV4",33100
bisac_LAW083000,LAW083000,LAW,LAW / Securities,thema_LNPD,33110
bisac_LAW084000,LAW084000,LAW,LAW / Sports,thema_LNJS,33120
bisac_LAW086000,LAW086000,LAW,LAW / Taxation,thema_LNU,33130
bisac_LAW087000,LAW087000,LAW,LAW / Torts,thema_LNV,33140
bisac_LAW088000,LAW088000,LAW,LAW / Trial Practice,"thema_LAS,thema_LNFY",33150
bisac_LAW089000,LAW089000,LAW,"LAW / Government / State, Provincial & Municipal","thema_LNDU,thema_LNDV",33160
bisac_LAW090000,LAW090000,LAW,LAW / Wills,thema_LNW,33170
bisac_LAW091000,LAW091000,LAW,LAW / Witnesses,thema_LNAC3,33180
bisac_LAW092000,LAW092000,LAW,LAW / Educational Law & Legislation,thema_LNTD,33190
bisac_LAW093000,LAW093000,LAW,LAW / Medical Law & Legislation,thema_LNTM,33200
bisac_LAW094000,LAW094000,LAW,LAW / Discrimination,thema_LNHD,33210
bisac_LAW095000,LAW095000,LAW,LAW / Malpractice,"thema_LNAL,thema_LATC",33220
bisac_LAW096000,LAW096000,LAW,LAW / Media & the Law,thema_LNJ,33230
bisac_LAW097000,LAW097000,LAW,LAW / Personal Injury,thema_LNVJ,33240
bisac_LAW098000,LAW098000,LAW,LAW / Practical Guides,thema_VSD,33250
bisac_LAW099000,LAW099000,LAW,LAW / Science & Technology,thema_LNDB8,33260
bisac_LAW100000,LAW100000,LAW,LAW / Living Trusts,thema_LNW,33270
bisac_LAW101000,LAW101000,LAW,LAW / Essays,thema_LA,33280
bisac_LAW102000,LAW102000,LAW,LAW / Agricultural,thema_LNKF,33290
bisac_LAW103000,LAW103000,LAW,LAW / Common,thema_LAFC,33300
bisac_LAW104000,LAW104000,LAW,LAW / Computer & Internet,thema_LNQ,33310
bisac_LAW106000,LAW106000,LAW,LAW / Defamation,thema_LNJD,33320
bisac_LAW107000,LAW107000,LAW,LAW / Elder Law,thema_LNTS,33330
bisac_LAW108000,LAW108000,LAW,LAW / Election Law,thema_LNDS,33340
bisac_LAW109000,LAW109000,LAW,LAW / Government / General,thema_LNDH,33350
bisac_LAW110000,LAW110000,LAW,LAW / Indigenous Law & Legal Systems,thema_LAFP,33360
bisac_LAW111000,LAW111000,LAW,LAW / Judicial Power,thema_LNAA1,33370
bisac_LAW112000,LAW112000,LAW,LAW / Landlord & Tenant,thema_LNSH3,33380
bisac_LAW113000,LAW113000,LAW,LAW / Liability,"thema_LNB,thema_LNDJ",33390
bisac_LAW114000,LAW114000,LAW,LAW / Mergers & Acquisitions,thema_LNCD1,33400
bisac_LAW115000,LAW115000,LAW,LAW / Pension Law,thema_LNPP,33410
bisac_LAW116000,LAW116000,LAW,LAW / Privacy,thema_LNDC2,33420
bisac_LAW117000,LAW117000,LAW,LAW / Transportation,thema_LNKT,33430
bisac_LAW118000,LAW118000,LAW,LAW / Drugs & the Law,"thema_LN,thema_JKVG",33440
bisac_LAW119000,LAW119000,LAW,LAW / Islamic,"thema_LAFS,thema_LW",33450
bisac_LAW120000,LAW120000,LAW,LAW / Animal Law,thema_LNKG,33460
bisac_LAW121000,LAW121000,LAW,LAW / Reform & Transformation,thema_LAH,33470
bisac_LCO000000,LCO000000,LCO,LITERARY COLLECTIONS / General,thema_DNT,33480
bisac_LCO001000,LCO001000,LCO,LITERARY COLLECTIONS / African,thema_DNT,33490
bisac_LCO002000,LCO002000,LCO,LITERARY COLLECTIONS / American,thema_DNT,33500
bisac_LCO002010,LCO002010,LCO,LITERARY COLLECTIONS / African American & Black,thema_DNT,33510
bisac_LCO002020,LCO002020,LCO,LITERARY COLLECTIONS / Asian American & Pacific Islander,thema_DNT,33520
bisac_LCO002030,LCO002030,LCO,LITERARY COLLECTIONS / Hispanic & Latino,thema_DNT,33530
bisac_LCO003000,LCO003000,LCO,LITERARY COLLECTIONS / Ancient & Classical,thema_DB,33540
bisac_LCO004000,LCO004000,LCO,LITERARY COLLECTIONS / Asian / General,thema_DNT,33550
bisac_LCO004010,LCO004010,LCO,LITERARY COLLECTIONS / Asian / Chinese,thema_DNT,33560
bisac_LCO004020,LCO004020,LCO,LITERARY COLLECTIONS / Asian / Indic,thema_DNT,33570
bisac_LCO004030,LCO004030,LCO,LITERARY COLLECTIONS / Asian / Japanese,thema_DNT,33580
bisac_LCO005000,LCO005000,LCO,LITERARY COLLECTIONS / Australian & Oceanian,thema_DNT,33590
bisac_LCO006000,LCO006000,LCO,LITERARY COLLECTIONS / Canadian,thema_DNT,33600
bisac_LCO007000,LCO007000,LCO,LITERARY COLLECTIONS / Caribbean & Latin American,thema_DNT,33610
bisac_LCO008000,LCO008000,LCO,LITERARY COLLECTIONS / European / General,thema_DNT,33620
bisac_LCO008010,LCO008010,LCO,LITERARY COLLECTIONS / European / Eastern (see also Russian & Soviet),thema_DNT,33630
bisac_LCO008020,LCO008020,LCO,LITERARY COLLECTIONS / European / French,thema_DNT,33640
bisac_LCO008030,LCO008030,LCO,LITERARY COLLECTIONS / European / German,thema_DNT,33650
bisac_LCO008040,LCO008040,LCO,LITERARY COLLECTIONS / European / Italian,thema_DNT,33660
bisac_LCO008050,LCO008050,LCO,LITERARY COLLECTIONS / European / Scandinavian,thema_DNT,33670
bisac_LCO008060,LCO008060,LCO,LITERARY COLLECTIONS / European / Spanish & Portuguese,thema_DNT,33680
bisac_LCO009000,LCO009000,LCO,"LITERARY COLLECTIONS / European / English, Irish, Scottish, Welsh",thema_DNT,33690
bisac_LCO010000,LCO010000,LCO,LITERARY COLLECTIONS / Essays,thema_DNL,33700
bisac_LCO011000,LCO011000,LCO,LITERARY COLLECTIONS / Letters,thema_DND,33710
bisac_LCO012000,LCO012000,LCO,LITERARY COLLECTIONS / Middle Eastern,thema_DNT,33720
bisac_LCO013000,LCO013000,LCO,LITERARY COLLECTIONS / Indigenous,thema_DNT,33730
bisac_LCO014000,LCO014000,LCO,LITERARY COLLECTIONS / Russian & Soviet,thema_DNT,33740
bisac_LCO015000,LCO015000,LCO,LITERARY COLLECTIONS / Diaries & Journals,thema_DND,33750
bisac_LCO016000,LCO016000,LCO,LITERARY COLLECTIONS / LGBTQ+,thema_DNT,33760
bisac_LCO017000,LCO017000,LCO,LITERARY COLLECTIONS / Medieval,thema_DB,33770
bisac_LCO018000,LCO018000,LCO,LITERARY COLLECTIONS / Speeches,thema_DNS,33780
bisac_LCO019000,LCO019000,LCO,LITERARY COLLECTIONS / Women Authors,thema_DNT,33790
bisac_LCO020000,LCO020000,LCO,LITERARY COLLECTIONS / Interviews,thema_DNPB,33800
bisac_LCO021000,LCO021000,LCO,LITERARY COLLECTIONS / Prisoners' Writings,"thema_DNT,thema_JKVP",33810
bisac_LCO022000,LCO022000,LCO,LITERARY COLLECTIONS / Subjects & Themes / General,"thema_DNT,thema_FX",33820
bisac_LCO022010,LCO022010,LCO,LITERARY COLLECTIONS / Subjects & Themes / Animals & Nature,"thema_DNT,thema_FXE",33830
bisac_LCO022020,LCO022020,LCO,LITERARY COLLECTIONS / Subjects & Themes / Love & Erotica,"thema_DNT,thema_FXD",33840
bisac_LCO022030,LCO022030,LCO,LITERARY COLLECTIONS / Subjects & Themes / Places,"thema_DNT,thema_FXR",33850
bisac_LCO022040,LCO022040,LCO,LITERARY COLLECTIONS / Subjects & Themes / Religious & Inspirational,"thema_DNT,thema_FX",33860
bisac_LCO022050,LCO022050,LCO,LITERARY COLLECTIONS / Subjects & Themes / War,"thema_DNT,thema_FXF",33870
bisac_LCO022060,LCO022060,LCO,LITERARY COLLECTIONS / Subjects & Themes / Disability,"thema_DNT,thema_FX",33880
bisac_LCO022070,LCO022070,LCO,LITERARY COLLECTIONS / Subjects & Themes / Diversity & Multicultural,"thema_DNT,thema_FXT",33890
bisac_LCO023000,LCO023000,LCO,LITERARY COLLECTIONS / Indigenous Peoples of Turtle Island,thema_DNT,33900
bisac_LCO024000,LCO024000,LCO,LITERARY COLLECTIONS / Native American,thema_DNT,33910
bisac_LIT000000,LIT000000,LIT,LITERARY CRITICISM / General,thema_DS,33920
bisac_LIT003000,LIT003000,LIT,LITERARY CRITICISM / Feminist,"thema_DS,thema_JBSF11",33930
bisac_LIT004010,LIT004010,LIT,LITERARY CRITICISM / African,thema_DS,33940
bisac_LIT004020,LIT004020,LIT,LITERARY CRITICISM / American / General,thema_DS,33950
bisac_LIT004030,LIT004030,LIT,LITERARY CRITICISM / Asian American & Pacific Islander,thema_DS,33960
bisac_LIT004040,LIT004040,LIT,LITERARY CRITICISM / African American & Black,thema_DS,33970
bisac_LIT004050,LIT004050,LIT,LITERARY CRITICISM / Hispanic & Latino,thema_DS,33980
bisac_LIT004060,LIT004060,LIT,LITERARY CRITICISM / Indigenous,thema_DS,33990
bisac_LIT004070,LIT004070,LIT,LITERARY CRITICISM / Australian & Oceanian,thema_DS,34000
bisac_LIT004080,LIT004080,LIT,LITERARY CRITICISM / Canadian,thema_DS,34010
bisac_LIT004100,LIT004100,LIT,LITERARY CRITICISM / Caribbean & Latin American,thema_DS,34020
bisac_LIT004110,LIT004110,LIT,LITERARY CRITICISM / European / Eastern (see also Russian & Soviet),thema_DS,34030
bisac_LIT004120,LIT004120,LIT,"LITERARY CRITICISM / European / English, Irish, Scottish, Welsh",thema_DS,34040
bisac_LIT004130,LIT004130,LIT,LITERARY CRITICISM / European / General,thema_DS,34050
bisac_LIT004150,LIT004150,LIT,LITERARY CRITICISM / European / French,thema_DS,34060
bisac_LIT004160,LIT004160,LIT,LITERARY CRITICISM / LGBTQ+,thema_DS,34070
bisac_LIT004170,LIT004170,LIT,LITERARY CRITICISM / European / German,thema_DS,34080
bisac_LIT004180,LIT004180,LIT,LITERARY CRITICISM / Gothic & Romance,"thema_DSK,thema_FR",34090
bisac_LIT004190,LIT004190,LIT,LITERARY CRITICISM / Ancient & Classical,thema_DSBB,34100
bisac_LIT004200,LIT004200,LIT,LITERARY CRITICISM / European / Italian,thema_DS,34110
bisac_LIT004210,LIT004210,LIT,LITERARY CRITICISM / Jewish,"thema_DS,thema_JBSR",34120
bisac_LIT004220,LIT004220,LIT,LITERARY CRITICISM / Middle Eastern,thema_DS,34130
bisac_LIT004230,LIT004230,LIT,LITERARY CRITICISM / Mystery & Detective,"thema_DSK,thema_FF",34140
bisac_LIT004240,LIT004240,LIT,LITERARY CRITICISM / Russian & Soviet,thema_DS,34150
bisac_LIT004250,LIT004250,LIT,LITERARY CRITICISM / European / Scandinavian,thema_DS,34160
bisac_LIT004260,LIT004260,LIT,LITERARY CRITICISM / Science Fiction & Fantasy,"thema_DSK,thema_FL",34170
bisac_LIT004280,LIT004280,LIT,LITERARY CRITICISM / European / Spanish & Portuguese,thema_DS,34180
bisac_LIT004290,LIT004290,LIT,LITERARY CRITICISM / Women Authors,"thema_DS,thema_JBSF1",34190
bisac_LIT006000,LIT006000,LIT,LITERARY CRITICISM / Semiotics & Theory,"thema_DSA,thema_GTD",34200
bisac_LIT007000,LIT007000,LIT,LITERARY CRITICISM / Books & Reading,"thema_DS,thema_FXC",34210
bisac_LIT008000,LIT008000,LIT,LITERARY CRITICISM / Asian / General,thema_DS,34220
bisac_LIT008010,LIT008010,LIT,LITERARY CRITICISM / Asian / Chinese,thema_DS,34230
bisac_LIT008020,LIT008020,LIT,LITERARY CRITICISM / Asian / Indic,thema_DS,34240
bisac_LIT008030,LIT008030,LIT,LITERARY CRITICISM / Asian / Japanese,thema_DS,34250
bisac_LIT009000,LIT009000,LIT,LITERARY CRITICISM / Children's & Young Adult Literature,thema_DSY,34260
bisac_LIT011000,LIT011000,LIT,LITERARY CRITICISM / Medieval,thema_DSBB,34270
bisac_LIT012000,LIT012000,LIT,LITERARY CRITICISM / Reference,thema_DSR,34280
bisac_LIT013000,LIT013000,LIT,LITERARY CRITICISM / Drama,thema_DSG,34290
bisac_LIT014000,LIT014000,LIT,LITERARY CRITICISM / Poetry,thema_DSC,34300
bisac_LIT015000,LIT015000,LIT,LITERARY CRITICISM / Shakespeare,thema_DSG,34310
bisac_LIT016000,LIT016000,LIT,LITERARY CRITICISM / Humor,"thema_DSK,thema_WH",34320
bisac_LIT017000,LIT017000,LIT,LITERARY CRITICISM / Comics & Graphic Novels,"thema_DSK,thema_XR",34330
bisac_LIT018000,LIT018000,LIT,LITERARY CRITICISM / Short Stories,"thema_DSK,thema_FYB",34340
bisac_LIT019000,LIT019000,LIT,LITERARY CRITICISM / Renaissance,thema_DSBC,34350
bisac_LIT020000,LIT020000,LIT,LITERARY CRITICISM / Comparative Literature,thema_DSM,34360
bisac_LIT021000,LIT021000,LIT,LITERARY CRITICISM / Horror & Supernatural,"thema_DSK,thema_FK",34370
bisac_LIT022000,LIT022000,LIT,"LITERARY CRITICISM / Fairy Tales, Folk Tales, Legends & Mythology","thema_DS,thema_JBGB",34380
bisac_LIT023000,LIT023000,LIT,LITERARY CRITICISM / American / Regional,"thema_DS,thema_FXR",34390
bisac_LIT024000,LIT024000,LIT,LITERARY CRITICISM / Modern / General,thema_DSB,34400
bisac_LIT024010,LIT024010,LIT,LITERARY CRITICISM / Modern / 16th Century,thema_DSBC,34410
bisac_LIT024020,LIT024020,LIT,LITERARY CRITICISM / Modern / 17th Century,thema_DSBD,34420
bisac_LIT024030,LIT024030,LIT,LITERARY CRITICISM / Modern / 18th Century,thema_DSBD,34430
bisac_LIT024040,LIT024040,LIT,LITERARY CRITICISM / Modern / 19th Century,thema_DSBF,34440
bisac_LIT024050,LIT024050,LIT,LITERARY CRITICISM / Modern / 20th Century,thema_DSBH,34450
bisac_LIT024060,LIT024060,LIT,LITERARY CRITICISM / Modern / 21st Century,thema_DSBJ,34460
bisac_LIT025000,LIT025000,LIT,LITERARY CRITICISM / Subjects & Themes / General,"thema_DS,thema_FX",34470
bisac_LIT025010,LIT025010,LIT,LITERARY CRITICISM / Subjects & Themes / Historical Events,"thema_DS,thema_FX",34480
bisac_LIT025020,LIT025020,LIT,LITERARY CRITICISM / Subjects & Themes / Nature,"thema_DS,thema_FXE",34490
bisac_LIT025030,LIT025030,LIT,LITERARY CRITICISM / Subjects & Themes / Politics,"thema_DS,thema_FXP",34500
bisac_LIT025040,LIT025040,LIT,LITERARY CRITICISM / Subjects & Themes / Religion,"thema_DS,thema_FX",34510
bisac_LIT025050,LIT025050,LIT,LITERARY CRITICISM / Subjects & Themes / Women,"thema_DS,thema_FX",34520
bisac_LIT025060,LIT025060,LIT,"LITERARY CRITICISM / Subjects & Themes / Culture, Race & Ethnicity","thema_DS,thema_FX",34530
bisac_LIT025070,LIT025070,LIT,LITERARY CRITICISM / Subjects & Themes / Gender Identity,"thema_DS,thema_FX",34540
bisac_LIT025080,LIT025080,LIT,LITERARY CRITICISM / Subjects & Themes / Love & Erotica,"thema_DS,thema_FXD",34550
bisac_LIT026000,LIT026000,LIT,LITERARY CRITICISM / Novel as Form,thema_DSK,34560
bisac_LIT027000,LIT027000,LIT,LITERARY CRITICISM / Indigenous Peoples of Turtle Island,thema_DS,34570
bisac_LIT028000,LIT028000,LIT,LITERARY CRITICISM / Native American,thema_DS,34580
bisac_MAT000000,MAT000000,MAT,MATHEMATICS / General,thema_PB,34590
bisac_MAT002000,MAT002000,MAT,MATHEMATICS / Algebra / General,thema_PBF,34600
bisac_MAT002010,MAT002010,MAT,MATHEMATICS / Algebra / Abstract,thema_PBF,34610
bisac_MAT002030,MAT002030,MAT,MATHEMATICS / Algebra / Elementary,thema_PBF,34620
bisac_MAT002040,MAT002040,MAT,MATHEMATICS / Algebra / Intermediate,thema_PBF,34630
bisac_MAT002050,MAT002050,MAT,MATHEMATICS / Algebra / Linear,thema_PBF,34640
bisac_MAT003000,MAT003000,MAT,MATHEMATICS / Applied,thema_PBW,34650
bisac_MAT004000,MAT004000,MAT,MATHEMATICS / Arithmetic,thema_PBC,34660
bisac_MAT005000,MAT005000,MAT,MATHEMATICS / Calculus,thema_PBKA,34670
bisac_MAT006000,MAT006000,MAT,MATHEMATICS / Counting & Numeration,thema_PBC,34680
bisac_MAT007000,MAT007000,MAT,MATHEMATICS / Differential Equations / General,thema_PBKJ,34690
bisac_MAT007010,MAT007010,MAT,MATHEMATICS / Differential Equations / Ordinary,thema_PBKJ,34700
bisac_MAT007020,MAT007020,MAT,MATHEMATICS / Differential Equations / Partial,thema_PBKJ,34710
bisac_MAT008000,MAT008000,MAT,MATHEMATICS / Discrete Mathematics,thema_PBD,34720
bisac_MAT009000,MAT009000,MAT,MATHEMATICS / Finite Mathematics,thema_PBD,34730
bisac_MAT011000,MAT011000,MAT,MATHEMATICS / Game Theory,thema_PBUD,34740
bisac_MAT012000,MAT012000,MAT,MATHEMATICS / Geometry / General,thema_PBM,34750
bisac_MAT012010,MAT012010,MAT,MATHEMATICS / Geometry / Algebraic,thema_PBMW,34760
bisac_MAT012020,MAT012020,MAT,MATHEMATICS / Geometry / Analytic,thema_PBMS,34770
bisac_MAT012030,MAT012030,MAT,MATHEMATICS / Geometry / Differential,thema_PBMP,34780
bisac_MAT012040,MAT012040,MAT,MATHEMATICS / Geometry / Non-Euclidean,thema_PBML,34790
bisac_MAT013000,MAT013000,MAT,MATHEMATICS / Graphic Methods,thema_PBV,34800
bisac_MAT014000,MAT014000,MAT,MATHEMATICS / Group Theory,thema_PBG,34810
bisac_MAT015000,MAT015000,MAT,MATHEMATICS / History & Philosophy,"thema_PBX,thema_PBB",34820
bisac_MAT016000,MAT016000,MAT,MATHEMATICS / Infinity,thema_PB,34830
bisac_MAT017000,MAT017000,MAT,MATHEMATICS / Linear & Nonlinear Programming,thema_PBUH,34840
bisac_MAT018000,MAT018000,MAT,MATHEMATICS / Logic,thema_PBCD,34850
bisac_MAT019000,MAT019000,MAT,MATHEMATICS / Matrices,thema_PBF,34860
bisac_MAT020000,MAT020000,MAT,MATHEMATICS / Measurement,thema_PDD,34870
bisac_MAT021000,MAT021000,MAT,MATHEMATICS / Number Systems,thema_PBCN,34880
bisac_MAT022000,MAT022000,MAT,MATHEMATICS / Number Theory,thema_PBH,34890
bisac_MAT023000,MAT023000,MAT,MATHEMATICS / Pre-Calculus,thema_PBJ,34900
bisac_MAT025000,MAT025000,MAT,MATHEMATICS / Recreations & Games,"thema_PDZM,thema_WDKN",34910
bisac_MAT026000,MAT026000,MAT,MATHEMATICS / Reference,"thema_PB,thema_GBC",34920
bisac_MAT027000,MAT027000,MAT,MATHEMATICS / Research,thema_PB,34930
bisac_MAT028000,MAT028000,MAT,MATHEMATICS / Set Theory,thema_PBCH,34940
bisac_MAT029000,MAT029000,MAT,MATHEMATICS / Probability & Statistics / General,thema_PBT,34950
bisac_MAT029010,MAT029010,MAT,MATHEMATICS / Probability & Statistics / Bayesian Analysis,thema_PBTB,34960
bisac_MAT029020,MAT029020,MAT,MATHEMATICS / Probability & Statistics / Multivariate Analysis,thema_PBT,34970
bisac_MAT029030,MAT029030,MAT,MATHEMATICS / Probability & Statistics / Regression Analysis,thema_PBT,34980
bisac_MAT029040,MAT029040,MAT,MATHEMATICS / Probability & Statistics / Stochastic Processes,thema_PBWL,34990
bisac_MAT029050,MAT029050,MAT,MATHEMATICS / Probability & Statistics / Time Series,thema_PBT,35000
bisac_MAT030000,MAT030000,MAT,MATHEMATICS / Study & Teaching,"thema_PB,thema_JNU",35010
bisac_MAT031000,MAT031000,MAT,MATHEMATICS / Transformations,thema_PBKF,35020
bisac_MAT032000,MAT032000,MAT,MATHEMATICS / Trigonometry,thema_PBMB,35030
bisac_MAT033000,MAT033000,MAT,MATHEMATICS / Vector Analysis,thema_PBK,35040
bisac_MAT034000,MAT034000,MAT,MATHEMATICS / Mathematical Analysis,thema_PBK,35050
bisac_MAT036000,MAT036000,MAT,MATHEMATICS / Combinatorics,thema_PBV,35060
bisac_MAT037000,MAT037000,MAT,MATHEMATICS / Functional Analysis,thema_PBKF,35070
bisac_MAT038000,MAT038000,MAT,MATHEMATICS / Topology,thema_PBP,35080
bisac_MAT039000,MAT039000,MAT,MATHEMATICS / Essays,thema_PB,35090
bisac_MAT040000,MAT040000,MAT,MATHEMATICS / Complex Analysis,thema_PBKD,35100
bisac_MAT041000,MAT041000,MAT,MATHEMATICS / Numerical Analysis,thema_PBKS,35110
bisac_MAT042000,MAT042000,MAT,MATHEMATICS / Optimization,thema_PBU,35120
bisac_MAT043000,MAT043000,MAT,MATHEMATICS / Social & Cultural Aspects,"thema_PB,thema_PDR",35130
bisac_MED000000,MED000000,MED,MEDICAL / General,thema_MB,35140
bisac_MED001000,MED001000,MED,MEDICAL / Acupuncture,"thema_MX,thema_VXHA",35150
bisac_MED002000,MED002000,MED,MEDICAL / Administration,thema_MBPM,35160
bisac_MED003000,MED003000,MED,MEDICAL / Allied Health Services / General,thema_MQ,35170
bisac_MED003010,MED003010,MED,MEDICAL / Allied Health Services / Emergency Medical Services,thema_MQF,35180
bisac_MED003020,MED003020,MED,MEDICAL / Allied Health Services / Hypnotherapy,"thema_MX,thema_VXHP",35190
bisac_MED003030,MED003030,MED,MEDICAL / Allied Health Services / Medical Assistants,thema_MQG,35200
bisac_MED003040,MED003040,MED,MEDICAL / Allied Health Services / Medical Technology,thema_MBGD,35210
bisac_MED003050,MED003050,MED,MEDICAL / Allied Health Services / Occupational Therapy,thema_MQT,35220
bisac_MED003060,MED003060,MED,MEDICAL / Allied Health Services / Physical Therapy,"thema_MQS,thema_MQV",35230
bisac_MED003070,MED003070,MED,MEDICAL / Allied Health Services / Imaging Technologies,"thema_MKS,thema_MQH",35240
bisac_MED003080,MED003080,MED,MEDICAL / Allied Health Services / Respiratory Therapy,thema_MJL,35250
bisac_MED003090,MED003090,MED,MEDICAL / Allied Health Services / Massage Therapy,"thema_MX,thema_VFMS",35260
bisac_MED003100,MED003100,MED,MEDICAL / Allied Health Services / Medical Coding & Billing,thema_MBPM,35270
bisac_MED004000,MED004000,MED,MEDICAL / Alternative & Complementary Medicine,thema_MX,35280
bisac_MED005000,MED005000,MED,MEDICAL / Anatomy,thema_MFC,35290
bisac_MED006000,MED006000,MED,MEDICAL / Anesthesiology,thema_MKA,35300
bisac_MED007000,MED007000,MED,MEDICAL / Audiology & Speech Pathology,"thema_MJPD,thema_MKZL",35310
bisac_MED008000,MED008000,MED,MEDICAL / Biochemistry,"thema_MF,thema_PSB",35320
bisac_MED009000,MED009000,MED,MEDICAL / Biotechnology,thema_MQW,35330
bisac_MED010000,MED010000,MED,MEDICAL / Cardiology,thema_MJD,35340
bisac_MED011000,MED011000,MED,MEDICAL / Caregiving,"thema_MQ,thema_VFG",35350
bisac_MED012000,MED012000,MED,MEDICAL / Chemotherapy,thema_MJCL2,35360
bisac_MED013000,MED013000,MED,MEDICAL / Chiropractic,thema_MXH,35370
bisac_MED014000,MED014000,MED,MEDICAL / Clinical Medicine,thema_MJ,35380
bisac_MED015000,MED015000,MED,MEDICAL / Critical Care,thema_MKPL,35390
bisac_MED016000,MED016000,MED,MEDICAL / Dentistry / General,thema_MKE,35400
bisac_MED016010,MED016010,MED,MEDICAL / Dentistry / Dental Assisting,"thema_MKE,thema_MQG",35410
bisac_MED016020,MED016020,MED,MEDICAL / Dentistry / Dental Hygiene,thema_MKE,35420
bisac_MED016030,MED016030,MED,MEDICAL / Dentistry / Orthodontics,thema_MKED,35430
bisac_MED016040,MED016040,MED,MEDICAL / Dentistry / Periodontics,thema_MKEH,35440
bisac_MED016050,MED016050,MED,MEDICAL / Dentistry / Oral Surgery,thema_MKEP,35450
bisac_MED016060,MED016060,MED,MEDICAL / Dentistry / Endodontics,thema_MKEH,35460
bisac_MED016070,MED016070,MED,MEDICAL / Dentistry / Prosthodontics,thema_MKEH,35470
bisac_MED016080,MED016080,MED,MEDICAL / Dentistry / Dental Implants,thema_MKEP,35480
bisac_MED016090,MED016090,MED,MEDICAL / Dentistry / Practice Management,"thema_MKE,thema_MBPM",35490
bisac_MED017000,MED017000,MED,MEDICAL / Dermatology,thema_MJK,35500
bisac_MED018000,MED018000,MED,MEDICAL / Diagnosis,thema_MJA,35510
bisac_MED019000,MED019000,MED,MEDICAL / Diagnostic Imaging / General,thema_MKS,35520
bisac_MED019010,MED019010,MED,MEDICAL / Diagnostic Imaging / Radiography,thema_MQH,35530
bisac_MED020000,MED020000,MED,MEDICAL / Dictionaries & Terminology,"thema_MR,thema_GBCD",35540
bisac_MED021000,MED021000,MED,MEDICAL / Diet Therapy,thema_MBNH3,35550
bisac_MED022000,MED022000,MED,MEDICAL / Diseases,thema_MJC,35560
bisac_MED022020,MED022020,MED,MEDICAL / AIDS & HIV,thema_MJCJ2,35570
bisac_MED022090,MED022090,MED,MEDICAL / Infectious Diseases,thema_MJCJ,35580
bisac_MED023000,MED023000,MED,MEDICAL / Drug Guides,thema_MKG,35590
bisac_MED024000,MED024000,MED,MEDICAL / Education & Training,thema_MR,35600
bisac_MED025000,MED025000,MED,MEDICAL / Embryology,thema_MFKC3,35610
bisac_MED026000,MED026000,MED,MEDICAL / Emergency Medicine,thema_MKP,35620
bisac_MED027000,MED027000,MED,MEDICAL / Endocrinology & Metabolism,"thema_MJG,thema_MFGM",35630
bisac_MED028000,MED028000,MED,MEDICAL / Epidemiology,thema_MBNS,35640
bisac_MED029000,MED029000,MED,MEDICAL / Family & General Practice,thema_MBPC,35650
bisac_MED030000,MED030000,MED,MEDICAL / Forensic Medicine,thema_MKT,35660
bisac_MED031000,MED031000,MED,MEDICAL / Gastroenterology,thema_MJH,35670
bisac_MED032000,MED032000,MED,MEDICAL / Geriatrics,thema_MKN,35680
bisac_MED033000,MED033000,MED,MEDICAL / Gynecology & Obstetrics,thema_MKC,35690
bisac_MED034000,MED034000,MED,MEDICAL / Healing,thema_MJ,35700
bisac_MED035000,MED035000,MED,MEDICAL / Health Care Delivery,thema_MBP,35710
bisac_MED036000,MED036000,MED,MEDICAL / Health Policy,thema_MBQ,35720
bisac_MED037000,MED037000,MED,MEDICAL / Health Risk Assessment,thema_MBNC,35730
bisac_MED038000,MED038000,MED,MEDICAL / Hematology,thema_MJF,35740
bisac_MED039000,MED039000,MED,MEDICAL / History,thema_MBX,35750
bisac_MED040000,MED040000,MED,MEDICAL / Holistic Medicine,"thema_MX,thema_VXH",35760
bisac_MED041000,MED041000,MED,MEDICAL / Home Care,thema_MQCX1,35770
bisac_MED042000,MED042000,MED,MEDICAL / Terminal Care,thema_MKB,35780
bisac_MED043000,MED043000,MED,MEDICAL / Hospital Administration & Care,thema_MBP,35790
bisac_MED044000,MED044000,MED,MEDICAL / Immunology,thema_MJCM,35800
bisac_MED045000,MED045000,MED,MEDICAL / Internal Medicine,thema_MJ,35810
bisac_MED047000,MED047000,MED,MEDICAL / Laboratory Medicine,thema_MBGL,35820
bisac_MED048000,MED048000,MED,MEDICAL / Lasers in Medicine,"thema_MBG,thema_TTBL",35830
bisac_MED049000,MED049000,MED,MEDICAL / Medicaid & Medicare,thema_MBPR,35840
bisac_MED050000,MED050000,MED,MEDICAL / Ethics,thema_MBDC,35850
bisac_MED051000,MED051000,MED,MEDICAL / Medical History & Records,thema_MBF,35860
bisac_MED052000,MED052000,MED,MEDICAL / Microbiology,thema_MKFM,35870
bisac_MED055000,MED055000,MED,MEDICAL / Nephrology,thema_MJR,35880
bisac_MED056000,MED056000,MED,MEDICAL / Neurology,thema_MKJ,35890
bisac_MED057000,MED057000,MED,MEDICAL / Neuroscience,"thema_MKJ,thema_PSAN",35900
bisac_MED058000,MED058000,MED,MEDICAL / Nursing / General,thema_MQC,35910
bisac_MED058010,MED058010,MED,MEDICAL / Nursing / Anesthesia,"thema_MQCL,thema_MKA",35920
bisac_MED058020,MED058020,MED,MEDICAL / Nursing / Assessment & Diagnosis,"thema_MQCA,thema_MJA",35930
bisac_MED058030,MED058030,MED,MEDICAL / Nursing / Critical & Intensive Care,thema_MQCL2,35940
bisac_MED058040,MED058040,MED,MEDICAL / Nursing / Emergency,thema_MQCL1,35950
bisac_MED058050,MED058050,MED,MEDICAL / Nursing / Fundamentals & Skills,thema_MQCA,35960
bisac_MED058060,MED058060,MED,MEDICAL / Nursing / Gerontology,thema_MQCL4,35970
bisac_MED058070,MED058070,MED,MEDICAL / Nursing / Home & Community Care,"thema_MQCX,thema_MQCX1",35980
bisac_MED058080,MED058080,MED,MEDICAL / Nursing / Pediatric & Neonatal,thema_MQCL3,35990
bisac_MED058090,MED058090,MED,"MEDICAL / Nursing / Social, Ethical & Legal Issues","thema_MQCW,thema_MBDC",36000
bisac_MED058100,MED058100,MED,MEDICAL / Nursing / LPN & LVN,"thema_MQCL,thema_MQG",36010
bisac_MED058110,MED058110,MED,MEDICAL / Nursing / Management & Leadership,thema_MQCZ,36020
bisac_MED058120,MED058120,MED,"MEDICAL / Nursing / Maternity, Perinatal, Women's Health","thema_MQCL,thema_MKC",36030
bisac_MED058140,MED058140,MED,MEDICAL / Nursing / Nurse & Patient,thema_MQCH,36040
bisac_MED058150,MED058150,MED,MEDICAL / Nursing / Nutrition,"thema_MQCL,thema_MBNH3",36050
bisac_MED058160,MED058160,MED,MEDICAL / Nursing / Oncology & Cancer,"thema_MQCL,thema_MJCL",36060
bisac_MED058170,MED058170,MED,MEDICAL / Nursing / Pharmacology,thema_MQCM,36070
bisac_MED058180,MED058180,MED,MEDICAL / Nursing / Psychiatric & Mental Health,thema_MQCL5,36080
bisac_MED058190,MED058190,MED,MEDICAL / Nursing / Reference,"thema_MQC,thema_MR",36090
bisac_MED058200,MED058200,MED,MEDICAL / Nursing / Research & Theory,thema_MQCB,36100
bisac_MED058210,MED058210,MED,MEDICAL / Nursing / Test Preparation & Review (see also STUDY AIDS / NCLEX),"thema_MQC,thema_MRG",36110
bisac_MED058220,MED058220,MED,MEDICAL / Nursing / Medical & Surgical,thema_MQCL6,36120
bisac_MED058230,MED058230,MED,MEDICAL / Nursing / Palliative Care,"thema_MQCL9,thema_MKB",36130
bisac_MED058240,MED058240,MED,MEDICAL / Nursing / Care Plans,thema_MQCA,36140
bisac_MED059000,MED059000,MED,MEDICAL / Nursing Home Care,thema_MBPN,36150
bisac_MED060000,MED060000,MED,MEDICAL / Nutrition,thema_MBNH3,36160
bisac_MED061000,MED061000,MED,MEDICAL / Occupational & Industrial Medicine,thema_MKVP,36170
bisac_MED062000,MED062000,MED,MEDICAL / Oncology / General,thema_MJCL,36180
bisac_MED062010,MED062010,MED,MEDICAL / Oncology / Breast Cancer,thema_MJCL,36190
bisac_MED062020,MED062020,MED,MEDICAL / Oncology / Leukemia & Lymphoma,"thema_MJCL,thema_MJF",36200
bisac_MED062030,MED062030,MED,MEDICAL / Oncology / Lung Cancer,"thema_MJCL,thema_MJL",36210
bisac_MED062040,MED062040,MED,MEDICAL / Oncology / Pediatric,"thema_MJCL,thema_MKD",36220
bisac_MED062050,MED062050,MED,MEDICAL / Oncology / Prostate Cancer,"thema_MJCL,thema_MJS",36230
bisac_MED062060,MED062060,MED,MEDICAL / Oncology / Skin Cancer,"thema_MJCL,thema_MJK",36240
bisac_MED063000,MED063000,MED,MEDICAL / Ophthalmology,thema_MJQ,36250
bisac_MED064000,MED064000,MED,MEDICAL / Optometry,thema_MQR,36260
bisac_MED065000,MED065000,MED,MEDICAL / Orthopedics,thema_MJE,36270
bisac_MED066000,MED066000,MED,MEDICAL / Otolaryngology,thema_MJP,36280
bisac_MED067000,MED067000,MED,MEDICAL / Pathology,thema_MKF,36290
bisac_MED068000,MED068000,MED,MEDICAL / Pathophysiology,"thema_MKF,thema_MFG",36300
bisac_MED069000,MED069000,MED,MEDICAL / Pediatrics,thema_MKD,36310
bisac_MED070000,MED070000,MED,MEDICAL / Perinatology & Neonatology,"thema_MKCM,thema_MKDN",36320
bisac_MED071000,MED071000,MED,MEDICAL / Pharmacology,thema_MKG,36330
bisac_MED072000,MED072000,MED,MEDICAL / Pharmacy,thema_MQP,36340
bisac_MED073000,MED073000,MED,MEDICAL / Physical Medicine & Rehabilitation,thema_MQV,36350
bisac_MED074000,MED074000,MED,MEDICAL / Physician & Patient (incl. Narrative Medicine),thema_MBDP,36360
bisac_MED075000,MED075000,MED,MEDICAL / Physiology,thema_MFG,36370
bisac_MED076000,MED076000,MED,MEDICAL / Preventive Medicine,thema_MBN,36380
bisac_MED077000,MED077000,MED,MEDICAL / Prosthesis,thema_MQWP,36390
bisac_MED078000,MED078000,MED,MEDICAL / Public Health,thema_MBN,36400
bisac_MED079000,MED079000,MED,MEDICAL / Pulmonary & Thoracic Medicine,thema_MJL,36410
bisac_MED080000,MED080000,MED,"MEDICAL / Radiology, Radiotherapy & Nuclear Medicine","thema_MKSH,thema_MJCL1",36420
bisac_MED081000,MED081000,MED,MEDICAL / Reference,thema_MR,36430
bisac_MED082000,MED082000,MED,MEDICAL / Reproductive Medicine & Technology,thema_MFKC,36440
bisac_MED083000,MED083000,MED,MEDICAL / Rheumatology,thema_MJM,36450
bisac_MED084000,MED084000,MED,MEDICAL / Sports Medicine,thema_MKW,36460
bisac_MED085000,MED085000,MED,MEDICAL / Surgery / General,thema_MN,36470
bisac_MED085010,MED085010,MED,MEDICAL / Surgery / Neurosurgery,thema_MNN,36480
bisac_MED085020,MED085020,MED,MEDICAL / Surgery / Oral & Maxillofacial,thema_MKEP,36490
bisac_MED085030,MED085030,MED,MEDICAL / Surgery / Cosmetic & Reconstructive,"thema_MNPC,thema_MNP",36500
bisac_MED085040,MED085040,MED,MEDICAL / Surgery / Cardiothoracic,thema_MNH,36510
bisac_MED085050,MED085050,MED,MEDICAL / Surgery / Vascular,thema_MNJ,36520
bisac_MED085060,MED085060,MED,MEDICAL / Surgery / Colon & Rectal,thema_MNG,36530
bisac_MED085070,MED085070,MED,MEDICAL / Surgery / Transplant,thema_MNQ,36540
bisac_MED085080,MED085080,MED,MEDICAL / Surgery / Laparoscopic & Robotic,thema_MNB,36550
bisac_MED085090,MED085090,MED,MEDICAL / Surgery / Abdominal,thema_MND,36560
bisac_MED085100,MED085100,MED,MEDICAL / Surgery / Eye,"thema_MN,thema_MJQ",36570
bisac_MED085110,MED085110,MED,MEDICAL / Surgery / Oncology,thema_MNK,36580
bisac_MED085120,MED085120,MED,MEDICAL / Surgery / Orthopedic,thema_MNS,36590
bisac_MED085130,MED085130,MED,MEDICAL / Surgery / Otolaryngology,"thema_MN,thema_MJP",36600
bisac_MED085140,MED085140,MED,MEDICAL / Surgery / Pediatric,"thema_MN,thema_MKD",36610
bisac_MED085150,MED085150,MED,MEDICAL / Surgery / Reproductive & Urological,"thema_MN,thema_MFKC",36620
bisac_MED086000,MED086000,MED,MEDICAL / Test Preparation & Review,thema_MRG,36630
bisac_MED087000,MED087000,MED,MEDICAL / Transportation,thema_MQF,36640
bisac_MED088000,MED088000,MED,MEDICAL / Urology,thema_MJS,36650
bisac_MED089000,MED089000,MED,MEDICAL / Veterinary Medicine / General,thema_MZ,36660
bisac_MED089010,MED089010,MED,MEDICAL / Veterinary Medicine / Equine,thema_MZDH,36670
bisac_MED089020,MED089020,MED,MEDICAL / Veterinary Medicine / Food Animal,thema_MZD,36680
bisac_MED089030,MED089030,MED,MEDICAL / Veterinary Medicine / Small Animal,thema_MZC,36690
bisac_MED089040,MED089040,MED,MEDICAL / Veterinary Medicine / Dentistry,thema_MZT,36700
bisac_MED089050,MED089050,MED,MEDICAL / Veterinary Medicine / Surgery,thema_MZS,36710
bisac_MED090000,MED090000,MED,MEDICAL / Biostatistics,"thema_MBGR,thema_MBNS",36720
bisac_MED091000,MED091000,MED,MEDICAL / Nosology,thema_MJC,36730
bisac_MED092000,MED092000,MED,MEDICAL / Osteopathy,thema_MXH,36740
bisac_MED093000,MED093000,MED,MEDICAL / Pain Management,thema_MKAL,36750
bisac_MED094000,MED094000,MED,MEDICAL / Pediatric Emergencies,"thema_MKD,thema_MKP",36760
bisac_MED095000,MED095000,MED,MEDICAL / Practice Management & Reimbursement,thema_MBPM,36770
bisac_MED096000,MED096000,MED,MEDICAL / Toxicology,thema_MKGT,36780
bisac_MED097000,MED097000,MED,MEDICAL / Tropical Medicine,thema_MKVT,36790
bisac_MED098000,MED098000,MED,MEDICAL / Diagnostic Imaging / Ultrasonography,thema_MKSF,36800
bisac_MED100000,MED100000,MED,MEDICAL / Podiatry,thema_MQK,36810
bisac_MED101000,MED101000,MED,MEDICAL / Atlases,thema_MRT,36820
bisac_MED102000,MED102000,MED,MEDICAL / Mental Health,"thema_MKLD,thema_MBPK",36830
bisac_MED103000,MED103000,MED,MEDICAL / Parasitology,thema_MKFP,36840
bisac_MED104000,MED104000,MED,MEDICAL / Physicians,thema_MBD,36850
bisac_MED105000,MED105000,MED,MEDICAL / Psychiatry / General,thema_MKL,36860
bisac_MED105010,MED105010,MED,MEDICAL / Psychiatry / Child & Adolescent,"thema_MKL,thema_MKD",36870
bisac_MED105020,MED105020,MED,MEDICAL / Psychiatry / Psychopharmacology,thema_MKGW,36880
bisac_MED106000,MED106000,MED,MEDICAL / Research,thema_MBGR,36890
bisac_MED107000,MED107000,MED,MEDICAL / Genetics,thema_MFN,36900
bisac_MED108000,MED108000,MED,MEDICAL / Instruments & Supplies,thema_MBG,36910
bisac_MED109000,MED109000,MED,MEDICAL / Essays,thema_MB,36920
bisac_MED110000,MED110000,MED,MEDICAL / Histology,thema_MFCH,36930
bisac_MED111000,MED111000,MED,MEDICAL / Bariatrics,thema_MKZF,36940
bisac_MED112000,MED112000,MED,MEDICAL / Evidence-Based Medicine,thema_MBGR,36950
bisac_MED113000,MED113000,MED,MEDICAL / Long-Term Care,thema_MBPN,36960
bisac_MED114000,MED114000,MED,MEDICAL / Hepatology,thema_MJJ,36970
bisac_MED115000,MED115000,MED,MEDICAL / Infection Control,thema_MBN,36980
bisac_MED116000,MED116000,MED,MEDICAL / Environmental Health,thema_MKV,36990
bisac_MED117000,MED117000,MED,MEDICAL / Informatics,thema_MBF,37000
bisac_MED118000,MED118000,MED,MEDICAL / Military Medicine,"thema_MK,thema_JW",37010
bisac_MED119000,MED119000,MED,MEDICAL / Sleep Medicine,thema_MKZS,37020
bisac_MED120000,MED120000,MED,MEDICAL / Telemedicine,thema_MBGT,37030
bisac_MED121000,MED121000,MED,MEDICAL / Regenerative Medicine,thema_MKH,37040
bisac_MED122000,MED122000,MED,MEDICAL / Indigenous Health & Healing,"thema_MB,thema_JBSL11",37050
bisac_MED123000,MED123000,MED,MEDICAL / Multicultural Medicine,"thema_MB,thema_JBCC7",37060
bisac_MED124000,MED124000,MED,MEDICAL / Precision Medicine *,,37070
bisac_MUS000000,MUS000000,MUS,MUSIC / General,thema_AV,37080
bisac_MUS001000,MUS001000,MUS,MUSIC / Instruction & Study / Appreciation,thema_AV,37090
bisac_MUS002000,MUS002000,MUS,MUSIC / Genres & Styles / Ballet,"thema_AVLA,thema_ATQL",37100
bisac_MUS003000,MUS003000,MUS,MUSIC / Genres & Styles / Blues,thema_AVLP,37110
bisac_MUS004000,MUS004000,MUS,MUSIC / Business Aspects,"thema_AV,thema_KNTF",37120
bisac_MUS005000,MUS005000,MUS,MUSIC / Genres & Styles / Chamber,thema_AVLA,37130
bisac_MUS006000,MUS006000,MUS,MUSIC / Genres & Styles / Classical,thema_AVLA,37140
bisac_MUS007000,MUS007000,MUS,MUSIC / Instruction & Study / Composition,thema_AVSD,37150
bisac_MUS008000,MUS008000,MUS,MUSIC / Instruction & Study / Conducting,thema_AVS,37160
bisac_MUS009000,MUS009000,MUS,MUSIC / Religious / Contemporary Christian,thema_AVLK,37170
bisac_MUS010000,MUS010000,MUS,MUSIC / Genres & Styles / Country & Bluegrass,thema_AVLT,37180
bisac_MUS011000,MUS011000,MUS,MUSIC / Genres & Styles / Dance,"thema_AVLP,thema_ATQ",37190
bisac_MUS012000,MUS012000,MUS,MUSIC / Discography & Buyer's Guides,thema_AVD,37200
bisac_MUS013000,MUS013000,MUS,MUSIC / Genres & Styles / Electronic,"thema_AVLX,thema_AVRS",37210
bisac_MUS014000,MUS014000,MUS,MUSIC / Regional & Cultural,thema_AV,37220
bisac_MUS015000,MUS015000,MUS,MUSIC / Ethnomusicology,thema_AVA,37230
bisac_MUS016000,MUS016000,MUS,MUSIC / Instruction & Study / Exercises,thema_AVS,37240
bisac_MUS017000,MUS017000,MUS,MUSIC / Genres & Styles / Folk & Traditional,thema_AVLT,37250
bisac_MUS018000,MUS018000,MUS,MUSIC / Religious / Gospel,thema_AVLK,37260
bisac_MUS019000,MUS019000,MUS,MUSIC / Genres & Styles / Heavy Metal,thema_AVLP,37270
bisac_MUS020000,MUS020000,MUS,MUSIC / History & Criticism,"thema_AVM,thema_AVC",37280
bisac_MUS021000,MUS021000,MUS,MUSIC / Religious / Hymns,"thema_AVLK,thema_QRVJ1",37290
bisac_MUS022000,MUS022000,MUS,MUSIC / Instruction & Study / General,thema_AVS,37300
bisac_MUS023000,MUS023000,MUS,MUSIC / Musical Instruments / General,thema_AVR,37310
bisac_MUS023010,MUS023010,MUS,MUSIC / Musical Instruments / Brass,thema_AVRN1,37320
bisac_MUS023020,MUS023020,MUS,MUSIC / Musical Instruments / Percussion,thema_AVRJ,37330
bisac_MUS023030,MUS023030,MUS,MUSIC / Musical Instruments / Piano & Keyboard,thema_AVRG,37340
bisac_MUS023040,MUS023040,MUS,MUSIC / Musical Instruments / Strings,thema_AVRL,37350
bisac_MUS023050,MUS023050,MUS,MUSIC / Musical Instruments / Woodwinds,thema_AVRN2,37360
bisac_MUS023060,MUS023060,MUS,MUSIC / Musical Instruments / Guitar,thema_AVRL1,37370
bisac_MUS024000,MUS024000,MUS,MUSIC / Genres & Styles / International,thema_AVLW,37380
bisac_MUS025000,MUS025000,MUS,MUSIC / Genres & Styles / Jazz,thema_AVLP,37390
bisac_MUS026000,MUS026000,MUS,MUSIC / Genres & Styles / Children's,thema_AVL,37400
bisac_MUS027000,MUS027000,MUS,MUSIC / Genres & Styles / New Age,thema_AVLP,37410
bisac_MUS028000,MUS028000,MUS,MUSIC / Genres & Styles / Opera,thema_AVLF,37420
bisac_MUS029000,MUS029000,MUS,MUSIC / Genres & Styles / Pop Vocal,thema_AVLP,37430
bisac_MUS030000,MUS030000,MUS,MUSIC / Genres & Styles / Punk,thema_AVLP,37440
bisac_MUS031000,MUS031000,MUS,MUSIC / Genres & Styles / Rap & Hip Hop,thema_AVLP,37450
bisac_MUS032000,MUS032000,MUS,MUSIC / Recording & Reproduction,thema_AVX,37460
bisac_MUS033000,MUS033000,MUS,MUSIC / Reference,"thema_AV,thema_GBC",37470
bisac_MUS035000,MUS035000,MUS,MUSIC / Genres & Styles / Rock,thema_AVLP,37480
bisac_MUS036000,MUS036000,MUS,MUSIC / Genres & Styles / Latin (Hispanic & Latino),thema_AVLW,37490
bisac_MUS037000,MUS037000,MUS,MUSIC / Printed Music / General,thema_AVQ,37500
bisac_MUS037010,MUS037010,MUS,MUSIC / Printed Music / Artist Specific,"thema_AVQ,thema_AVN",37510
bisac_MUS037020,MUS037020,MUS,MUSIC / Printed Music / Band & Orchestra,"thema_AVQ,thema_AVLA",37520
bisac_MUS037030,MUS037030,MUS,MUSIC / Printed Music / Choral,"thema_AVQ,thema_AVLC",37530
bisac_MUS037040,MUS037040,MUS,MUSIC / Printed Music / Guitar & Fretted Instruments,"thema_AVQ,thema_AVRL1",37540
bisac_MUS037050,MUS037050,MUS,MUSIC / Printed Music / Mixed Collections,thema_AVQ,37550
bisac_MUS037060,MUS037060,MUS,"MUSIC / Printed Music / Musicals, Film & TV","thema_AVQ,thema_AVLM",37560
bisac_MUS037070,MUS037070,MUS,MUSIC / Printed Music / Opera & Classical Scores,"thema_AVQ,thema_AVLA",37570
bisac_MUS037080,MUS037080,MUS,MUSIC / Printed Music / Percussion,"thema_AVQ,thema_AVRJ",37580
bisac_MUS037090,MUS037090,MUS,MUSIC / Printed Music / Piano & Keyboard Repertoire,"thema_AVQ,thema_AVRG",37590
bisac_MUS037100,MUS037100,MUS,MUSIC / Printed Music / Piano-Vocal-Guitar,thema_AVQS,37600
bisac_MUS037110,MUS037110,MUS,MUSIC / Printed Music / Vocal,thema_AVQS,37610
bisac_MUS037120,MUS037120,MUS,MUSIC / Printed Music / Brass,"thema_AVQ,thema_AVRN1",37620
bisac_MUS037130,MUS037130,MUS,MUSIC / Printed Music / Strings,"thema_AVQ,thema_AVRL",37630
bisac_MUS037140,MUS037140,MUS,MUSIC / Printed Music / Woodwinds,"thema_AVQ,thema_AVRN2",37640
bisac_MUS038000,MUS038000,MUS,MUSIC / Instruction & Study / Songwriting,thema_AVSD,37650
bisac_MUS039000,MUS039000,MUS,MUSIC / Genres & Styles / Soul & R 'n B,thema_AVLP,37660
bisac_MUS040000,MUS040000,MUS,MUSIC / Instruction & Study / Techniques,thema_AVS,37670
bisac_MUS041000,MUS041000,MUS,MUSIC / Instruction & Study / Theory,thema_AVA,37680
bisac_MUS042000,MUS042000,MUS,MUSIC / Instruction & Study / Voice,thema_AVSA,37690
bisac_MUS045000,MUS045000,MUS,MUSIC / Genres & Styles / Military & Marches,thema_AVLA,37700
bisac_MUS046000,MUS046000,MUS,MUSIC / Genres & Styles / Musicals,thema_AVLM,37710
bisac_MUS047000,MUS047000,MUS,MUSIC / Genres & Styles / Reggae,thema_AVLP,37720
bisac_MUS048000,MUS048000,MUS,MUSIC / Religious / General,thema_AVLK,37730
bisac_MUS048010,MUS048010,MUS,MUSIC / Religious / Christian,thema_AVLK,37740
bisac_MUS048020,MUS048020,MUS,MUSIC / Religious / Jewish,thema_AVLK,37750
bisac_MUS048030,MUS048030,MUS,MUSIC / Religious / Muslim,thema_AVLK,37760
bisac_MUS049000,MUS049000,MUS,MUSIC / Genres & Styles / General,thema_AVL,37770
bisac_MUS050000,MUS050000,MUS,MUSIC / Individual Composer & Musician,"thema_AVN,thema_AVP",37780
bisac_MUS051000,MUS051000,MUS,MUSIC / Genres & Styles / Choral,thema_AVLC,37790
bisac_MUS052000,MUS052000,MUS,MUSIC / Lyrics,thema_AVQ,37800
bisac_MUS053000,MUS053000,MUS,MUSIC / Genres & Styles / Big Band & Swing,thema_AVLP,37810
bisac_MUS054000,MUS054000,MUS,MUSIC / Philosophy & Social Aspects,thema_AVA,37820
bisac_MUS055000,MUS055000,MUS,MUSIC / Essays,thema_AV,37830
bisac_MUS056000,MUS056000,MUS,MUSIC / Indigenous,thema_AVL,37840
bisac_MUS057000,MUS057000,MUS,MUSIC / African American & Black *,,37850
bisac_NAT000000,NAT000000,NAT,NATURE / General,thema_WN,37860
bisac_NAT001000,NAT001000,NAT,NATURE / Animals / General,thema_WNC,37870
bisac_NAT002000,NAT002000,NAT,NATURE / Animals / Primates,"thema_WNCF,thema_PSVM3",37880
bisac_NAT003000,NAT003000,NAT,NATURE / Animals / Bears,thema_WNCF,37890
bisac_NAT004000,NAT004000,NAT,NATURE / Birdwatching Guides,thema_WNCB,37900
bisac_NAT005000,NAT005000,NAT,NATURE / Animals / Butterflies & Moths,thema_WNCN,37910
bisac_NAT007000,NAT007000,NAT,NATURE / Animals / Dinosaurs & Prehistoric Creatures,thema_WNA,37920
bisac_NAT009000,NAT009000,NAT,NATURE / Earthquakes & Volcanoes,"thema_WNW,thema_RBC",37930
bisac_NAT010000,NAT010000,NAT,NATURE / Ecology,thema_RNC,37940
bisac_NAT011000,NAT011000,NAT,NATURE / Environmental Conservation & Protection,thema_RNK,37950
bisac_NAT012000,NAT012000,NAT,NATURE / Animals / Fish,"thema_WNCS,thema_PSVC",37960
bisac_NAT013000,NAT013000,NAT,NATURE / Plants / Flowers,thema_WNP,37970
bisac_NAT014000,NAT014000,NAT,NATURE / Ecosystems & Habitats / Forests & Rainforests,"thema_WNW,thema_RGBL",37980
bisac_NAT015000,NAT015000,NAT,NATURE / Fossils,thema_WNR,37990
bisac_NAT016000,NAT016000,NAT,NATURE / Animals / Horses,thema_WNGH,38000
bisac_NAT017000,NAT017000,NAT,NATURE / Animals / Insects & Spiders,thema_WNCN,38010
bisac_NAT018000,NAT018000,NAT,"NATURE / Ecosystems & Habitats / Lakes, Ponds & Swamps","thema_WNW,thema_RGBG",38020
bisac_NAT019000,NAT019000,NAT,NATURE / Animals / Mammals,thema_WNCF,38030
bisac_NAT020000,NAT020000,NAT,NATURE / Animals / Marine Life,thema_WNCS,38040
bisac_NAT022000,NAT022000,NAT,NATURE / Fungi & Mushrooms,"thema_WNP,thema_PSQ",38050
bisac_NAT023000,NAT023000,NAT,NATURE / Natural Disasters,thema_RNR,38060
bisac_NAT024000,NAT024000,NAT,NATURE / Essays,thema_WN,38070
bisac_NAT025000,NAT025000,NAT,NATURE / Ecosystems & Habitats / Oceans & Seas,"thema_WNW,thema_RBKC",38080
bisac_NAT026000,NAT026000,NAT,NATURE / Plants / General,thema_WNP,38090
bisac_NAT027000,NAT027000,NAT,NATURE / Reference,"thema_WN,thema_GBC",38100
bisac_NAT028000,NAT028000,NAT,NATURE / Animals / Reptiles & Amphibians,thema_WNCK,38110
bisac_NAT029000,NAT029000,NAT,NATURE / Ecosystems & Habitats / Rivers,"thema_WNW,thema_RGBG",38120
bisac_NAT030000,NAT030000,NAT,NATURE / Rocks & Minerals,thema_WNR,38130
bisac_NAT031000,NAT031000,NAT,NATURE / Seashells,thema_WNCS1,38140
bisac_NAT032000,NAT032000,NAT,NATURE / Seasons,thema_WNW,38150
bisac_NAT033000,NAT033000,NAT,NATURE / Sky Observation,thema_WNX,38160
bisac_NAT034000,NAT034000,NAT,NATURE / Plants / Trees,thema_WNP,38170
bisac_NAT036000,NAT036000,NAT,NATURE / Weather,thema_WNWM,38180
bisac_NAT037000,NAT037000,NAT,NATURE / Animals / Wildlife,thema_WNC,38190
bisac_NAT038000,NAT038000,NAT,NATURE / Natural Resources,thema_RNF,38200
bisac_NAT039000,NAT039000,NAT,NATURE / Animal Rights,thema_JBFU,38210
bisac_NAT041000,NAT041000,NAT,NATURE / Ecosystems & Habitats / Mountains,"thema_WNW,thema_RGBS",38220
bisac_NAT042000,NAT042000,NAT,NATURE / Animals / Big Cats,thema_WNCF,38230
bisac_NAT043000,NAT043000,NAT,NATURE / Animals / Birds,thema_WNCB,38240
bisac_NAT044000,NAT044000,NAT,NATURE / Animals / Wolves,thema_WNCF,38250
bisac_NAT045000,NAT045000,NAT,NATURE / Ecosystems & Habitats / General,"thema_WNW,thema_RGB",38260
bisac_NAT045010,NAT045010,NAT,NATURE / Ecosystems & Habitats / Deserts,"thema_WNW,thema_RGBA",38270
bisac_NAT045020,NAT045020,NAT,NATURE / Ecosystems & Habitats / Plains & Prairies,"thema_WNW,thema_RGBC",38280
bisac_NAT045030,NAT045030,NAT,NATURE / Ecosystems & Habitats / Polar Regions,"thema_WNW,thema_RGBU",38290
bisac_NAT045040,NAT045040,NAT,NATURE / Ecosystems & Habitats / Wilderness,thema_WNW,38300
bisac_NAT045050,NAT045050,NAT,NATURE / Ecosystems & Habitats / Coastal Regions & Shorelines,"thema_WNW,thema_RGBP",38310
bisac_NAT045060,NAT045060,NAT,NATURE / Ecosystems & Habitats / Caves *,,38320
bisac_NAT045070,NAT045070,NAT,NATURE / Ecosystems & Habitats / Tropical Regions *,,38330
bisac_NAT045080,NAT045080,NAT,NATURE / Ecosystems & Habitats / Urban & Suburban *,,38340
bisac_NAT046000,NAT046000,NAT,NATURE / Endangered Species & Extinct Species,thema_RNKH1,38350
bisac_NAT047000,NAT047000,NAT,NATURE / Plants / Aquatic,thema_WNP,38360
bisac_NAT048000,NAT048000,NAT,NATURE / Plants / Cacti & Succulents,thema_WNP,38370
bisac_NAT049000,NAT049000,NAT,NATURE / Regional / General,thema_WN,38380
bisac_NAT049010,NAT049010,NAT,NATURE / Regional / Africa *,,38390
bisac_NAT049020,NAT049020,NAT,NATURE / Regional / Asia *,,38400
bisac_NAT049030,NAT049030,NAT,NATURE / Regional / Australia & Oceania *,,38410
bisac_NAT049040,NAT049040,NAT,NATURE / Regional / Canada / General *,,38420
bisac_NAT049050,NAT049050,NAT,"NATURE / Regional / Canada / Atlantic Provinces (NB, NL, NS, PE) *",,38430
bisac_NAT049060,NAT049060,NAT,"NATURE / Regional / Canada / Northern Territories (NT, NU, YT) *",,38440
bisac_NAT049070,NAT049070,NAT,NATURE / Regional / Canada / Ontario (ON) *,,38450
bisac_NAT049080,NAT049080,NAT,"NATURE / Regional / Canada / Prairie Provinces (MB, SK) *",,38460
bisac_NAT049090,NAT049090,NAT,NATURE / Regional / Canada / Quebec (QC) *,,38470
bisac_NAT049100,NAT049100,NAT,"NATURE / Regional / Canada / Western Provinces (AB, BC) *",,38480
bisac_NAT049110,NAT049110,NAT,NATURE / Regional / Caribbean *,,38490
bisac_NAT049120,NAT049120,NAT,NATURE / Regional / Central & South America *,,38500
bisac_NAT049130,NAT049130,NAT,NATURE / Regional / Europe *,,38510
bisac_NAT049140,NAT049140,NAT,NATURE / Regional / North America *,,38520
bisac_NAT049150,NAT049150,NAT,NATURE / Regional / United States / General *,,38530
bisac_NAT049160,NAT049160,NAT,NATURE / Regional / United States / Midwest *,,38540
bisac_NAT049170,NAT049170,NAT,NATURE / Regional / United States / Northeast *,,38550
bisac_NAT049180,NAT049180,NAT,NATURE / Regional / United States / South *,,38560
bisac_NAT049190,NAT049190,NAT,NATURE / Regional / United States / West *,,38570
bisac_NAT050000,NAT050000,NAT,NATURE / Cultural Botany,thema_WNPB,38580
bisac_NAT051000,NAT051000,NAT,NATURE / Foraging,thema_WNPB,38590
bisac_NAT052000,NAT052000,NAT,NATURE / Indigenous Stewardship,"thema_RNF,thema_JBSL11",38600
bisac_NON000000,NON000000,NON,NON000000,thema_WZ,38610
bisac_OCC000000,OCC000000,OCC,"MIND, BODY, SPIRIT / General",thema_VX,38620
bisac_OCC002000,OCC002000,OCC,"MIND, BODY, SPIRIT / Astrology / General",thema_VXFA,38630
bisac_OCC003000,OCC003000,OCC,"MIND, BODY, SPIRIT / Channeling & Mediumship",thema_VXPS,38640
bisac_OCC004000,OCC004000,OCC,"MIND, BODY, SPIRIT / Crystals",thema_VXPC,38650
bisac_OCC005000,OCC005000,OCC,"MIND, BODY, SPIRIT / Divination / General",thema_VXF,38660
bisac_OCC006000,OCC006000,OCC,"MIND, BODY, SPIRIT / Dreams",thema_VXN,38670
bisac_OCC007000,OCC007000,OCC,"MIND, BODY, SPIRIT / Psychic Phenomena / ESP (Clairvoyance, Precognition, Telepathy)","thema_VXP,thema_VXFT",38680
bisac_OCC008000,OCC008000,OCC,"MIND, BODY, SPIRIT / Divination / Fortune Telling",thema_VXF,38690
bisac_OCC009000,OCC009000,OCC,"MIND, BODY, SPIRIT / Astrology / Horoscopes",thema_VXFA1,38700
bisac_OCC010000,OCC010000,OCC,"MIND, BODY, SPIRIT / Mindfulness & Meditation","thema_VXM,thema_VSPD",38710
bisac_OCC011000,OCC011000,OCC,"MIND, BODY, SPIRIT / Healing / General",thema_VXH,38720
bisac_OCC011010,OCC011010,OCC,"MIND, BODY, SPIRIT/ Healing / Energy (Chakras, Qigong, Reiki)",thema_VXHK,38730
bisac_OCC011020,OCC011020,OCC,"MIND, BODY, SPIRIT / Healing / Prayer & Spiritual","thema_VXH,thema_QRVJ2",38740
bisac_OCC011030,OCC011030,OCC,"MIND, BODY, SPIRIT / Healing / Ancestral *",,38750
bisac_OCC012000,OCC012000,OCC,"MIND, BODY, SPIRIT / Mysticism","thema_VXW,thema_QRVK2",38760
bisac_OCC014000,OCC014000,OCC,"MIND, BODY, SPIRIT / New Thought","thema_VXA,thema_QRY",38770
bisac_OCC015000,OCC015000,OCC,"MIND, BODY, SPIRIT / Numerology",thema_VXFN,38780
bisac_OCC016000,OCC016000,OCC,"MIND, BODY, SPIRIT / Occultism","thema_VXW,thema_QRYX",38790
bisac_OCC017000,OCC017000,OCC,"MIND, BODY, SPIRIT / Divination / Palmistry",thema_VXFJ1,38800
bisac_OCC018000,OCC018000,OCC,"MIND, BODY, SPIRIT / Psychic Phenomena / General",thema_VXP,38810
bisac_OCC019000,OCC019000,OCC,"MIND, BODY, SPIRIT / Inspiration & Personal Growth",thema_VXA,38820
bisac_OCC020000,OCC020000,OCC,"MIND, BODY, SPIRIT/ Prophecy","thema_VX,thema_QRVK",38830
bisac_OCC021000,OCC021000,OCC,"MIND, BODY, SPIRIT / Reference","thema_VX,thema_GBC",38840
bisac_OCC022000,OCC022000,OCC,"MIND, BODY, SPIRIT / Afterlife & Reincarnation",thema_VXPR,38850
bisac_OCC023000,OCC023000,OCC,"MIND, BODY, SPIRIT / Supernatural & Unexplained / General",thema_VXQ,38860
bisac_OCC024000,OCC024000,OCC,"MIND, BODY, SPIRIT / Divination / Tarot",thema_VXFC1,38870
bisac_OCC025000,OCC025000,OCC,"MIND, BODY, SPIRIT / Supernatural & Unexplained / UFOs & Extraterrestrials",thema_VXQB,38880
bisac_OCC026000,OCC026000,OCC,"MIND, BODY, SPIRIT / Witchcraft (see also RELIGION / Wicca)","thema_VXWT,thema_QRYX5",38890
bisac_OCC027000,OCC027000,OCC,"MIND, BODY, SPIRIT / Spiritualism","thema_QRYM2,thema_VXPH",38900
bisac_OCC028000,OCC028000,OCC,"MIND, BODY, SPIRIT / Magick Studies","thema_VXWM,thema_QRYX2",38910
bisac_OCC029000,OCC029000,OCC,OCC029000,thema_VXQ,38920
bisac_OCC030000,OCC030000,OCC,"MIND, BODY, SPIRIT / Astrology / Eastern",thema_VXFA,38930
bisac_OCC031000,OCC031000,OCC,"MIND, BODY, SPIRIT / Supernatural & Unexplained / Ancient Mysteries & Debated Perspectives",thema_JBG,38940
bisac_OCC032000,OCC032000,OCC,"MIND, BODY, SPIRIT / Angels & Spirit Guides",thema_VXPS,38950
bisac_OCC033000,OCC033000,OCC,"MIND, BODY, SPIRIT / Gaia & Earth Energies","thema_VXK,thema_QRY",38960
bisac_OCC034000,OCC034000,OCC,"MIND, BODY, SPIRIT / Psychic Phenomena / Near-Death Experience",thema_VXPR,38970
bisac_OCC035000,OCC035000,OCC,"MIND, BODY, SPIRIT / Psychic Phenomena / Out-of-Body Experience",thema_VXPJ,38980
bisac_OCC036010,OCC036010,OCC,"MIND, BODY, SPIRIT / Celtic Spirituality",thema_QRST,38990
bisac_OCC036030,OCC036030,OCC,"MIND, BODY, SPIRIT / Shamanism","thema_VXWS,thema_QRRV",39000
bisac_OCC036050,OCC036050,OCC,"MIND, BODY, SPIRIT / Goddess Worship","thema_VXWS,thema_QRY",39010
bisac_OCC037000,OCC037000,OCC,"MIND, BODY, SPIRIT / Feng Shui",thema_VXV,39020
bisac_OCC038000,OCC038000,OCC,"MIND, BODY, SPIRIT / I Ching",thema_VXFD,39030
bisac_OCC039000,OCC039000,OCC,"MIND, BODY, SPIRIT / Entheogens & Visionary Substances",thema_VXA,39040
bisac_OCC040000,OCC040000,OCC,"MIND, BODY, SPIRIT / Hermetism & Rosicrucianism",thema_QRYX2,39050
bisac_OCC041000,OCC041000,OCC,"MIND, BODY, SPIRIT / Sacred Sexuality","thema_QRVP7,thema_VFVC",39060
bisac_OCC042000,OCC042000,OCC,"MIND, BODY, SPIRIT / Alchemy","thema_VXWM,thema_QRYX2",39070
bisac_OCC043000,OCC043000,OCC,"MIND, BODY, SPIRIT / Nature Therapy",thema_VXHF,39080
bisac_OCC044000,OCC044000,OCC,"MIND, BODY, SPIRIT / Ayurveda",thema_VXHT2,39090
bisac_OCC045000,OCC045000,OCC,"MIND, BODY, SPIRIT / Divination / Runes",thema_VXF,39100
bisac_OCC046000,OCC046000,OCC,"MIND, BODY, SPIRIT / Human Design",thema_VXFA,39110
bisac_OCC047000,OCC047000,OCC,"MIND, BODY, SPIRIT / Sacred Geometry",thema_VXT,39120
bisac_OCC048000,OCC048000,OCC,"MIND, BODY, SPIRIT / Astrology / Vedic *",,39130
bisac_OCC049000,OCC049000,OCC,"MIND, BODY, SPIRIT / Divination / Dowsing (incl. Pendulum) *",,39140
bisac_OCC050000,OCC050000,OCC,"MIND, BODY, SPIRIT / Empaths & Highly Sensitive People *",,39150
bisac_OCC051000,OCC051000,OCC,"MIND, BODY, SPIRIT / Manifestation & Law of Attraction *",,39160
bisac_OCC052000,OCC052000,OCC,"MIND, BODY, SPIRIT / Moon Energies *",,39170
bisac_OCC053000,OCC053000,OCC,"MIND, BODY, SPIRIT / Shadow Work *",,39180
bisac_OCC054000,OCC054000,OCC,"MIND, BODY, SPIRIT / Signs & Symbols *",,39190
bisac_OCC055000,OCC055000,OCC,"MIND, BODY, SPIRIT / Spiritual Herbalism & Herbal Magic *",,39200
bisac_OCC056000,OCC056000,OCC,"MIND, BODY, SPIRIT / Supernatural & Unexplained / Ghosts & Hauntings *",,39210
bisac_OCC057000,OCC057000,OCC,"MIND, BODY, SPIRIT / Supernatural & Unexplained / Mythical & Legendary Beings, Monsters & Creatures *",,39220
bisac_OCC058000,OCC058000,OCC,"MIND, BODY, SPIRIT / Superstitions *",,39230
bisac_PER000000,PER000000,PER,PERFORMING ARTS / General,thema_AT,39240
bisac_PER001000,PER001000,PER,PERFORMING ARTS / Acting & Auditioning,thema_ATDC,39250
bisac_PER002000,PER002000,PER,PERFORMING ARTS / Circus,thema_ATXC,39260
bisac_PER003000,PER003000,PER,PERFORMING ARTS / Dance / General,thema_ATQ,39270
bisac_PER003010,PER003010,PER,PERFORMING ARTS / Dance / Classical & Ballet,thema_ATQL,39280
bisac_PER003020,PER003020,PER,PERFORMING ARTS / Dance / Folk,thema_ATQZ,39290
bisac_PER003030,PER003030,PER,PERFORMING ARTS / Dance / Jazz,thema_ATQT,39300
bisac_PER003040,PER003040,PER,PERFORMING ARTS / Dance / Modern,thema_ATQT,39310
bisac_PER003050,PER003050,PER,PERFORMING ARTS / Dance / Choreography & Dance Notation,thema_ATQC,39320
bisac_PER003060,PER003060,PER,PERFORMING ARTS / Dance / Popular,thema_ATQ,39330
bisac_PER003070,PER003070,PER,PERFORMING ARTS / Dance / Reference,"thema_ATQ,thema_GBC",39340
bisac_PER003080,PER003080,PER,PERFORMING ARTS / Dance / Tap,thema_ATQT,39350
bisac_PER003090,PER003090,PER,PERFORMING ARTS / Dance / Ballroom,thema_ATQR,39360
bisac_PER003100,PER003100,PER,PERFORMING ARTS / Dance / History & Criticism,"thema_ATQ,thema_ATY",39370
bisac_PER004000,PER004000,PER,PERFORMING ARTS / Film / General,thema_ATF,39380
bisac_PER004010,PER004010,PER,PERFORMING ARTS / Film / Direction & Production,thema_ATFX,39390
bisac_PER004020,PER004020,PER,PERFORMING ARTS / Film / Guides & Reviews,thema_ATFG,39400
bisac_PER004030,PER004030,PER,PERFORMING ARTS / Film / History & Criticism,thema_ATFA,39410
bisac_PER004040,PER004040,PER,PERFORMING ARTS / Film / Reference,"thema_ATF,thema_GBC",39420
bisac_PER004050,PER004050,PER,PERFORMING ARTS / Film / Screenwriting,"thema_CBVS,thema_ATFD",39430
bisac_PER004060,PER004060,PER,PERFORMING ARTS / Film / Genres / General,thema_ATFN,39440
bisac_PER004070,PER004070,PER,PERFORMING ARTS / Film / Genres / Action & Adventure,"thema_ATFN,thema_ATMB",39450
bisac_PER004080,PER004080,PER,PERFORMING ARTS / Film / Genres / Animated,thema_ATFV,39460
bisac_PER004090,PER004090,PER,PERFORMING ARTS / Film / Genres / Comedy,"thema_ATFN,thema_ATMC",39470
bisac_PER004100,PER004100,PER,PERFORMING ARTS / Film / Genres / Crime,"thema_ATFN,thema_ATMB",39480
bisac_PER004110,PER004110,PER,PERFORMING ARTS / Film / Genres / Documentary,thema_ATFR,39490
bisac_PER004120,PER004120,PER,PERFORMING ARTS / Film / Genres / Historical,"thema_ATFN,thema_ATMH",39500
bisac_PER004130,PER004130,PER,PERFORMING ARTS / Film / Genres / Horror,"thema_ATFN,thema_ATMN",39510
bisac_PER004140,PER004140,PER,PERFORMING ARTS / Film / Genres / Science Fiction & Fantasy,"thema_ATFN,thema_ATMN",39520
bisac_PER004150,PER004150,PER,PERFORMING ARTS / Film / Genres / Westerns,"thema_ATFN,thema_ATMB",39530
bisac_PER004160,PER004160,PER,PERFORMING ARTS / Film / Regional & National,thema_ATFA,39540
bisac_PER004170,PER004170,PER,PERFORMING ARTS / Film / Genres / Musicals,"thema_ATFN,thema_AVLM",39550
bisac_PER004180,PER004180,PER,PERFORMING ARTS / Film / Genres / Superheroes,"thema_ATFN,thema_ATMP",39560
bisac_PER006000,PER006000,PER,PERFORMING ARTS / Theater / Miming,thema_ATX,39570
bisac_PER007000,PER007000,PER,PERFORMING ARTS / Puppets & Puppetry,thema_ATXM,39580
bisac_PER008000,PER008000,PER,PERFORMING ARTS / Radio / General,thema_ATL,39590
bisac_PER008010,PER008010,PER,PERFORMING ARTS / Radio / History & Criticism,"thema_ATL,thema_ATY",39600
bisac_PER008020,PER008020,PER,PERFORMING ARTS / Radio / Reference,"thema_ATL,thema_GBC",39610
bisac_PER009000,PER009000,PER,PERFORMING ARTS / Reference,"thema_AT,thema_GBC",39620
bisac_PER010000,PER010000,PER,PERFORMING ARTS / Television / General,thema_ATJ,39630
bisac_PER010010,PER010010,PER,PERFORMING ARTS / Television / Direction & Production,thema_ATJX,39640
bisac_PER010020,PER010020,PER,PERFORMING ARTS / Television / Guides & Reviews,thema_ATJ,39650
bisac_PER010030,PER010030,PER,PERFORMING ARTS / Television / History & Criticism,"thema_ATJ,thema_ATY",39660
bisac_PER010040,PER010040,PER,PERFORMING ARTS / Television / Reference,"thema_ATJ,thema_GBC",39670
bisac_PER010050,PER010050,PER,PERFORMING ARTS / Television / Screenwriting,"thema_CBVS,thema_ATJD",39680
bisac_PER010060,PER010060,PER,PERFORMING ARTS / Television / Genres / General,thema_ATJS,39690
bisac_PER010070,PER010070,PER,PERFORMING ARTS / Television / Genres / Children's,thema_ATJS,39700
bisac_PER010080,PER010080,PER,PERFORMING ARTS / Television / Genres / Comedy,"thema_ATJS,thema_ATMC",39710
bisac_PER010090,PER010090,PER,PERFORMING ARTS / Television / Genres / Drama,"thema_ATJS,thema_ATMF",39720
bisac_PER010100,PER010100,PER,"PERFORMING ARTS / Television / Genres / Reality, Game Shows & Talk Shows",thema_ATJS1,39730
bisac_PER010110,PER010110,PER,"PERFORMING ARTS / Television / Genres / Science Fiction, Fantasy & Horror","thema_ATJS,thema_ATMN",39740
bisac_PER010120,PER010120,PER,PERFORMING ARTS / Television / Genres / Animated,"thema_ATJS,thema_ATFV",39750
bisac_PER010130,PER010130,PER,PERFORMING ARTS / Television / Genres / Documentary,"thema_ATJS,thema_ATFR",39760
bisac_PER010140,PER010140,PER,PERFORMING ARTS / Television / Genres / Superheroes,"thema_ATJS,thema_ATMP",39770
bisac_PER011000,PER011000,PER,PERFORMING ARTS / Theater / General,thema_ATD,39780
bisac_PER011010,PER011010,PER,PERFORMING ARTS / Theater / Direction & Production,thema_ATDF,39790
bisac_PER011020,PER011020,PER,PERFORMING ARTS / Theater / History & Criticism,"thema_ATD,thema_ATY",39800
bisac_PER011030,PER011030,PER,PERFORMING ARTS / Theater / Playwriting,"thema_CBV,thema_ATDF",39810
bisac_PER011040,PER011040,PER,PERFORMING ARTS / Theater / Stagecraft & Scenography,thema_ATDH,39820
bisac_PER011050,PER011050,PER,PERFORMING ARTS / Theater / Dramaturgy,thema_ATD,39830
bisac_PER011060,PER011060,PER,PERFORMING ARTS / Theater / Reference,"thema_ATD,thema_GBC",39840
bisac_PER011070,PER011070,PER,PERFORMING ARTS / Theater / Regional & National,thema_ATDS,39850
bisac_PER013000,PER013000,PER,PERFORMING ARTS / Theater / Broadway & Musicals,"thema_ATD,thema_AVLM",39860
bisac_PER014000,PER014000,PER,PERFORMING ARTS / Business Aspects,thema_ATV,39870
bisac_PER015000,PER015000,PER,PERFORMING ARTS / Comedy,thema_ATXD,39880
bisac_PER016000,PER016000,PER,PERFORMING ARTS / Screenplays,"thema_ATFD,thema_ATJD",39890
bisac_PER017000,PER017000,PER,PERFORMING ARTS / Animation (see also Film / Genres / Animated),thema_ATFV,39900
bisac_PER018000,PER018000,PER,PERFORMING ARTS / Individual Director (see also BIOGRAPHY & AUTOBIOGRAPHY / Entertainment & Performing Arts),thema_ATR,39910
bisac_PER019000,PER019000,PER,PERFORMING ARTS / Storytelling,thema_ATX,39920
bisac_PER021000,PER021000,PER,PERFORMING ARTS / Dance / Regional & Cultural,thema_ATQ,39930
bisac_PER022000,PER022000,PER,PERFORMING ARTS / Improvisation,thema_ATXD,39940
bisac_PER023000,PER023000,PER,PERFORMING ARTS / Voice Acting,thema_ATDC,39950
bisac_PER024000,PER024000,PER,PERFORMING ARTS / Drag,thema_ATXB,39960
bisac_PET000000,PET000000,PET,PETS / General,thema_WNG,39970
bisac_PET002000,PET002000,PET,PETS / Birds,thema_WNGK,39980
bisac_PET003000,PET003000,PET,PETS / Cats / General,thema_WNGC,39990
bisac_PET003010,PET003010,PET,PETS / Cats / Breeds,thema_WNGC,40000
bisac_PET004000,PET004000,PET,PETS / Dogs / General,thema_WNGD,40010
bisac_PET004010,PET004010,PET,PETS / Dogs / Breeds,thema_WNGD,40020
bisac_PET004020,PET004020,PET,PETS / Dogs / Training & Showing,thema_WNGD1,40030
bisac_PET005000,PET005000,PET,PETS / Fish & Aquariums,thema_WNGF,40040
bisac_PET006000,PET006000,PET,PETS / Horses,thema_WNGH,40050
bisac_PET008000,PET008000,PET,PETS / Reference,"thema_WNG,thema_GBC",40060
bisac_PET009000,PET009000,PET,"PETS / Reptiles, Amphibians & Terrariums",thema_WNGS,40070
bisac_PET010000,PET010000,PET,PETS / Essays & Narratives,thema_WNG,40080
bisac_PET011000,PET011000,PET,"PETS / Rabbits, Mice, Hamsters, Guinea Pigs, etc.",thema_WNGR,40090
bisac_PET012000,PET012000,PET,PETS / Food & Nutrition,"thema_WNG,thema_MZL",40100
bisac_PET013000,PET013000,PET,PETS / Insects & Spiders,thema_WNGX,40110
bisac_PHI000000,PHI000000,PHI,PHILOSOPHY / General,thema_QD,40120
bisac_PHI001000,PHI001000,PHI,PHILOSOPHY / Aesthetics,thema_QDTN,40130
bisac_PHI002000,PHI002000,PHI,PHILOSOPHY / History & Surveys / Ancient & Classical,thema_QDHA,40140
bisac_PHI003000,PHI003000,PHI,PHILOSOPHY / Asian,thema_QDHC,40150
bisac_PHI004000,PHI004000,PHI,PHILOSOPHY / Epistemology,thema_QDTK,40160
bisac_PHI005000,PHI005000,PHI,PHILOSOPHY / Ethics & Moral Philosophy,thema_QDTQ,40170
bisac_PHI006000,PHI006000,PHI,PHILOSOPHY / Movements / Existentialism,thema_QDHR5,40180
bisac_PHI007000,PHI007000,PHI,PHILOSOPHY / Free Will & Determinism,thema_QDT,40190
bisac_PHI008000,PHI008000,PHI,PHILOSOPHY / Good & Evil,thema_QDTQ,40200
bisac_PHI009000,PHI009000,PHI,PHILOSOPHY / History & Surveys / General,thema_QDH,40210
bisac_PHI010000,PHI010000,PHI,PHILOSOPHY / Movements / Humanism,thema_QDHH,40220
bisac_PHI011000,PHI011000,PHI,PHILOSOPHY / Logic,thema_QDTL,40230
bisac_PHI012000,PHI012000,PHI,PHILOSOPHY / History & Surveys / Medieval,thema_QDHF,40240
bisac_PHI013000,PHI013000,PHI,PHILOSOPHY / Metaphysics,thema_QDTJ,40250
bisac_PHI014000,PHI014000,PHI,PHILOSOPHY / Methodology,thema_QD,40260
bisac_PHI015000,PHI015000,PHI,PHILOSOPHY / Mind & Body,thema_QDTM,40270
bisac_PHI016000,PHI016000,PHI,PHILOSOPHY / History & Surveys / Modern,thema_QDHR,40280
bisac_PHI018000,PHI018000,PHI,PHILOSOPHY / Movements / Phenomenology,thema_QDHR5,40290
bisac_PHI019000,PHI019000,PHI,PHILOSOPHY / Political,thema_QDTS,40300
bisac_PHI020000,PHI020000,PHI,PHILOSOPHY / Movements / Pragmatism,thema_QDHR3,40310
bisac_PHI021000,PHI021000,PHI,PHILOSOPHY / Reference,"thema_QD,thema_GBC",40320
bisac_PHI022000,PHI022000,PHI,PHILOSOPHY / Religious,thema_QRAB,40330
bisac_PHI023000,PHI023000,PHI,PHILOSOPHY / Taoist,"thema_QDHC,thema_QRRL5",40340
bisac_PHI025000,PHI025000,PHI,PHILOSOPHY / Zen,"thema_QDHC,thema_QRFB23",40350
bisac_PHI026000,PHI026000,PHI,PHILOSOPHY / Criticism,thema_QDH,40360
bisac_PHI027000,PHI027000,PHI,PHILOSOPHY / Movements / Deconstruction,thema_QDHR7,40370
bisac_PHI028000,PHI028000,PHI,PHILOSOPHY / Buddhist,"thema_QDHC,thema_QRF",40380
bisac_PHI029000,PHI029000,PHI,PHILOSOPHY / Movements / Structuralism,thema_QDHR7,40390
bisac_PHI030000,PHI030000,PHI,PHILOSOPHY / Movements / Utilitarianism,thema_QDTQ,40400
bisac_PHI031000,PHI031000,PHI,PHILOSOPHY / Movements / General,thema_QDH,40410
bisac_PHI032000,PHI032000,PHI,PHILOSOPHY / Movements / Rationalism,thema_QDHM,40420
bisac_PHI033000,PHI033000,PHI,PHILOSOPHY / Hindu,"thema_QDHC,thema_QRD",40430
bisac_PHI034000,PHI034000,PHI,PHILOSOPHY / Social,thema_QDTS,40440
bisac_PHI035000,PHI035000,PHI,PHILOSOPHY / Essays,thema_QD,40450
bisac_PHI036000,PHI036000,PHI,PHILOSOPHY / Hermeneutics,"thema_QDT,thema_CFP",40460
bisac_PHI037000,PHI037000,PHI,PHILOSOPHY / History & Surveys / Renaissance,"thema_QDH,thema_NHDL",40470
bisac_PHI038000,PHI038000,PHI,PHILOSOPHY / Language,thema_CFA,40480
bisac_PHI039000,PHI039000,PHI,PHILOSOPHY / Movements / Analytic,thema_QDHR9,40490
bisac_PHI040000,PHI040000,PHI,PHILOSOPHY / Movements / Critical Theory,thema_QDTS1,40500
bisac_PHI041000,PHI041000,PHI,PHILOSOPHY / Movements / Empiricism,thema_QDHM,40510
bisac_PHI042000,PHI042000,PHI,PHILOSOPHY / Movements / Idealism,thema_QDHR1,40520
bisac_PHI043000,PHI043000,PHI,PHILOSOPHY / Movements / Post-Structuralism,thema_QDHR7,40530
bisac_PHI044000,PHI044000,PHI,PHILOSOPHY / Movements / Realism,thema_QDH,40540
bisac_PHI045000,PHI045000,PHI,PHILOSOPHY / Movements / Transcendentalism,thema_QDHR,40550
bisac_PHI046000,PHI046000,PHI,PHILOSOPHY / Individual Philosophers,thema_QD,40560
bisac_PHI047000,PHI047000,PHI,PHILOSOPHY / African,thema_QDHP,40570
bisac_PHI048000,PHI048000,PHI,PHILOSOPHY / Environmental,"thema_QDTQ,thema_RNA",40580
bisac_PHI049000,PHI049000,PHI,PHILOSOPHY / Nature,"thema_QDTQ,thema_WN",40590
bisac_PHI050000,PHI050000,PHI,PHILOSOPHY / Indigenous,"thema_QDH,thema_JBSL11",40600
bisac_PHI051000,PHI051000,PHI,PHILOSOPHY / African American & Black *,,40610
bisac_PHI052000,PHI052000,PHI,PHILOSOPHY / Popular Culture *,,40620
bisac_PHO000000,PHO000000,PHO,PHOTOGRAPHY / General,thema_AJ,40630
bisac_PHO001000,PHO001000,PHO,PHOTOGRAPHY / Subjects & Themes / Architectural & Industrial,"thema_AJTF,thema_AM",40640
bisac_PHO003000,PHO003000,PHO,PHOTOGRAPHY / Business Aspects,"thema_AJ,thema_ABQ",40650
bisac_PHO004000,PHO004000,PHO,"PHOTOGRAPHY / Collections, Catalogs, Exhibitions / General",thema_AJC,40660
bisac_PHO004010,PHO004010,PHO,"PHOTOGRAPHY / Collections, Catalogs, Exhibitions / Group Shows",thema_AJC,40670
bisac_PHO004020,PHO004020,PHO,"PHOTOGRAPHY / Collections, Catalogs, Exhibitions / Permanent Collections",thema_AJC,40680
bisac_PHO005000,PHO005000,PHO,PHOTOGRAPHY / Criticism,thema_AJ,40690
bisac_PHO006000,PHO006000,PHO,PHOTOGRAPHY / Techniques / Darkroom,thema_AJT,40700
bisac_PHO007000,PHO007000,PHO,PHOTOGRAPHY / Techniques / Equipment,thema_AJT,40710
bisac_PHO009000,PHO009000,PHO,PHOTOGRAPHY / Subjects & Themes / Fashion,"thema_AJTF,thema_AKT",40720
bisac_PHO010000,PHO010000,PHO,PHOTOGRAPHY / History,"thema_AJ,thema_AGA",40730
bisac_PHO011000,PHO011000,PHO,PHOTOGRAPHY / Individual Photographers / General,thema_AJCD,40740
bisac_PHO011010,PHO011010,PHO,PHOTOGRAPHY / Individual Photographers / Artists' Books,thema_AJCD,40750
bisac_PHO011020,PHO011020,PHO,PHOTOGRAPHY / Individual Photographers / Essays,thema_AJCD,40760
bisac_PHO011030,PHO011030,PHO,PHOTOGRAPHY / Individual Photographers / Monographs,thema_AJCD,40770
bisac_PHO012000,PHO012000,PHO,PHOTOGRAPHY / Techniques / Lighting,thema_AJTS,40780
bisac_PHO013000,PHO013000,PHO,PHOTOGRAPHY / Subjects & Themes / Plants & Animals,"thema_AJTF,thema_AGN",40790
bisac_PHO014000,PHO014000,PHO,PHOTOGRAPHY / Photoessays & Documentaries,thema_AJC,40800
bisac_PHO015000,PHO015000,PHO,PHOTOGRAPHY / Photojournalism,thema_AJF,40810
bisac_PHO016000,PHO016000,PHO,PHOTOGRAPHY / Subjects & Themes / Portraits & Selfies,thema_AJCP,40820
bisac_PHO017000,PHO017000,PHO,PHOTOGRAPHY / Reference,"thema_AJ,thema_GBC",40830
bisac_PHO018000,PHO018000,PHO,PHOTOGRAPHY / Techniques / General,thema_AJT,40840
bisac_PHO019000,PHO019000,PHO,PHOTOGRAPHY / Subjects & Themes / Regional (see also TRAVEL / Pictorials),"thema_AJ,thema_WTM",40850
bisac_PHO020000,PHO020000,PHO,PHOTOGRAPHY / Techniques / Color,thema_AJT,40860
bisac_PHO021000,PHO021000,PHO,PHOTOGRAPHY / Commercial,"thema_AJ,thema_AKL",40870
bisac_PHO022000,PHO022000,PHO,PHOTOGRAPHY / Techniques / Cinematography & Videography,"thema_AJTV,thema_ATFX",40880
bisac_PHO023000,PHO023000,PHO,PHOTOGRAPHY / Subjects & Themes / General,thema_AJ,40890
bisac_PHO023010,PHO023010,PHO,PHOTOGRAPHY / Subjects & Themes / Aerial,thema_AJTF,40900
bisac_PHO023020,PHO023020,PHO,PHOTOGRAPHY / Subjects & Themes / Children,thema_AJCP,40910
bisac_PHO023030,PHO023030,PHO,PHOTOGRAPHY / Subjects & Themes / Erotica,"thema_AJCX,thema_AGHX",40920
bisac_PHO023040,PHO023040,PHO,PHOTOGRAPHY / Subjects & Themes / Landscapes,"thema_AJTF,thema_AGNL",40930
bisac_PHO023050,PHO023050,PHO,PHOTOGRAPHY / Subjects & Themes / Nudes,"thema_AJCX,thema_AGHN",40940
bisac_PHO023060,PHO023060,PHO,PHOTOGRAPHY / Subjects & Themes / Sports,"thema_AJF,thema_SC",40950
bisac_PHO023070,PHO023070,PHO,PHOTOGRAPHY / Subjects & Themes / Celebrations & Events,thema_AJF,40960
bisac_PHO023080,PHO023080,PHO,PHOTOGRAPHY / Subjects & Themes / Celebrity,thema_AJF,40970
bisac_PHO023090,PHO023090,PHO,PHOTOGRAPHY / Subjects & Themes / Lifestyles,thema_AJF,40980
bisac_PHO023100,PHO023100,PHO,PHOTOGRAPHY / Subjects & Themes / Historical,"thema_AJ,thema_NH",40990
bisac_PHO023110,PHO023110,PHO,PHOTOGRAPHY / Subjects & Themes / Food,"thema_AJTF,thema_WB",41000
bisac_PHO023120,PHO023120,PHO,PHOTOGRAPHY / Subjects & Themes / Street Photography,thema_AJF,41010
bisac_PHO023130,PHO023130,PHO,PHOTOGRAPHY / Subjects & Themes / Underwater,thema_AJTF,41020
bisac_PHO024000,PHO024000,PHO,"PHOTOGRAPHY / Techniques / Digital (see also COMPUTERS / Design, Graphics & Media / Photography)",thema_AJTH,41030
bisac_PHO025000,PHO025000,PHO,PHOTOGRAPHY / Annuals,"thema_AJC,thema_GBCY",41040
bisac_PHO026000,PHO026000,PHO,PHOTOGRAPHY / Astrophotography,"thema_AJTF,thema_WNX",41050
bisac_PHO027000,PHO027000,PHO,PHOTOGRAPHY / Forensic,"thema_AJTF,thema_JKVF1",41060
bisac_POE000000,POE000000,POE,POETRY / General,thema_DC,41070
bisac_POE001000,POE001000,POE,POETRY / Anthologies (multiple authors),thema_DCQ,41080
bisac_POE003000,POE003000,POE,POETRY / Subjects & Themes / Religious,"thema_DC,thema_FX",41090
bisac_POE005010,POE005010,POE,POETRY / American,thema_DC,41100
bisac_POE005020,POE005020,POE,"POETRY / European / English, Irish, Scottish, Welsh",thema_DC,41110
bisac_POE005030,POE005030,POE,POETRY / European / General,thema_DC,41120
bisac_POE005050,POE005050,POE,POETRY / African American & Black,thema_DC,41130
bisac_POE005060,POE005060,POE,POETRY / Asian American & Pacific Islander,thema_DC,41140
bisac_POE005070,POE005070,POE,POETRY / Hispanic & Latino,thema_DC,41150
bisac_POE007000,POE007000,POE,POETRY / African,thema_DC,41160
bisac_POE008000,POE008000,POE,POETRY / Ancient & Classical,"thema_DCA,thema_DB",41170
bisac_POE009000,POE009000,POE,POETRY / Asian / General,thema_DC,41180
bisac_POE009010,POE009010,POE,POETRY / Asian / Chinese,thema_DC,41190
bisac_POE009020,POE009020,POE,POETRY / Asian / Japanese,thema_DC,41200
bisac_POE010000,POE010000,POE,POETRY / Australian & Oceanian,thema_DC,41210
bisac_POE011000,POE011000,POE,POETRY / Canadian,thema_DC,41220
bisac_POE011010,POE011010,POE,POETRY / Indigenous Peoples of Turtle Island,thema_DC,41230
bisac_POE012000,POE012000,POE,POETRY / Caribbean & Latin American,thema_DC,41240
bisac_POE013000,POE013000,POE,POETRY / Middle Eastern,thema_DC,41250
bisac_POE014000,POE014000,POE,POETRY / Epic,thema_DCA,41260
bisac_POE015000,POE015000,POE,POETRY / Native American,thema_DC,41270
bisac_POE016000,POE016000,POE,POETRY / Russian & Soviet,thema_DC,41280
bisac_POE017000,POE017000,POE,POETRY / European / French,thema_DC,41290
bisac_POE018000,POE018000,POE,POETRY / European / German,thema_DC,41300
bisac_POE019000,POE019000,POE,POETRY / European / Italian,thema_DC,41310
bisac_POE020000,POE020000,POE,POETRY / European / Spanish & Portuguese,thema_DC,41320
bisac_POE021000,POE021000,POE,POETRY / LGBTQ+,thema_DC,41330
bisac_POE022000,POE022000,POE,POETRY / Medieval,"thema_DCA,thema_DB",41340
bisac_POE023000,POE023000,POE,POETRY / Subjects & Themes / General,"thema_DC,thema_FX",41350
bisac_POE023010,POE023010,POE,"POETRY / Subjects & Themes / Death, Grief, Loss","thema_DC,thema_FXL",41360
bisac_POE023020,POE023020,POE,POETRY / Subjects & Themes / Love & Erotica,"thema_DC,thema_FXD",41370
bisac_POE023030,POE023030,POE,POETRY / Subjects & Themes / Animals & Nature,"thema_DC,thema_FXE",41380
bisac_POE023040,POE023040,POE,POETRY / Subjects & Themes / Places,"thema_DC,thema_FXR",41390
bisac_POE023050,POE023050,POE,POETRY / Subjects & Themes / Family,"thema_DC,thema_FXD",41400
bisac_POE023060,POE023060,POE,POETRY / Subjects & Themes / Political & Protest,"thema_DC,thema_FXP",41410
bisac_POE023070,POE023070,POE,POETRY / Subjects & Themes / War,"thema_DC,thema_FXF",41420
bisac_POE023080,POE023080,POE,POETRY / Subjects & Themes / Motivational & Inspirational,"thema_DC,thema_FX",41430
bisac_POE023090,POE023090,POE,POETRY / Subjects & Themes / Disability,"thema_DC,thema_FX",41440
bisac_POE023100,POE023100,POE,POETRY / Subjects & Themes / Diversity & Multicultural,"thema_DC,thema_FXT",41450
bisac_POE024000,POE024000,POE,POETRY / Women Authors,thema_DC,41460
bisac_POE025000,POE025000,POE,POETRY / Haiku,thema_DCRB,41470
bisac_POE026000,POE026000,POE,POETRY / Shakespeare,thema_DCF,41480
bisac_POE027000,POE027000,POE,POETRY / European / Eastern,thema_DC,41490
bisac_POE028000,POE028000,POE,POETRY / Jewish,thema_DC,41500
bisac_POE029000,POE029000,POE,POETRY / Sonnets,thema_DCRS,41510
bisac_POE030000,POE030000,POE,POETRY / Indigenous,thema_DC,41520
bisac_POE031000,POE031000,POE,POETRY / Spoken Word & Performance *,,41530
bisac_POL000000,POL000000,POL,POLITICAL SCIENCE / General,thema_JP,41540
bisac_POL001000,POL001000,POL,POLITICAL SCIENCE / International Relations / Arms Control,thema_JPSF,41550
bisac_POL002000,POL002000,POL,POLITICAL SCIENCE / Public Policy / City Planning & Urban Development,thema_RPC,41560
bisac_POL003000,POL003000,POL,POLITICAL SCIENCE / Civics & Citizenship,thema_JPVC,41570
bisac_POL004000,POL004000,POL,POLITICAL SCIENCE / Civil Rights,thema_JPVH,41580
bisac_POL005000,POL005000,POL,"POLITICAL SCIENCE / Political Ideologies / Communism, Post-Communism & Socialism","thema_JPFC,thema_JPFF",41590
bisac_POL006000,POL006000,POL,POLITICAL SCIENCE / American Government / Legislative Branch,thema_JPQ,41600
bisac_POL007000,POL007000,POL,POLITICAL SCIENCE / Political Ideologies / Democracy,thema_JPHV,41610
bisac_POL008000,POL008000,POL,POLITICAL SCIENCE / Political Process / Campaigns & Elections,"thema_JPWC,thema_JPHF",41620
bisac_POL009000,POL009000,POL,POLITICAL SCIENCE / Comparative Politics,thema_JPB,41630
bisac_POL010000,POL010000,POL,POLITICAL SCIENCE / History & Theory,thema_JPA,41640
bisac_POL011000,POL011000,POL,POLITICAL SCIENCE / International Relations / General,thema_JPS,41650
bisac_POL011010,POL011010,POL,POLITICAL SCIENCE / International Relations / Diplomacy,thema_JPSD,41660
bisac_POL011020,POL011020,POL,POLITICAL SCIENCE / International Relations / Trade & Tariffs,"thema_LBBM,thema_KCLT",41670
bisac_POL012000,POL012000,POL,POLITICAL SCIENCE / Security (National & International),thema_JW,41680
bisac_POL013000,POL013000,POL,POLITICAL SCIENCE / Labor & Industrial Relations,"thema_KNXN,thema_KNXU",41690
bisac_POL014000,POL014000,POL,POLITICAL SCIENCE / Law Enforcement,thema_JKSW1,41700
bisac_POL015000,POL015000,POL,POLITICAL SCIENCE / Political Process / Political Parties,thema_JPL,41710
bisac_POL016000,POL016000,POL,POLITICAL SCIENCE / Political Process / General,thema_JPH,41720
bisac_POL017000,POL017000,POL,POLITICAL SCIENCE / Public Affairs & Administration,thema_JPP,41730
bisac_POL018000,POL018000,POL,POLITICAL SCIENCE / Reference,"thema_JP,thema_GBC",41740
bisac_POL019000,POL019000,POL,POLITICAL SCIENCE / Public Policy / Social Services & Welfare,thema_JKS,41750
bisac_POL020000,POL020000,POL,POLITICAL SCIENCE / American Government / State,thema_JPR,41760
bisac_POL021000,POL021000,POL,POLITICAL SCIENCE / International Relations / Treaties,thema_LBBC,41770
bisac_POL022000,POL022000,POL,POLITICAL SCIENCE / Constitutions,thema_JPHC,41780
bisac_POL023000,POL023000,POL,POLITICAL SCIENCE / Political Economy,thema_KCP,41790
bisac_POL024000,POL024000,POL,POLITICAL SCIENCE / Public Policy / Economic Policy,"thema_JPQB,thema_KCP",41800
bisac_POL026000,POL026000,POL,POLITICAL SCIENCE / Public Policy / Regional Planning,thema_RP,41810
bisac_POL027000,POL027000,POL,POLITICAL SCIENCE / Public Policy / Social Security,thema_JKS,41820
bisac_POL028000,POL028000,POL,POLITICAL SCIENCE / Public Policy / General,thema_JPQB,41830
bisac_POL029000,POL029000,POL,POLITICAL SCIENCE / Public Policy / Social Policy,"thema_JPQB,thema_JB",41840
bisac_POL030000,POL030000,POL,POLITICAL SCIENCE / American Government / National,thema_JPQ,41850
bisac_POL031000,POL031000,POL,POLITICAL SCIENCE / Political Ideologies / Nationalism & Patriotism,thema_JPFN,41860
bisac_POL032000,POL032000,POL,POLITICAL SCIENCE / Essays,thema_JPA,41870
bisac_POL033000,POL033000,POL,POLITICAL SCIENCE / Globalization,thema_GTQ,41880
bisac_POL034000,POL034000,POL,POLITICAL SCIENCE / Peace,thema_GTU,41890
bisac_POL035000,POL035000,POL,POLITICAL SCIENCE / Political Freedom,thema_JPV,41900
bisac_POL035010,POL035010,POL,POLITICAL SCIENCE / Human Rights,thema_JPVH,41910
bisac_POL036000,POL036000,POL,POLITICAL SCIENCE / Intelligence & Espionage,thema_JPSH,41920
bisac_POL037000,POL037000,POL,POLITICAL SCIENCE / Terrorism,thema_JPWL,41930
bisac_POL038000,POL038000,POL,POLITICAL SCIENCE / Public Policy / Cultural Policy,"thema_JPQB,thema_JBCC8",41940
bisac_POL039000,POL039000,POL,POLITICAL SCIENCE / Censorship,thema_JBFV3,41950
bisac_POL040000,POL040000,POL,POLITICAL SCIENCE / American Government / General,thema_JP,41960
bisac_POL040010,POL040010,POL,POLITICAL SCIENCE / American Government / Executive Branch,thema_JPQ,41970
bisac_POL040020,POL040020,POL,POLITICAL SCIENCE / World / General,thema_JP,41980
bisac_POL040030,POL040030,POL,POLITICAL SCIENCE / American Government / Judicial Branch,thema_JPQ,41990
bisac_POL040040,POL040040,POL,POLITICAL SCIENCE / American Government / Local,thema_JPT,42000
bisac_POL041000,POL041000,POL,POLITICAL SCIENCE / NGOs (Non-Governmental Organizations),thema_JPWH,42010
bisac_POL042000,POL042000,POL,POLITICAL SCIENCE / Political Ideologies / General,thema_JPF,42020
bisac_POL042010,POL042010,POL,POLITICAL SCIENCE / Political Ideologies / Anarchism,thema_JPFB,42030
bisac_POL042020,POL042020,POL,POLITICAL SCIENCE / Political Ideologies / Conservatism & Liberalism,"thema_JPFM,thema_JPFK",42040
bisac_POL042030,POL042030,POL,POLITICAL SCIENCE / Political Ideologies / Fascism & Totalitarianism,thema_JPHX,42050
bisac_POL042040,POL042040,POL,POLITICAL SCIENCE / Political Ideologies / Radicalism,thema_JPF,42060
bisac_POL042050,POL042050,POL,POLITICAL SCIENCE / Political Ideologies / Libertarianism,thema_JPFL,42070
bisac_POL042060,POL042060,POL,POLITICAL SCIENCE / Political Ideologies / Capitalism,thema_KCSA,42080
bisac_POL042070,POL042070,POL,POLITICAL SCIENCE / Political Ideologies / Autocracy *,,42090
bisac_POL043000,POL043000,POL,POLITICAL SCIENCE / Political Process / Political Advocacy,thema_JPW,42100
bisac_POL044000,POL044000,POL,POLITICAL SCIENCE / Public Policy / Environmental Policy,thema_RND,42110
bisac_POL045000,POL045000,POL,POLITICAL SCIENCE / Colonialism & Post-Colonialism,thema_NHTQ,42120
bisac_POL046000,POL046000,POL,POLITICAL SCIENCE / Commentary & Opinion,thema_JP,42130
bisac_POL047000,POL047000,POL,POLITICAL SCIENCE / Imperialism,thema_NHTQ,42140
bisac_POL048000,POL048000,POL,POLITICAL SCIENCE / Intergovernmental Organizations,thema_JPSN,42150
bisac_POL049000,POL049000,POL,POLITICAL SCIENCE / Propaganda,thema_JPV,42160
bisac_POL050000,POL050000,POL,POLITICAL SCIENCE / Public Policy / Communication Policy,"thema_JPQB,thema_TJK",42170
bisac_POL051000,POL051000,POL,POLITICAL SCIENCE / Utopias,thema_JPA,42180
bisac_POL052000,POL052000,POL,POLITICAL SCIENCE / Women in Politics,"thema_JP,thema_JBSF1",42190
bisac_POL053000,POL053000,POL,POLITICAL SCIENCE / World / African,thema_JP,42200
bisac_POL054000,POL054000,POL,POLITICAL SCIENCE / World / Asian,thema_JP,42210
bisac_POL055000,POL055000,POL,POLITICAL SCIENCE / World / Australian & Oceanian,thema_JP,42220
bisac_POL056000,POL056000,POL,POLITICAL SCIENCE / World / Canadian,thema_JP,42230
bisac_POL057000,POL057000,POL,POLITICAL SCIENCE / World / Caribbean & Latin American,thema_JP,42240
bisac_POL058000,POL058000,POL,POLITICAL SCIENCE / World / European,thema_JP,42250
bisac_POL059000,POL059000,POL,POLITICAL SCIENCE / World / Middle Eastern,thema_JP,42260
bisac_POL060000,POL060000,POL,POLITICAL SCIENCE / World / Russian & Soviet,thema_JP,42270
bisac_POL061000,POL061000,POL,POLITICAL SCIENCE / Genocide & War Crimes,"thema_JWXK,thema_NHTZ",42280
bisac_POL062000,POL062000,POL,POLITICAL SCIENCE / Geopolitics,thema_JPSL,42290
bisac_POL063000,POL063000,POL,POLITICAL SCIENCE / Public Policy / Science & Technology Policy,"thema_JPQB,thema_PDK",42300
bisac_POL064000,POL064000,POL,POLITICAL SCIENCE / Corruption & Misconduct,thema_JPZ,42310
bisac_POL065000,POL065000,POL,POLITICAL SCIENCE / Political Process / Media & Internet,"thema_JPH,thema_JBCT",42320
bisac_POL066000,POL066000,POL,POLITICAL SCIENCE / Privacy & Surveillance (see also SOCIAL SCIENCE / Privacy & Surveillance),thema_JBFL,42330
bisac_POL067000,POL067000,POL,POLITICAL SCIENCE / Public Policy / Agriculture & Food Policy (see also SOCIAL SCIENCE / Agriculture & Food),"thema_JPQB,thema_TV",42340
bisac_POL068000,POL068000,POL,POLITICAL SCIENCE / Public Policy / Energy Policy,"thema_JPQB,thema_RNFY",42350
bisac_POL069000,POL069000,POL,POLITICAL SCIENCE / Public Policy / Military Policy,"thema_JPQB,thema_JW",42360
bisac_POL070000,POL070000,POL,POLITICAL SCIENCE / Public Policy / Immigration,"thema_JPQB,thema_JBFH",42370
bisac_POL071000,POL071000,POL,POLITICAL SCIENCE / Public Opinion Polling,thema_JPWA,42380
bisac_POL072000,POL072000,POL,"POLITICAL SCIENCE / Religion, Politics & State","thema_QRAM2,thema_JPFR",42390
bisac_POL073000,POL073000,POL,POLITICAL SCIENCE / Public Policy / Health Care,"thema_JPQB,thema_KCVJ",42400
bisac_POL074000,POL074000,POL,POLITICAL SCIENCE / Indigenous / General,thema_JPN,42410
bisac_POL074010,POL074010,POL,POLITICAL SCIENCE / Indigenous / Governance & Sovereignty,thema_JPN,42420
bisac_POL074020,POL074020,POL,POLITICAL SCIENCE / Indigenous / Reconciliation,thema_JPN,42430
bisac_POL074030,POL074030,POL,POLITICAL SCIENCE / Indigenous / Treaties & Agreements,thema_JPN,42440
bisac_POL075000,POL075000,POL,POLITICAL SCIENCE / Indigenous Peoples of Turtle Island,thema_JPN,42450
bisac_POL076000,POL076000,POL,POLITICAL SCIENCE / Native American,thema_JPN,42460
bisac_POL077000,POL077000,POL,POLITICAL SCIENCE / Public Policy / Gun & Firearm Policy,thema_JPQB,42470
bisac_POL078000,POL078000,POL,POLITICAL SCIENCE / Political Communication,thema_JPW,42480
bisac_POL079000,POL079000,POL,POLITICAL SCIENCE / Black Nationalism & Pan-Africanism *,,42490
bisac_POL080000,POL080000,POL,POLITICAL SCIENCE / Islamic Governance *,,42500
bisac_POL081000,POL081000,POL,POLITICAL SCIENCE / Public Policy / Reparations *,,42510
bisac_PSY000000,PSY000000,PSY,PSYCHOLOGY / General,thema_JM,42520
bisac_PSY002000,PSY002000,PSY,PSYCHOLOGY / Developmental / Adolescent,"thema_JMC,thema_JBSP2",42530
bisac_PSY003000,PSY003000,PSY,PSYCHOLOGY / Applied Psychology,thema_JMN,42540
bisac_PSY004000,PSY004000,PSY,PSYCHOLOGY / Developmental / Child,"thema_JMC,thema_JBSP1",42550
bisac_PSY006000,PSY006000,PSY,PSYCHOLOGY / Psychotherapy / Child & Adolescent,thema_MKMT3,42560
bisac_PSY007000,PSY007000,PSY,PSYCHOLOGY / Clinical Psychology,thema_MKM,42570
bisac_PSY008000,PSY008000,PSY,PSYCHOLOGY / Cognitive Psychology & Cognition,thema_JMR,42580
bisac_PSY009000,PSY009000,PSY,PSYCHOLOGY / Psychopathology / Compulsive Behavior,thema_JMP,42590
bisac_PSY010000,PSY010000,PSY,PSYCHOLOGY / Psychotherapy / Counseling,thema_MKMT5,42600
bisac_PSY011000,PSY011000,PSY,PSYCHOLOGY / Psychopathology / Eating Disorders,thema_MKZD,42610
bisac_PSY012000,PSY012000,PSY,"PSYCHOLOGY / Education, Training & Supervision",thema_JM,42620
bisac_PSY013000,PSY013000,PSY,PSYCHOLOGY / Emotions,thema_JMQ,42630
bisac_PSY014000,PSY014000,PSY,PSYCHOLOGY / Forensic Psychology,thema_JMK,42640
bisac_PSY015000,PSY015000,PSY,PSYCHOLOGY / History,"thema_JM,thema_NHT",42650
bisac_PSY016000,PSY016000,PSY,PSYCHOLOGY / Human Sexuality (see also SOCIAL SCIENCE / Human Sexuality),thema_JMU,42660
bisac_PSY017000,PSY017000,PSY,PSYCHOLOGY / Interpersonal Relations,"thema_JMHC,thema_JHBK",42670
bisac_PSY020000,PSY020000,PSY,PSYCHOLOGY / Neuropsychology,thema_JMM,42680
bisac_PSY021000,PSY021000,PSY,PSYCHOLOGY / Industrial & Organizational Psychology,thema_JMJ,42690
bisac_PSY022000,PSY022000,PSY,PSYCHOLOGY / Psychopathology / General,thema_JMP,42700
bisac_PSY022010,PSY022010,PSY,PSYCHOLOGY / Psychopathology / Attention-Deficit Disorder (ADD-ADHD),thema_JMP,42710
bisac_PSY022020,PSY022020,PSY,PSYCHOLOGY / Psychopathology / Autism Spectrum Disorders,thema_MKJA,42720
bisac_PSY022030,PSY022030,PSY,PSYCHOLOGY / Psychopathology / Bipolar Disorder,thema_JMP,42730
bisac_PSY022040,PSY022040,PSY,PSYCHOLOGY / Psychopathology / Post-Traumatic Stress Disorder (PTSD),"thema_JMP,thema_MKPB",42740
bisac_PSY022050,PSY022050,PSY,PSYCHOLOGY / Psychopathology / Schizophrenia,thema_JMP,42750
bisac_PSY022060,PSY022060,PSY,PSYCHOLOGY / Psychopathology / Anxiety & Phobias,thema_JMP,42760
bisac_PSY022070,PSY022070,PSY,PSYCHOLOGY / Psychopathology / Dissociative Identity Disorder,thema_JMP,42770
bisac_PSY022080,PSY022080,PSY,PSYCHOLOGY / Psychopathology / Personality Disorders,"thema_JMP,thema_JMS",42780
bisac_PSY022090,PSY022090,PSY,PSYCHOLOGY / Psychopathology / Memory Disorders,thema_MKJ,42790
bisac_PSY023000,PSY023000,PSY,PSYCHOLOGY / Personality,thema_JMS,42800
bisac_PSY024000,PSY024000,PSY,PSYCHOLOGY / Physiological Psychology,thema_JMM,42810
bisac_PSY026000,PSY026000,PSY,PSYCHOLOGY / Psychotherapy / Psychoanalysis,thema_JMAF,42820
bisac_PSY028000,PSY028000,PSY,PSYCHOLOGY / Psychotherapy / General,thema_MKMT,42830
bisac_PSY029000,PSY029000,PSY,PSYCHOLOGY / Reference,"thema_JM,thema_GBC",42840
bisac_PSY030000,PSY030000,PSY,PSYCHOLOGY / Research & Methodology,thema_JMB,42850
bisac_PSY031000,PSY031000,PSY,PSYCHOLOGY / Social Psychology,thema_JMH,42860
bisac_PSY032000,PSY032000,PSY,PSYCHOLOGY / Statistics,thema_JMB,42870
bisac_PSY034000,PSY034000,PSY,PSYCHOLOGY / Creative Ability,thema_JMR,42880
bisac_PSY035000,PSY035000,PSY,PSYCHOLOGY / Hypnotism,thema_JMT,42890
bisac_PSY036000,PSY036000,PSY,PSYCHOLOGY / Mental Health,thema_JM,42900
bisac_PSY037000,PSY037000,PSY,PSYCHOLOGY / Suicide,"thema_JM,thema_JHBZ",42910
bisac_PSY038000,PSY038000,PSY,PSYCHOLOGY / Psychopathology / Addiction,thema_MKZR,42920
bisac_PSY039000,PSY039000,PSY,PSYCHOLOGY / Developmental / General,thema_JMC,42930
bisac_PSY040000,PSY040000,PSY,PSYCHOLOGY / Experimental Psychology,thema_JML,42940
bisac_PSY041000,PSY041000,PSY,PSYCHOLOGY / Psychotherapy / Couples & Family,thema_MKMT4,42950
bisac_PSY042000,PSY042000,PSY,"PSYCHOLOGY / Assessment, Testing & Measurement",thema_JMBT,42960
bisac_PSY043000,PSY043000,PSY,PSYCHOLOGY / Developmental / Adulthood & Aging,"thema_JMC,thema_JMD",42970
bisac_PSY044000,PSY044000,PSY,PSYCHOLOGY / Developmental / Lifespan Development,thema_JMC,42980
bisac_PSY045010,PSY045010,PSY,PSYCHOLOGY / Psychotherapy / Behaviorism,thema_JMAL,42990
bisac_PSY045020,PSY045020,PSY,PSYCHOLOGY / Psychotherapy / Humanistic,thema_JMAN,43000
bisac_PSY045040,PSY045040,PSY,PSYCHOLOGY / Psychotherapy / Existential,thema_JMAN,43010
bisac_PSY045050,PSY045050,PSY,PSYCHOLOGY / Psychotherapy / Gestalt,thema_JMAN,43020
bisac_PSY045060,PSY045060,PSY,PSYCHOLOGY / Psychotherapy / Jungian,thema_JMAJ,43030
bisac_PSY045070,PSY045070,PSY,PSYCHOLOGY / Psychotherapy / Cognitive Behavioral Therapy (CBT),thema_MKMT6,43040
bisac_PSY046000,PSY046000,PSY,PSYCHOLOGY / Practice Management,"thema_JM,thema_MBPM",43050
bisac_PSY048000,PSY048000,PSY,PSYCHOLOGY / Psychotherapy / Group,thema_MKMT2,43060
bisac_PSY049000,PSY049000,PSY,PSYCHOLOGY / Psychopathology / Depression,thema_JMP,43070
bisac_PSY050000,PSY050000,PSY,PSYCHOLOGY / Cultural Psychology,thema_JMH,43080
bisac_PSY051000,PSY051000,PSY,PSYCHOLOGY / Cognitive Neuroscience & Cognitive Neuropsychology,"thema_JMR,thema_JMM",43090
bisac_PSY052000,PSY052000,PSY,PSYCHOLOGY / Grief & Loss,thema_JMQ,43100
bisac_PSY053000,PSY053000,PSY,PSYCHOLOGY / Evolutionary Psychology,"thema_JMA,thema_PSAJ",43110
bisac_PSY054000,PSY054000,PSY,PSYCHOLOGY / Animal & Comparative Psychology,thema_JM,43120
bisac_PSY055000,PSY055000,PSY,PSYCHOLOGY / Essays,thema_JM,43130
bisac_PSY056000,PSY056000,PSY,PSYCHOLOGY / Psychotherapy / LGBTQ+,thema_MKMT,43140
bisac_PSY057000,PSY057000,PSY,PSYCHOLOGY / Career Counseling,"thema_JM,thema_JNR",43150
bisac_PSY058000,PSY058000,PSY,PSYCHOLOGY / Consulting Psychology,thema_JM,43160
bisac_PSY059000,PSY059000,PSY,PSYCHOLOGY / Cross-Cultural Psychology,"thema_JMH,thema_JBCC7",43170
bisac_PSY060000,PSY060000,PSY,PSYCHOLOGY / Environmental Psychology,"thema_JM,thema_RN",43180
bisac_PSY061000,PSY061000,PSY,PSYCHOLOGY / Ethics,"thema_JM,thema_MBDC",43190
bisac_PSY062000,PSY062000,PSY,PSYCHOLOGY / Gender,thema_JMG,43200
bisac_PSY063000,PSY063000,PSY,PSYCHOLOGY / Health Psychology,thema_MBNH9,43210
bisac_PSY064000,PSY064000,PSY,PSYCHOLOGY / LGBTQ+ (see also Psychotherapy / LGBTQ+),thema_JM,43220
bisac_PSY065000,PSY065000,PSY,PSYCHOLOGY / Parapsychology,thema_JMX,43230
bisac_PSY066000,PSY066000,PSY,PSYCHOLOGY / Positive Psychology,thema_JMAP,43240
bisac_PSY067000,PSY067000,PSY,PSYCHOLOGY / Psychology of Technology,"thema_JM,thema_PDR",43250
bisac_PSY068000,PSY068000,PSY,PSYCHOLOGY / Psychotherapy / Art & Music Therapy,thema_MKMT1,43260
bisac_PSY069000,PSY069000,PSY,PSYCHOLOGY / Psychotherapy / Dialectical Behavior Therapy,thema_MKMT1,43270
bisac_PSY070000,PSY070000,PSY,PSYCHOLOGY / Psychotherapy / Emotion-Focused Therapy,"thema_MKMT1,thema_JMQ",43280
bisac_PSY071000,PSY071000,PSY,PSYCHOLOGY / Psychotherapy / Integrative & Transtheoretical,thema_MKMT1,43290
bisac_PSY072000,PSY072000,PSY,PSYCHOLOGY / Psychotherapy / Psychodynamic,thema_MKMT1,43300
bisac_PSY073000,PSY073000,PSY,PSYCHOLOGY / Psychotherapy / Spiritually Integrated,thema_MKMT,43310
bisac_PSY074000,PSY074000,PSY,PSYCHOLOGY / Psychotherapy / Therapy Dynamics (see also Practice Management),thema_MKMT,43320
bisac_PSY075000,PSY075000,PSY,PSYCHOLOGY / Trauma Psychology,"thema_JM,thema_MKPB",43330
bisac_PSY076000,PSY076000,PSY,PSYCHOLOGY / African American & Black *,,43340
bisac_REF000000,REF000000,REF,REFERENCE / General,thema_GB,43350
bisac_REF001000,REF001000,REF,REFERENCE / Almanacs,thema_GBCY,43360
bisac_REF002000,REF002000,REF,"REFERENCE / Atlases, Gazetteers & Maps (see also TRAVEL / Maps & Road Atlases)",thema_RGX,43370
bisac_REF004000,REF004000,REF,REFERENCE / Bibliographies & Indexes,thema_GBCR,43380
bisac_REF007000,REF007000,REF,REFERENCE / Curiosities & Wonders,thema_GBD,43390
bisac_REF008000,REF008000,REF,REFERENCE / Dictionaries,thema_CBD,43400
bisac_REF009000,REF009000,REF,REFERENCE / Directories,thema_GBCT,43410
bisac_REF010000,REF010000,REF,REFERENCE / Encyclopedias,thema_GBA,43420
bisac_REF011000,REF011000,REF,REFERENCE / Etiquette,thema_WJX,43430
bisac_REF013000,REF013000,REF,REFERENCE / Genealogy & Heraldry,"thema_NHTG,thema_WQY",43440
bisac_REF015000,REF015000,REF,REFERENCE / Personal & Practical Guides,thema_VS,43450
bisac_REF018000,REF018000,REF,REFERENCE / Questions & Answers,thema_WDKX,43460
bisac_REF019000,REF019000,REF,REFERENCE / Quotations,thema_GBCQ,43470
bisac_REF020000,REF020000,REF,REFERENCE / Research,thema_GPS,43480
bisac_REF022000,REF022000,REF,REFERENCE / Thesauri,thema_CBF,43490
bisac_REF023000,REF023000,REF,REFERENCE / Trivia,thema_WDKX,43500
bisac_REF024000,REF024000,REF,REFERENCE / Weddings,thema_WJW,43510
bisac_REF025000,REF025000,REF,REFERENCE / Word Lists,thema_CB,43520
bisac_REF027000,REF027000,REF,REFERENCE / Yearbooks & Annuals,thema_GBCY,43530
bisac_REF030000,REF030000,REF,REFERENCE / Consumer Guides,thema_VSG,43540
bisac_REF032000,REF032000,REF,REFERENCE / Event Planning,"thema_WJX,thema_KNSJ",43550
bisac_REF033000,REF033000,REF,REFERENCE / Personal & Private Investigations,thema_VS,43560
bisac_REF034000,REF034000,REF,REFERENCE / Signs & Symbols,thema_GTT,43570
bisac_REF035000,REF035000,REF,REFERENCE / Planners,thema_WZS,43580
bisac_REF036000,REF036000,REF,REFERENCE / Flags *,,43590
bisac_REL000000,REL000000,REL,RELIGION / General,thema_QR,43600
bisac_REL001000,REL001000,REL,RELIGION / Agnosticism,thema_QRYA5,43610
bisac_REL002000,REL002000,REL,RELIGION / Christianity / Amish,thema_QRMB3,43620
bisac_REL003000,REL003000,REL,RELIGION / Christianity / Anglican,thema_QRMB31,43630
bisac_REL004000,REL004000,REL,RELIGION / Atheism,thema_QRYA5,43640
bisac_REL005000,REL005000,REL,RELIGION / Baha'i,thema_QRRB,43650
bisac_REL006000,REL006000,REL,RELIGION / Biblical Studies / General,"thema_QRVC,thema_QRMF1",43660
bisac_REL006020,REL006020,REL,RELIGION / Biblical Biography / General,"thema_DNBX,thema_QRMF1",43670
bisac_REL006030,REL006030,REL,RELIGION / Biblical Biography / Old Testament,"thema_DNBX,thema_QRMF12",43680
bisac_REL006040,REL006040,REL,RELIGION / Biblical Biography / New Testament,"thema_DNBX,thema_QRMF13",43690
bisac_REL006050,REL006050,REL,RELIGION / Biblical Commentary / General,"thema_QRVC,thema_QRMF1",43700
bisac_REL006060,REL006060,REL,RELIGION / Biblical Commentary / Old Testament / General,"thema_QRVC,thema_QRMF12",43710
bisac_REL006070,REL006070,REL,RELIGION / Biblical Commentary / New Testament / General,"thema_QRVC,thema_QRMF13",43720
bisac_REL006080,REL006080,REL,RELIGION / Biblical Criticism & Interpretation / General,"thema_QRVC,thema_QRMF1",43730
bisac_REL006090,REL006090,REL,RELIGION / Biblical Criticism & Interpretation / Old Testament,"thema_QRVC,thema_QRMF12",43740
bisac_REL006100,REL006100,REL,RELIGION / Biblical Criticism & Interpretation / New Testament,"thema_QRVC,thema_QRMF13",43750
bisac_REL006110,REL006110,REL,RELIGION / Biblical Meditations / General,thema_QRMF19,43760
bisac_REL006120,REL006120,REL,RELIGION / Biblical Meditations / Old Testament,"thema_QRMF19,thema_QRMF12",43770
bisac_REL006130,REL006130,REL,RELIGION / Biblical Meditations / New Testament,"thema_QRMF19,thema_QRMF13",43780
bisac_REL006140,REL006140,REL,RELIGION / Biblical Studies / Prophecy,"thema_QRVC,thema_QRMF1",43790
bisac_REL006150,REL006150,REL,RELIGION / Biblical Reference / Quotations,thema_QRMF19,43800
bisac_REL006160,REL006160,REL,RELIGION / Biblical Reference / General,"thema_QRVC,thema_QRMF1",43810
bisac_REL006210,REL006210,REL,RELIGION / Biblical Studies / Old Testament / General,"thema_QRVC,thema_QRMF12",43820
bisac_REL006220,REL006220,REL,RELIGION / Biblical Studies / New Testament / General,"thema_QRVC,thema_QRMF13",43830
bisac_REL006400,REL006400,REL,RELIGION / Biblical Studies / Exegesis & Hermeneutics,"thema_QRVC,thema_QRMF1",43840
bisac_REL006410,REL006410,REL,RELIGION / Biblical Reference / Language Study,"thema_QRVC,thema_QRMF1",43850
bisac_REL006630,REL006630,REL,RELIGION / Biblical Studies / History & Culture,"thema_QRVC,thema_QRMF1",43860
bisac_REL006650,REL006650,REL,RELIGION / Biblical Reference / Atlases,"thema_QRVC,thema_QRMF1",43870
bisac_REL006660,REL006660,REL,RELIGION / Biblical Reference / Concordances,"thema_QRVC,thema_QRMF1",43880
bisac_REL006670,REL006670,REL,RELIGION / Biblical Reference / Dictionaries & Encyclopedias,"thema_QRVC,thema_QRMF1",43890
bisac_REL006680,REL006680,REL,RELIGION / Biblical Reference / Handbooks,"thema_QRVC,thema_QRMF1",43900
bisac_REL006700,REL006700,REL,RELIGION / Biblical Studies / Bible Study Guides,"thema_QRVC,thema_QRMF1",43910
bisac_REL006710,REL006710,REL,"RELIGION / Biblical Studies / New Testament / Jesus, the Gospels & Acts","thema_QRVC,thema_QRMF13",43920
bisac_REL006720,REL006720,REL,RELIGION / Biblical Studies / New Testament / Paul's Letters,"thema_QRVC,thema_QRMF13",43930
bisac_REL006730,REL006730,REL,RELIGION / Biblical Studies / Old Testament / Prophets,"thema_QRVC,thema_QRMF12",43940
bisac_REL006740,REL006740,REL,RELIGION / Biblical Studies / Old Testament / Poetry & Wisdom Literature,"thema_QRVC,thema_QRMF12",43950
bisac_REL006750,REL006750,REL,RELIGION / Biblical Commentary / Old Testament / Pentateuch,"thema_QRVC,thema_QRMF12",43960
bisac_REL006760,REL006760,REL,RELIGION / Biblical Commentary / Old Testament / Historical Books,"thema_QRVC,thema_QRMF12",43970
bisac_REL006770,REL006770,REL,RELIGION / Biblical Commentary / Old Testament / Poetry & Wisdom Literature,"thema_QRVC,thema_QRMF12",43980
bisac_REL006780,REL006780,REL,RELIGION / Biblical Commentary / Old Testament / Prophets,"thema_QRVC,thema_QRMF12",43990
bisac_REL006790,REL006790,REL,RELIGION / Biblical Commentary / Old Testament / Apocrypha & Deuterocanonical,"thema_QRVC,thema_QRMF12",44000
bisac_REL006800,REL006800,REL,"RELIGION / Biblical Commentary / New Testament / Jesus, the Gospels & Acts","thema_QRVC,thema_QRMF13",44010
bisac_REL006810,REL006810,REL,RELIGION / Biblical Commentary / New Testament / Paul's Letters,"thema_QRVC,thema_QRMF13",44020
bisac_REL006820,REL006820,REL,RELIGION / Biblical Commentary / New Testament / General Epistles,"thema_QRVC,thema_QRMF13",44030
bisac_REL006830,REL006830,REL,RELIGION / Biblical Commentary / New Testament / Revelation,"thema_QRVC,thema_QRMF13",44040
bisac_REL006840,REL006840,REL,RELIGION / Biblical Studies / Old Testament / Pentateuch,"thema_QRVC,thema_QRMF12",44050
bisac_REL006850,REL006850,REL,RELIGION / Biblical Studies / Old Testament / Historical Books,"thema_QRVC,thema_QRMF12",44060
bisac_REL006860,REL006860,REL,RELIGION / Biblical Studies / New Testament / General Epistles,"thema_QRVC,thema_QRMF13",44070
bisac_REL006870,REL006870,REL,RELIGION / Biblical Studies / New Testament / Revelation,"thema_QRVC,thema_QRMF13",44080
bisac_REL006880,REL006880,REL,RELIGION / Biblical Studies / Old Testament / Apocrypha & Deuterocanonical,"thema_QRVC,thema_QRMF12",44090
bisac_REL006890,REL006890,REL,RELIGION / Biblical Studies / New Testament / Apocrypha,"thema_QRVC,thema_QRMF13",44100
bisac_REL007000,REL007000,REL,RELIGION / Buddhism / General (see also PHILOSOPHY / Buddhist),thema_QRF,44110
bisac_REL007010,REL007010,REL,RELIGION / Buddhism / History,"thema_QRF,thema_QRAX",44120
bisac_REL007020,REL007020,REL,RELIGION / Buddhism / Rituals & Practice,thema_QRFP,44130
bisac_REL007030,REL007030,REL,RELIGION / Buddhism / Sacred Writings,thema_QRFF,44140
bisac_REL007040,REL007040,REL,RELIGION / Buddhism / Theravada,thema_QRFB,44150
bisac_REL007050,REL007050,REL,RELIGION / Buddhism / Tibetan,thema_QRFB21,44160
bisac_REL008000,REL008000,REL,RELIGION / Christian Church / Canon & Ecclesiastical Law,"thema_QRMB,thema_LAFX",44170
bisac_REL009000,REL009000,REL,RELIGION / Christianity / Catechisms,"thema_QRM,thema_QRVP3",44180
bisac_REL010000,REL010000,REL,RELIGION / Christianity / Catholic / General,"thema_QRMB1,thema_QRMB2",44190
bisac_REL010010,REL010010,REL,RELIGION / Christianity / Catholic / Church Documents,"thema_QRMB1,thema_QRVD",44200
bisac_REL010020,REL010020,REL,RELIGION / Christianity / Catholic / Social Teaching,"thema_QRMB1,thema_QRVS2",44210
bisac_REL011000,REL011000,REL,RELIGION / Christian Education / General,"thema_QRMP,thema_QRVP3",44220
bisac_REL012000,REL012000,REL,RELIGION / Christian Living / General,thema_QRMP,44230
bisac_REL012010,REL012010,REL,"RELIGION / Christian Living / Death, Grief, Bereavement","thema_QRMP,thema_QRVL",44240
bisac_REL012020,REL012020,REL,RELIGION / Christian Living / Devotional,"thema_QRMP,thema_QRVJ3",44250
bisac_REL012030,REL012030,REL,RELIGION / Christian Living / Family & Relationships,"thema_QRMP,thema_VFV",44260
bisac_REL012040,REL012040,REL,RELIGION / Christian Living / Inspirational,"thema_QRMP,thema_QRVX",44270
bisac_REL012050,REL012050,REL,RELIGION / Christian Living / Love & Marriage,"thema_QRMP,thema_QRVP7",44280
bisac_REL012060,REL012060,REL,RELIGION / Christian Living / Men's Interests,"thema_QRMP,thema_QRVP7",44290
bisac_REL012070,REL012070,REL,RELIGION / Christian Living / Personal Growth,"thema_QRMP,thema_QRVX",44300
bisac_REL012080,REL012080,REL,RELIGION / Christian Living / Prayer,"thema_QRMP,thema_QRVJ2",44310
bisac_REL012090,REL012090,REL,RELIGION / Christian Living / Professional Growth,"thema_QRMP,thema_VSC",44320
bisac_REL012110,REL012110,REL,RELIGION / Christian Living / Social Issues,"thema_QRMP,thema_QRVS2",44330
bisac_REL012120,REL012120,REL,RELIGION / Christian Living / Spiritual Growth,"thema_QRMP,thema_QRVX",44340
bisac_REL012130,REL012130,REL,RELIGION / Christian Living / Women's Interests,"thema_QRMP,thema_QRVP7",44350
bisac_REL012140,REL012140,REL,RELIGION / Christian Living / Calling & Vocation,"thema_QRMP,thema_QRVS3",44360
bisac_REL012150,REL012150,REL,RELIGION / Christian Living / Devotional Journal,"thema_QRMP,thema_QRVJ3",44370
bisac_REL012160,REL012160,REL,RELIGION / Christian Living / Parenting,"thema_QRMP,thema_VFX",44380
bisac_REL012170,REL012170,REL,RELIGION / Christian Living / Personal Memoirs,"thema_QRMP,thema_DNC",44390
bisac_REL012180,REL012180,REL,RELIGION / Christian Living / Afterlife,"thema_QRMP,thema_QRVL",44400
bisac_REL012190,REL012190,REL,RELIGION / Christian Living / Forgiveness & Mercy,"thema_QRMP,thema_QRVS2",44410
bisac_REL012200,REL012200,REL,RELIGION / Christian Living / Values & Virtues,"thema_QRMP,thema_QRAM1",44420
bisac_REL013000,REL013000,REL,RELIGION / Christianity / Literature & the Arts,"thema_QRM,thema_AB",44430
bisac_REL014000,REL014000,REL,RELIGION / Christian Church / Administration,"thema_QRMB,thema_QRVS",44440
bisac_REL015000,REL015000,REL,RELIGION / Christianity / History,"thema_QRM,thema_QRAX",44450
bisac_REL016000,REL016000,REL,RELIGION / Institutions & Organizations,thema_QRVS,44460
bisac_REL017000,REL017000,REL,RELIGION / Comparative Religion,thema_QRAC,44470
bisac_REL018000,REL018000,REL,RELIGION / Confucianism,thema_QRRL1,44480
bisac_REL019000,REL019000,REL,RELIGION / Counseling,thema_QRVP5,44490
bisac_REL020000,REL020000,REL,RELIGION / Cults,thema_QRYM,44500
bisac_REL021000,REL021000,REL,RELIGION / Deism,thema_QRAB1,44510
bisac_REL022000,REL022000,REL,RELIGION / Devotional,thema_QRVJ3,44520
bisac_REL023000,REL023000,REL,RELIGION / Christian Ministry / Discipleship,"thema_QRM,thema_QRVX",44530
bisac_REL024000,REL024000,REL,RELIGION / Asian,thema_QRRL,44540
bisac_REL025000,REL025000,REL,RELIGION / Ecumenism & Interfaith,thema_QRMB9,44550
bisac_REL026000,REL026000,REL,RELIGION / Education,thema_QRVP3,44560
bisac_REL027000,REL027000,REL,RELIGION / Christianity / Episcopalian,thema_QRMB31,44570
bisac_REL028000,REL028000,REL,RELIGION / Ethics,thema_QRAM1,44580
bisac_REL029000,REL029000,REL,RELIGION / Folk & Tribal,thema_QRRT,44590
bisac_REL030000,REL030000,REL,RELIGION / Christian Ministry / Evangelism,"thema_QRM,thema_QRVS4",44600
bisac_REL032000,REL032000,REL,RELIGION / Hinduism / General,thema_QRD,44610
bisac_REL032010,REL032010,REL,RELIGION / Hinduism / History,"thema_QRD,thema_QRAX",44620
bisac_REL032020,REL032020,REL,RELIGION / Hinduism / Rituals & Practice,thema_QRDP,44630
bisac_REL032030,REL032030,REL,RELIGION / Hinduism / Sacred Writings,thema_QRDF,44640
bisac_REL032040,REL032040,REL,RELIGION / Hinduism / Theology,"thema_QRD,thema_QRVG",44650
bisac_REL033000,REL033000,REL,RELIGION / History,thema_QRAX,44660
bisac_REL034000,REL034000,REL,RELIGION / Holidays / General,thema_QRVP2,44670
bisac_REL034010,REL034010,REL,RELIGION / Holidays / Christian,thema_QRVP2,44680
bisac_REL034020,REL034020,REL,RELIGION / Holidays / Christmas & Advent,thema_QRVP2,44690
bisac_REL034030,REL034030,REL,RELIGION / Holidays / Easter & Lent,thema_QRVP2,44700
bisac_REL034040,REL034040,REL,RELIGION / Holidays / Jewish,thema_QRVP2,44710
bisac_REL034050,REL034050,REL,RELIGION / Holidays / Other,thema_QRVP2,44720
bisac_REL036000,REL036000,REL,RELIGION / Inspirational,thema_QRVX,44730
bisac_REL037000,REL037000,REL,RELIGION / Islam / General,thema_QRP,44740
bisac_REL037010,REL037010,REL,RELIGION / Islam / History,"thema_QRP,thema_QRAX",44750
bisac_REL037030,REL037030,REL,RELIGION / Islam / Rituals & Practice,thema_QRPP,44760
bisac_REL037040,REL037040,REL,RELIGION / Islam / Shi'a,thema_QRPB3,44770
bisac_REL037050,REL037050,REL,RELIGION / Islam / Sunni,thema_QRPB1,44780
bisac_REL037060,REL037060,REL,RELIGION / Islam / Theology,"thema_QRP,thema_QRVG",44790
bisac_REL038000,REL038000,REL,RELIGION / Jainism,thema_QRRC,44800
bisac_REL040000,REL040000,REL,RELIGION / Judaism / General,thema_QRJ,44810
bisac_REL040010,REL040010,REL,RELIGION / Judaism / Rituals & Practice,thema_QRJP,44820
bisac_REL040030,REL040030,REL,RELIGION / Judaism / History,"thema_QRJ,thema_QRAX",44830
bisac_REL040040,REL040040,REL,RELIGION / Judaism / Sacred Writings,thema_QRJF,44840
bisac_REL040050,REL040050,REL,RELIGION / Judaism / Conservative,thema_QRJB2,44850
bisac_REL040060,REL040060,REL,RELIGION / Judaism / Kabbalah & Mysticism,"thema_QRJ,thema_VXWK",44860
bisac_REL040070,REL040070,REL,RELIGION / Judaism / Orthodox,thema_QRJB1,44870
bisac_REL040080,REL040080,REL,RELIGION / Judaism / Reform,thema_QRJB3,44880
bisac_REL040090,REL040090,REL,RELIGION / Judaism / Theology,"thema_QRJ,thema_QRVG",44890
bisac_REL041000,REL041000,REL,RELIGION / Islam / Koran & Sacred Writings,thema_QRPF,44900
bisac_REL042000,REL042000,REL,RELIGION / Meditations,thema_QRVK,44910
bisac_REL043000,REL043000,REL,RELIGION / Christianity / Mennonite,thema_QRMB3,44920
bisac_REL044000,REL044000,REL,RELIGION / Christianity / Methodist,thema_QRMB35,44930
bisac_REL045000,REL045000,REL,RELIGION / Christian Ministry / Missions,"thema_QRM,thema_QRVS4",44940
bisac_REL046000,REL046000,REL,RELIGION / Christianity / Church of Jesus Christ of Latter-day Saints (Mormon),thema_QRMB5,44950
bisac_REL047000,REL047000,REL,RELIGION / Mysticism,thema_QRVK2,44960
bisac_REL049000,REL049000,REL,RELIGION / Christianity / Orthodox,thema_QRMB2,44970
bisac_REL050000,REL050000,REL,RELIGION / Christian Ministry / Counseling & Recovery,"thema_QRM,thema_QRVP5",44980
bisac_REL051000,REL051000,REL,RELIGION / Philosophy,thema_QRAB,44990
bisac_REL052000,REL052000,REL,RELIGION / Prayerbooks / General,thema_QRVJ,45000
bisac_REL052010,REL052010,REL,RELIGION / Prayerbooks / Christian,"thema_QRVJ,thema_QRM",45010
bisac_REL052020,REL052020,REL,RELIGION / Prayerbooks / Jewish,"thema_QRVJ,thema_QRJ",45020
bisac_REL052030,REL052030,REL,RELIGION / Prayerbooks / Islamic,"thema_QRVJ,thema_QRPP",45030
bisac_REL053000,REL053000,REL,RELIGION / Christianity / Protestant,thema_QRMB3,45040
bisac_REL054000,REL054000,REL,RELIGION / Reference,"thema_QR,thema_GBC",45050
bisac_REL055000,REL055000,REL,RELIGION / Christian Rituals & Practice / General,"thema_QRMP,thema_QRVJ1",45060
bisac_REL055010,REL055010,REL,RELIGION / Christian Rituals & Practice / Sacraments,thema_QRMP1,45070
bisac_REL055020,REL055020,REL,RELIGION / Christian Rituals & Practice / Worship & Liturgy,"thema_QRMP,thema_QRVJ",45080
bisac_REL058000,REL058000,REL,RELIGION / Sermons / General,thema_QRVH,45090
bisac_REL058010,REL058010,REL,RELIGION / Sermons / Christian,"thema_QRVH,thema_QRM",45100
bisac_REL058020,REL058020,REL,RELIGION / Sermons / Jewish,"thema_QRVH,thema_QRJ",45110
bisac_REL059000,REL059000,REL,RELIGION / Christianity / Shaker,thema_QRMB39,45120
bisac_REL060000,REL060000,REL,RELIGION / Shintoism,thema_QRRL3,45130
bisac_REL061000,REL061000,REL,RELIGION / Sikhism,thema_QRRD,45140
bisac_REL062000,REL062000,REL,RELIGION / Spirituality,thema_QRVK,45150
bisac_REL063000,REL063000,REL,RELIGION / Christian Living / Stewardship & Giving,thema_QRMP,45160
bisac_REL064000,REL064000,REL,RELIGION / Judaism / Talmud,thema_QRJF5,45170
bisac_REL065000,REL065000,REL,RELIGION / Taoism (see also PHILOSOPHY / Taoist),thema_QRRL5,45180
bisac_REL066000,REL066000,REL,RELIGION / Theism,thema_QRAB1,45190
bisac_REL067000,REL067000,REL,RELIGION / Christian Theology / General,"thema_QRM,thema_QRVG",45200
bisac_REL067010,REL067010,REL,RELIGION / Christian Theology / Angelology & Demonology,"thema_QRM,thema_QRVG",45210
bisac_REL067020,REL067020,REL,RELIGION / Christian Theology / Anthropology,"thema_QRM,thema_QRVG",45220
bisac_REL067030,REL067030,REL,RELIGION / Christian Theology / Apologetics,"thema_QRM,thema_QRVG",45230
bisac_REL067040,REL067040,REL,RELIGION / Christian Theology / Christology,"thema_QRM,thema_QRVG",45240
bisac_REL067050,REL067050,REL,RELIGION / Christian Theology / Ecclesiology,"thema_QRM,thema_QRVG3",45250
bisac_REL067060,REL067060,REL,RELIGION / Christian Theology / Eschatology,"thema_QRM,thema_QRVG",45260
bisac_REL067070,REL067070,REL,RELIGION / Christian Theology / Ethics & Moral Teaching,"thema_QRM,thema_QRVG3",45270
bisac_REL067080,REL067080,REL,RELIGION / Christian Theology / History,"thema_QRM,thema_QRVG",45280
bisac_REL067090,REL067090,REL,RELIGION / Christian Theology / Pneumatology,"thema_QRM,thema_QRVG",45290
bisac_REL067100,REL067100,REL,RELIGION / Christian Theology / Soteriology,"thema_QRM,thema_QRVG",45300
bisac_REL067110,REL067110,REL,RELIGION / Christian Theology / Systematic,"thema_QRM,thema_QRVG2",45310
bisac_REL067120,REL067120,REL,RELIGION / Christian Theology / Liberation,"thema_QRM,thema_QRVG2",45320
bisac_REL067130,REL067130,REL,RELIGION / Christian Theology / Process,"thema_QRM,thema_QRVG2",45330
bisac_REL067140,REL067140,REL,RELIGION / Christian Theology / African American & Black *,"thema_QRM,thema_QRVG",45340
bisac_REL067150,REL067150,REL,RELIGION / Christian Theology / Ecology,"thema_QRM,thema_QRVG",45350
bisac_REL067160,REL067160,REL,RELIGION / Christian Theology / Feminist,"thema_QRM,thema_QRVG2",45360
bisac_REL067170,REL067170,REL,RELIGION / Christian Theology / Hispanic & Latino,"thema_QRM,thema_QRVG",45370
bisac_REL067180,REL067180,REL,RELIGION / Christian Theology / Missiology,"thema_QRM,thema_QRVG3",45380
bisac_REL067190,REL067190,REL,RELIGION / Christian Theology / Queer (LGBTQ+),"thema_QRM,thema_QRVG",45390
bisac_REL067200,REL067200,REL,RELIGION / Christian Theology / Womanist,"thema_QRM,thema_QRVG",45400
bisac_REL068000,REL068000,REL,RELIGION / Theosophy,thema_QRYC5,45410
bisac_REL069000,REL069000,REL,RELIGION / Zoroastrianism,thema_QRRF,45420
bisac_REL070000,REL070000,REL,RELIGION / Christianity / General,thema_QRM,45430
bisac_REL071000,REL071000,REL,RELIGION / Leadership,thema_QRVP,45440
bisac_REL072000,REL072000,REL,RELIGION / Antiquities & Archaeology,"thema_QRA,thema_NK",45450
bisac_REL073000,REL073000,REL,RELIGION / Christianity / Baptist,thema_QRMB32,45460
bisac_REL074000,REL074000,REL,RELIGION / Christian Ministry / Pastoral Resources,"thema_QRM,thema_QRVS2",45470
bisac_REL075000,REL075000,REL,RELIGION / Psychology of Religion,"thema_QRA,thema_JM",45480
bisac_REL077000,REL077000,REL,RELIGION / Faith,thema_QR,45490
bisac_REL078000,REL078000,REL,RELIGION / Fundamentalism,thema_QRAM6,45500
bisac_REL079000,REL079000,REL,RELIGION / Christianity / Pentecostal & Charismatic,thema_QRMB36,45510
bisac_REL080000,REL080000,REL,RELIGION / Christian Ministry / Preaching,"thema_QRM,thema_QRVS2",45520
bisac_REL081000,REL081000,REL,RELIGION / Clergy,thema_QRVS3,45530
bisac_REL082000,REL082000,REL,RELIGION / Christianity / Lutheran,thema_QRMB34,45540
bisac_REL083000,REL083000,REL,RELIGION / Christianity / Christian Science,thema_QRMB5,45550
bisac_REL084000,REL084000,REL,"RELIGION / Religion, Politics & State",thema_QRAM2,45560
bisac_REL085000,REL085000,REL,RELIGION / Eschatology,thema_QRAB9,45570
bisac_REL086000,REL086000,REL,RELIGION / Monasticism,thema_QRVS5,45580
bisac_REL087000,REL087000,REL,RELIGION / Prayer,thema_QRVJ2,45590
bisac_REL088000,REL088000,REL,RELIGION / Christianity / Quaker,thema_QRMB37,45600
bisac_REL089000,REL089000,REL,RELIGION / Scientology,thema_QRYM,45610
bisac_REL090000,REL090000,REL,RELIGION / Islam / Sufi,thema_QRPB4,45620
bisac_REL091000,REL091000,REL,RELIGION / Christian Education / Children & Youth,"thema_QRMP,thema_QRVP3",45630
bisac_REL092000,REL092000,REL,RELIGION / Buddhism / Zen (see also PHILOSOPHY / Zen),thema_QRFB23,45640
bisac_REL093000,REL093000,REL,RELIGION / Christianity / Calvinist,thema_QRMB33,45650
bisac_REL094000,REL094000,REL,RELIGION / Christianity / Denominations,thema_QRMB,45660
bisac_REL095000,REL095000,REL,RELIGION / Christian Education / Adult,"thema_QRMP,thema_QRVP3",45670
bisac_REL096000,REL096000,REL,RELIGION / Christianity / Jehovah's Witnesses,thema_QRMB5,45680
bisac_REL097000,REL097000,REL,RELIGION / Christianity / Presbyterian,thema_QRMB33,45690
bisac_REL098000,REL098000,REL,RELIGION / Christianity / Seventh-Day Adventist,thema_QRMB5,45700
bisac_REL099000,REL099000,REL,RELIGION / Christian Living / Spiritual Warfare,thema_QRMP,45710
bisac_REL100000,REL100000,REL,RELIGION / Demonology & Satanism,thema_QRYX9,45720
bisac_REL101000,REL101000,REL,RELIGION / Messianic Judaism,thema_QRMB8,45730
bisac_REL102000,REL102000,REL,RELIGION / Theology,thema_QRVG,45740
bisac_REL103000,REL103000,REL,RELIGION / Unitarian Universalism,thema_QRYA,45750
bisac_REL104000,REL104000,REL,RELIGION / Christian Theology / Mariology,"thema_QRM,thema_QRVG",45760
bisac_REL105000,REL105000,REL,RELIGION / Sexuality & Gender Studies,thema_QRVP7,45770
bisac_REL106000,REL106000,REL,RELIGION / Religion & Science,thema_QRAM3,45780
bisac_REL107000,REL107000,REL,RELIGION / Eckankar,thema_QRYM,45790
bisac_REL108000,REL108000,REL,RELIGION / Christian Church / General,thema_QRMB,45800
bisac_REL108010,REL108010,REL,RELIGION / Christian Church / Growth,"thema_QRMB,thema_QRVG3",45810
bisac_REL108020,REL108020,REL,RELIGION / Christian Church / History,"thema_QRMB,thema_QRAX",45820
bisac_REL108030,REL108030,REL,RELIGION / Christian Living / Leadership & Mentoring,thema_QRMP,45830
bisac_REL109000,REL109000,REL,RELIGION / Christian Ministry / General,"thema_QRM,thema_QRVS3",45840
bisac_REL109010,REL109010,REL,RELIGION / Christian Ministry / Adult,"thema_QRM,thema_QRVS3",45850
bisac_REL109020,REL109020,REL,RELIGION / Christian Ministry / Children,"thema_QRM,thema_QRVS3",45860
bisac_REL109030,REL109030,REL,RELIGION / Christian Ministry / Youth,"thema_QRM,thema_QRVS3",45870
bisac_REL110000,REL110000,REL,RELIGION / Christianity / Saints & Sainthood,"thema_QRM,thema_QRVS1",45880
bisac_REL111000,REL111000,REL,RELIGION / Christianity / United Church of Christ,thema_QRMB33,45890
bisac_REL112000,REL112000,REL,RELIGION / Gnosticism,thema_QRYC1,45900
bisac_REL113000,REL113000,REL,RELIGION / Essays,thema_QRA,45910
bisac_REL114000,REL114000,REL,RELIGION / Ancient,thema_QRS,45920
bisac_REL115000,REL115000,REL,"RELIGION / Blasphemy, Heresy & Apostasy",thema_QRAM7,45930
bisac_REL116000,REL116000,REL,"RELIGION / Religious Intolerance, Persecution & Conflict",thema_QRAM9,45940
bisac_REL117000,REL117000,REL,RELIGION / Paganism & Modern Paganism,"thema_QRS,thema_VXWS",45950
bisac_REL118000,REL118000,REL,"RELIGION / Wicca (see also MIND, BODY, SPIRIT / Witchcraft)","thema_QRYX5,thema_VXWT",45960
bisac_REL119000,REL119000,REL,RELIGION / Pilgrims & Pilgrimages,thema_QRVP1,45970
bisac_REL120000,REL120000,REL,RELIGION / Sacred Places,thema_QRVQ,45980
bisac_REL121000,REL121000,REL,"RELIGION / African Diaspora Religion, Spirituality & Theology",thema_QRRM,45990
bisac_REL122000,REL122000,REL,RELIGION / Creation,thema_QRA,46000
bisac_REL123000,REL123000,REL,RELIGION / Faith Deconstruction,thema_QRVP,46010
bisac_REL124000,REL124000,REL,RELIGION / Indigenous / General,thema_QRRT,46020
bisac_REL124010,REL124010,REL,RELIGION / Indigenous / Ceremony & Spiritual Practice,"thema_QRRT,thema_QRVJ1",46030
bisac_REL124020,REL124020,REL,RELIGION / Indigenous / Sacred Stories,"thema_QRRT,thema_QRVB",46040
bisac_REL124030,REL124030,REL,RELIGION / Indigenous / Scripture & Prayerbooks,"thema_QRRT,thema_QRVA",46050
bisac_REL124040,REL124040,REL,RELIGION / Indigenous / Spirituality,"thema_QRRT,thema_QRVK",46060
bisac_REL124050,REL124050,REL,RELIGION / Indigenous / Teachings,"thema_QRRT,thema_QRVB",46070
bisac_REL125000,REL125000,REL,RELIGION / Indigenous Peoples of Turtle Island,thema_QRRT1,46080
bisac_REL126000,REL126000,REL,RELIGION / Native American,thema_QRRT1,46090
bisac_REL127000,REL127000,REL,RELIGION / Activism & Social Justice,"thema_QRAM2,thema_JPW",46100
bisac_REL128000,REL128000,REL,RELIGION / African American & Black,thema_QR,46110
bisac_REL129000,REL129000,REL,RELIGION / Asian American & Pacific Islander,thema_QR,46120
bisac_REL130000,REL130000,REL,RELIGION / Christianity / World Christianity,thema_QRM,46130
bisac_REL131000,REL131000,REL,RELIGION / Disability,"thema_QR,thema_JBFM",46140
bisac_REL132000,REL132000,REL,RELIGION / Hispanic & Latino,thema_QR,46150
bisac_REL133000,REL133000,REL,RELIGION / Peace,"thema_QRVS2,thema_GTU",46160
bisac_REL134000,REL134000,REL,RELIGION / Spiritual Retreats,thema_QRVK,46170
bisac_REL135000,REL135000,REL,RELIGION / Women,"thema_QR,thema_JBSF1",46180
bisac_REL136000,REL136000,REL,RELIGION / Miracles *,,46190
bisac_SCI000000,SCI000000,SCI,SCIENCE / General,thema_PD,46200
bisac_SCI001000,SCI001000,SCI,SCIENCE / Acoustics & Sound,thema_PHDS,46210
bisac_SCI003000,SCI003000,SCI,SCIENCE / Applied Sciences,thema_PDG,46220
bisac_SCI004000,SCI004000,SCI,SCIENCE / Space Science / Astronomy,thema_PG,46230
bisac_SCI005000,SCI005000,SCI,SCIENCE / Physics / Astrophysics,thema_PHVB,46240
bisac_SCI006000,SCI006000,SCI,SCIENCE / Life Sciences / Bacteriology,thema_PSG,46250
bisac_SCI007000,SCI007000,SCI,SCIENCE / Life Sciences / Biochemistry,thema_PSB,46260
bisac_SCI008000,SCI008000,SCI,SCIENCE / Life Sciences / Biology,thema_PS,46270
bisac_SCI009000,SCI009000,SCI,SCIENCE / Life Sciences / Biophysics,thema_PHVN,46280
bisac_SCI010000,SCI010000,SCI,SCIENCE / Biotechnology,thema_TCB,46290
bisac_SCI011000,SCI011000,SCI,SCIENCE / Life Sciences / Botany,thema_PST,46300
bisac_SCI012000,SCI012000,SCI,SCIENCE / Chaotic Behavior in Systems,thema_PBWS,46310
bisac_SCI013000,SCI013000,SCI,SCIENCE / Chemistry / General,thema_PN,46320
bisac_SCI013010,SCI013010,SCI,SCIENCE / Chemistry / Analytic,thema_PNF,46330
bisac_SCI013020,SCI013020,SCI,SCIENCE / Chemistry / Clinical,thema_PSB,46340
bisac_SCI013030,SCI013030,SCI,SCIENCE / Chemistry / Inorganic,thema_PNK,46350
bisac_SCI013040,SCI013040,SCI,SCIENCE / Chemistry / Organic,thema_PNN,46360
bisac_SCI013050,SCI013050,SCI,SCIENCE / Chemistry / Physical & Theoretical,thema_PNR,46370
bisac_SCI013060,SCI013060,SCI,SCIENCE / Chemistry / Industrial & Technical,thema_TDC,46380
bisac_SCI013070,SCI013070,SCI,SCIENCE / Chemistry / Computational & Molecular Modeling,thema_PNRA,46390
bisac_SCI013080,SCI013080,SCI,SCIENCE / Chemistry / Environmental (see also Environmental Science),thema_PNC,46400
bisac_SCI013090,SCI013090,SCI,SCIENCE / Chemistry / Toxicology,thema_PSB,46410
bisac_SCI013100,SCI013100,SCI,SCIENCE / Chemistry / Electrochemistry,thema_PNRH,46420
bisac_SCI015000,SCI015000,SCI,SCIENCE / Space Science / Cosmology,thema_PGK,46430
bisac_SCI016000,SCI016000,SCI,SCIENCE / Physics / Crystallography,thema_PNT,46440
bisac_SCI017000,SCI017000,SCI,SCIENCE / Life Sciences / Cell Biology,thema_PSF,46450
bisac_SCI018000,SCI018000,SCI,SCIENCE / Mechanics / Dynamics,thema_PHDT,46460
bisac_SCI019000,SCI019000,SCI,SCIENCE / Earth Sciences / General,thema_RB,46470
bisac_SCI020000,SCI020000,SCI,SCIENCE / Life Sciences / Ecology,thema_PSAF,46480
bisac_SCI021000,SCI021000,SCI,SCIENCE / Physics / Electricity,thema_PHK,46490
bisac_SCI022000,SCI022000,SCI,SCIENCE / Physics / Electromagnetism,thema_PHK,46500
bisac_SCI023000,SCI023000,SCI,SCIENCE / Electron Microscopes & Microscopy,thema_PDND,46510
bisac_SCI024000,SCI024000,SCI,SCIENCE / Energy,thema_PHDY,46520
bisac_SCI025000,SCI025000,SCI,SCIENCE / Life Sciences / Zoology / Entomology,thema_PSVA2,46530
bisac_SCI026000,SCI026000,SCI,SCIENCE / Environmental Science (see also Chemistry / Environmental),thema_TQ,46540
bisac_SCI027000,SCI027000,SCI,SCIENCE / Life Sciences / Evolution,thema_PSAJ,46550
bisac_SCI028000,SCI028000,SCI,SCIENCE / Experiments & Projects,thema_PDN,46560
bisac_SCI029000,SCI029000,SCI,SCIENCE / Life Sciences / Genetics & Genomics,thema_PSAK,46570
bisac_SCI030000,SCI030000,SCI,SCIENCE / Earth Sciences / Geography,thema_RG,46580
bisac_SCI031000,SCI031000,SCI,SCIENCE / Earth Sciences / Geology,thema_RBG,46590
bisac_SCI032000,SCI032000,SCI,SCIENCE / Physics / Geophysics,thema_PHVG,46600
bisac_SCI033000,SCI033000,SCI,SCIENCE / Physics / Gravity,thema_PHDV,46610
bisac_SCI034000,SCI034000,SCI,SCIENCE / History,thema_PDX,46620
bisac_SCI036000,SCI036000,SCI,SCIENCE / Life Sciences / Human Anatomy & Physiology,"thema_PSX,thema_MFC",46630
bisac_SCI038000,SCI038000,SCI,SCIENCE / Physics / Magnetism,thema_PHK,46640
bisac_SCI039000,SCI039000,SCI,SCIENCE / Life Sciences / Marine Biology,thema_PSPM,46650
bisac_SCI040000,SCI040000,SCI,SCIENCE / Physics / Mathematical & Computational,thema_PHU,46660
bisac_SCI041000,SCI041000,SCI,SCIENCE / Mechanics / General,thema_PHD,46670
bisac_SCI042000,SCI042000,SCI,SCIENCE / Earth Sciences / Meteorology & Climatology,thema_RBP,46680
bisac_SCI043000,SCI043000,SCI,SCIENCE / Research & Methodology,thema_PDM,46690
bisac_SCI045000,SCI045000,SCI,SCIENCE / Life Sciences / Microbiology,thema_PSG,46700
bisac_SCI047000,SCI047000,SCI,SCIENCE / Microscopes & Microscopy,thema_PDND,46710
bisac_SCI048000,SCI048000,SCI,SCIENCE / Earth Sciences / Mineralogy,thema_PNV,46720
bisac_SCI049000,SCI049000,SCI,SCIENCE / Life Sciences / Molecular Biology,thema_PSD,46730
bisac_SCI050000,SCI050000,SCI,SCIENCE / Nanoscience,thema_PDT,46740
bisac_SCI051000,SCI051000,SCI,SCIENCE / Physics / Nuclear,thema_PHN,46750
bisac_SCI052000,SCI052000,SCI,SCIENCE / Earth Sciences / Oceanography,thema_RBKC,46760
bisac_SCI053000,SCI053000,SCI,SCIENCE / Physics / Optics & Light,thema_PHJ,46770
bisac_SCI054000,SCI054000,SCI,SCIENCE / Paleontology,thema_RBX,46780
bisac_SCI055000,SCI055000,SCI,SCIENCE / Physics / General,thema_PH,46790
bisac_SCI056000,SCI056000,SCI,SCIENCE / Life Sciences / Anatomy & Physiology (see also Life Sciences / Human Anatomy & Physiology),"thema_PS,thema_MFC",46800
bisac_SCI057000,SCI057000,SCI,SCIENCE / Physics / Quantum Theory,thema_PHQ,46810
bisac_SCI058000,SCI058000,SCI,SCIENCE / Radiation,thema_PNRL,46820
bisac_SCI059000,SCI059000,SCI,SCIENCE / Radiography,thema_TTBM,46830
bisac_SCI060000,SCI060000,SCI,SCIENCE / Reference,"thema_PD,thema_GBC",46840
bisac_SCI061000,SCI061000,SCI,SCIENCE / Physics / Relativity,thema_PHR,46850
bisac_SCI063000,SCI063000,SCI,SCIENCE / Study & Teaching,"thema_PD,thema_JNU",46860
bisac_SCI064000,SCI064000,SCI,SCIENCE / System Theory,thema_GPFC,46870
bisac_SCI065000,SCI065000,SCI,SCIENCE / Mechanics / Thermodynamics,thema_PHH,46880
bisac_SCI066000,SCI066000,SCI,SCIENCE / Time,thema_PGZ,46890
bisac_SCI067000,SCI067000,SCI,SCIENCE / Waves & Wave Mechanics,thema_PHDS,46900
bisac_SCI068000,SCI068000,SCI,SCIENCE / Weights & Measures,thema_PDD,46910
bisac_SCI070000,SCI070000,SCI,SCIENCE / Life Sciences / Zoology / General,thema_PSV,46920
bisac_SCI070010,SCI070010,SCI,SCIENCE / Life Sciences / Zoology / Ichthyology & Herpetology,"thema_PSVC,thema_PSVF",46930
bisac_SCI070020,SCI070020,SCI,SCIENCE / Life Sciences / Zoology / Invertebrates,thema_PSVA,46940
bisac_SCI070030,SCI070030,SCI,SCIENCE / Life Sciences / Zoology / Mammals,thema_PSVM,46950
bisac_SCI070040,SCI070040,SCI,SCIENCE / Life Sciences / Zoology / Ornithology,thema_PSVJ,46960
bisac_SCI070050,SCI070050,SCI,SCIENCE / Life Sciences / Zoology / Primatology,thema_PSVM3,46970
bisac_SCI070060,SCI070060,SCI,SCIENCE / Life Sciences / Zoology / Ethology (Animal Behavior),thema_PSVP,46980
bisac_SCI072000,SCI072000,SCI,SCIENCE / Life Sciences / Developmental Biology,thema_PSC,46990
bisac_SCI073000,SCI073000,SCI,SCIENCE / Life Sciences / Horticulture,"thema_PST,thema_TVS",47000
bisac_SCI074000,SCI074000,SCI,SCIENCE / Physics / Atomic & Molecular,thema_PHM,47010
bisac_SCI075000,SCI075000,SCI,SCIENCE / Philosophy & Social Aspects,"thema_PDA,thema_PDR",47020
bisac_SCI076000,SCI076000,SCI,SCIENCE / Scientific Instruments,thema_PDN,47030
bisac_SCI077000,SCI077000,SCI,SCIENCE / Physics / Condensed Matter,thema_PHFC,47040
bisac_SCI078000,SCI078000,SCI,SCIENCE / Spectroscopy & Spectrum Analysis,thema_PNFS,47050
bisac_SCI079000,SCI079000,SCI,SCIENCE / Mechanics / Statics,thema_PHDT,47060
bisac_SCI080000,SCI080000,SCI,SCIENCE / Essays,thema_PD,47070
bisac_SCI081000,SCI081000,SCI,SCIENCE / Earth Sciences / Hydrology,thema_RBK,47080
bisac_SCI082000,SCI082000,SCI,SCIENCE / Earth Sciences / Seismology & Volcanism,thema_RBC,47090
bisac_SCI083000,SCI083000,SCI,SCIENCE / Earth Sciences / Limnology,thema_RBKF,47100
bisac_SCI084000,SCI084000,SCI,SCIENCE / Mechanics / Aerodynamics,"thema_PHDF,thema_TGMF1",47110
bisac_SCI085000,SCI085000,SCI,SCIENCE / Mechanics / Fluids,"thema_PHDF,thema_TGMF",47120
bisac_SCI086000,SCI086000,SCI,SCIENCE / Life Sciences / General,thema_PS,47130
bisac_SCI087000,SCI087000,SCI,SCIENCE / Life Sciences / Taxonomy,thema_PSAB,47140
bisac_SCI088000,SCI088000,SCI,SCIENCE / Life Sciences / Biological Diversity,thema_RNCB,47150
bisac_SCI089000,SCI089000,SCI,SCIENCE / Life Sciences / Neuroscience,thema_PSAN,47160
bisac_SCI090000,SCI090000,SCI,SCIENCE / Cognitive Science,"thema_JMAQ,thema_GTK",47170
bisac_SCI091000,SCI091000,SCI,SCIENCE / Earth Sciences / Sedimentology & Stratigraphy,"thema_RBGH,thema_RBGB",47180
bisac_SCI092000,SCI092000,SCI,SCIENCE / Global Warming & Climate Change,thema_RNPG,47190
bisac_SCI093000,SCI093000,SCI,SCIENCE / Laboratory Techniques,thema_PDN,47200
bisac_SCI094000,SCI094000,SCI,SCIENCE / Life Sciences / Mycology,thema_PSQ,47210
bisac_SCI095000,SCI095000,SCI,SCIENCE / Mechanics / Hydrodynamics,"thema_PHDF,thema_TGMF",47220
bisac_SCI096000,SCI096000,SCI,SCIENCE / Mechanics / Solids,thema_TGMD,47230
bisac_SCI097000,SCI097000,SCI,SCIENCE / Physics / Polymer,thema_PHFC,47240
bisac_SCI098000,SCI098000,SCI,SCIENCE / Space Science / General,thema_TTD,47250
bisac_SCI098010,SCI098010,SCI,SCIENCE / Space Science / Planetary,thema_PGS,47260
bisac_SCI098020,SCI098020,SCI,SCIENCE / Space Science / Space Exploration,thema_TTDX,47270
bisac_SCI098030,SCI098030,SCI,SCIENCE / Space Science / Stellar & Solar,"thema_PGM,thema_PGS",47280
bisac_SCI099000,SCI099000,SCI,SCIENCE / Life Sciences / Virology,thema_PSG,47290
bisac_SCI100000,SCI100000,SCI,SCIENCE / Natural History,thema_PSAF,47300
bisac_SCI101000,SCI101000,SCI,SCIENCE / Ethics,"thema_PD,thema_JBFV5",47310
bisac_SCI102000,SCI102000,SCI,SCIENCE / Bioinformatics,thema_PSAX,47320
bisac_SCI103000,SCI103000,SCI,SCIENCE / Physics / Particle,thema_PHP,47330
bisac_SCI104000,SCI104000,SCI,SCIENCE / Indigenous Knowledge & Perspectives,"thema_PD,thema_JBSL11",47340
bisac_SCI105000,SCI105000,SCI,SCIENCE / Physics / Cryogenics *,,47350
bisac_SEL000000,SEL000000,SEL,SELF-HELP / General,thema_VS,47360
bisac_SEL001000,SEL001000,SEL,SELF-HELP / Abuse,thema_VFJM,47370
bisac_SEL003000,SEL003000,SEL,SELF-HELP / Adult Children of Substance Abusers,thema_VFJK,47380
bisac_SEL004000,SEL004000,SEL,SELF-HELP / Affirmations,thema_VSPM,47390
bisac_SEL005000,SEL005000,SEL,SELF-HELP / Aging,thema_VFJG,47400
bisac_SEL006000,SEL006000,SEL,SELF-HELP / Substance Abuse & Addictions / Alcohol,thema_VFJK,47410
bisac_SEL008000,SEL008000,SEL,SELF-HELP / Codependency,"thema_VSP,thema_VFV",47420
bisac_SEL009000,SEL009000,SEL,SELF-HELP / Creativity,thema_VSPT,47430
bisac_SEL010000,SEL010000,SEL,"SELF-HELP / Death, Grief, Bereavement",thema_VFJX,47440
bisac_SEL011000,SEL011000,SEL,SELF-HELP / Mood Disorders / Depression,thema_VFJQ1,47450
bisac_SEL012000,SEL012000,SEL,SELF-HELP / Dreams,thema_VXN,47460
bisac_SEL013000,SEL013000,SEL,SELF-HELP / Substance Abuse & Addictions / Drugs,thema_VFJK,47470
bisac_SEL014000,SEL014000,SEL,SELF-HELP / Eating Disorders & Body Image,"thema_VFJJ,thema_VFJH",47480
bisac_SEL015000,SEL015000,SEL,SELF-HELP / Handwriting Analysis,thema_VXFG,47490
bisac_SEL016000,SEL016000,SEL,SELF-HELP / Personal Growth / Happiness,thema_VSPM,47500
bisac_SEL017000,SEL017000,SEL,SELF-HELP / Self-Hypnosis,thema_VXHP,47510
bisac_SEL019000,SEL019000,SEL,SELF-HELP / Meditations,thema_VXM,47520
bisac_SEL020000,SEL020000,SEL,SELF-HELP / Mood Disorders / General,thema_VFJQ1,47530
bisac_SEL020010,SEL020010,SEL,SELF-HELP / Mood Disorders / Bipolar Disorder,thema_VFJQ1,47540
bisac_SEL021000,SEL021000,SEL,SELF-HELP / Motivational & Inspirational,thema_VSPM,47550
bisac_SEL023000,SEL023000,SEL,SELF-HELP / Personal Growth / Self-Esteem,thema_VSPM,47560
bisac_SEL024000,SEL024000,SEL,SELF-HELP / Self-Management / Stress Management,thema_VFJS,47570
bisac_SEL026000,SEL026000,SEL,SELF-HELP / Substance Abuse & Addictions / General,thema_VFJL,47580
bisac_SEL026010,SEL026010,SEL,SELF-HELP / Substance Abuse & Addictions / Tobacco,thema_VFL,47590
bisac_SEL027000,SEL027000,SEL,SELF-HELP / Personal Growth / Success,thema_VSC,47600
bisac_SEL029000,SEL029000,SEL,SELF-HELP / Twelve-Step Programs,thema_VFJK,47610
bisac_SEL030000,SEL030000,SEL,SELF-HELP / Personal Growth / Memory Improvement,thema_VSPT,47620
bisac_SEL031000,SEL031000,SEL,SELF-HELP / Personal Growth / General,thema_VS,47630
bisac_SEL032000,SEL032000,SEL,SELF-HELP / Spiritual,thema_VXA,47640
bisac_SEL033000,SEL033000,SEL,SELF-HELP / Self-Management / Anger Management (see also FAMILY & RELATIONSHIPS / Anger),thema_VFJQ,47650
bisac_SEL034000,SEL034000,SEL,SELF-HELP / Sexual Instruction,thema_VFVC,47660
bisac_SEL035000,SEL035000,SEL,SELF-HELP / Self-Management / Time Management,"thema_VS,thema_KJMT",47670
bisac_SEL036000,SEL036000,SEL,SELF-HELP / Anxiety & Phobias,thema_VFJP,47680
bisac_SEL037000,SEL037000,SEL,SELF-HELP / Neuro-Linguistic Programming (NLP),thema_VSPX,47690
bisac_SEL038000,SEL038000,SEL,SELF-HELP / Fashion & Style,thema_WJF,47700
bisac_SEL039000,SEL039000,SEL,SELF-HELP / Green Lifestyle,thema_VSZ,47710
bisac_SEL040000,SEL040000,SEL,SELF-HELP / Communication & Social Skills,thema_VSS,47720
bisac_SEL041000,SEL041000,SEL,SELF-HELP / Compulsive Behavior / General,"thema_VS,thema_VFJB",47730
bisac_SEL041010,SEL041010,SEL,SELF-HELP / Compulsive Behavior / Gambling,thema_VFJL,47740
bisac_SEL041020,SEL041020,SEL,SELF-HELP / Compulsive Behavior / Hoarding,thema_VFJP,47750
bisac_SEL041030,SEL041030,SEL,SELF-HELP / Compulsive Behavior / Obsessive Compulsive Disorder (OCD),thema_VFJQ,47760
bisac_SEL041040,SEL041040,SEL,SELF-HELP / Compulsive Behavior / Sex & Pornography Addiction,"thema_VFJL,thema_VFVC",47770
bisac_SEL042000,SEL042000,SEL,SELF-HELP / Emotions,thema_VSPQ,47780
bisac_SEL043000,SEL043000,SEL,SELF-HELP / Post-Traumatic Stress Disorder (PTSD),thema_VFJQ3,47790
bisac_SEL044000,SEL044000,SEL,SELF-HELP / Self-Management / General,thema_VS,47800
bisac_SEL045000,SEL045000,SEL,SELF-HELP / Journaling,thema_VSPE,47810
bisac_SEL046000,SEL046000,SEL,SELF-HELP / Gender & Sexuality,thema_VFVC,47820
bisac_SEL047000,SEL047000,SEL,SELF-HELP / Safety & Security / Personal Safety & Self-Defense,thema_VFB,47830
bisac_SEL048000,SEL048000,SEL,SELF-HELP / Cutting & Self-Harm,thema_VFJQ2,47840
bisac_SEL049000,SEL049000,SEL,SELF-HELP / Safety & Security / General (see also HOUSE & HOME / Safety & Security),thema_VFB,47850
bisac_SEL049010,SEL049010,SEL,SELF-HELP / Safety & Security / Survival & Emergency Preparedness,thema_VSY,47860
bisac_SEL050000,SEL050000,SEL,SELF-HELP / Indigenous Mental Health & Healing,thema_VFJQ,47870
bisac_SEL051000,SEL051000,SEL,SELF-HELP / Neurodiversity *,,47880
bisac_SOC000000,SOC000000,SOC,SOCIAL SCIENCE / General,thema_JB,47890
bisac_SOC001000,SOC001000,SOC,SOCIAL SCIENCE / Cultural & Ethnic Studies / African American & Black Studies,thema_JBSL,47900
bisac_SOC002000,SOC002000,SOC,SOCIAL SCIENCE / Anthropology / General,thema_JHM,47910
bisac_SOC002010,SOC002010,SOC,SOCIAL SCIENCE / Anthropology / Cultural & Social,thema_JHMC,47920
bisac_SOC002020,SOC002020,SOC,SOCIAL SCIENCE / Anthropology / Physical,thema_JHM,47930
bisac_SOC003000,SOC003000,SOC,SOCIAL SCIENCE / Archaeology,thema_NK,47940
bisac_SOC004000,SOC004000,SOC,SOCIAL SCIENCE / Criminology,thema_JKV,47950
bisac_SOC005000,SOC005000,SOC,SOCIAL SCIENCE / Customs & Traditions,thema_JBCC6,47960
bisac_SOC006000,SOC006000,SOC,SOCIAL SCIENCE / Demography,thema_JHBD,47970
bisac_SOC007000,SOC007000,SOC,SOCIAL SCIENCE / Immigration & Emigration,thema_JBFH,47980
bisac_SOC008000,SOC008000,SOC,SOCIAL SCIENCE / Cultural & Ethnic Studies / General,thema_JBSL,47990
bisac_SOC008010,SOC008010,SOC,SOCIAL SCIENCE / Cultural & Ethnic Studies / African Studies,thema_JBSL,48000
bisac_SOC008020,SOC008020,SOC,SOCIAL SCIENCE / Cultural & Ethnic Studies / Asian Studies,thema_JBSL,48010
bisac_SOC008030,SOC008030,SOC,SOCIAL SCIENCE / Cultural & Ethnic Studies / Australian & Oceanian Studies,thema_JBSL,48020
bisac_SOC008040,SOC008040,SOC,SOCIAL SCIENCE / Cultural & Ethnic Studies / Canadian Studies,thema_JBSL,48030
bisac_SOC008050,SOC008050,SOC,SOCIAL SCIENCE / Cultural & Ethnic Studies / Caribbean & Latin American Studies,thema_JBSL,48040
bisac_SOC008060,SOC008060,SOC,SOCIAL SCIENCE / Cultural & Ethnic Studies / European Studies,thema_JBSL,48050
bisac_SOC008070,SOC008070,SOC,SOCIAL SCIENCE / Cultural & Ethnic Studies / Middle Eastern Studies,thema_JBSL,48060
bisac_SOC008080,SOC008080,SOC,SOCIAL SCIENCE / Cultural & Ethnic Studies / European American Studies,thema_JBSL,48070
bisac_SOC010000,SOC010000,SOC,SOCIAL SCIENCE / Feminism & Feminist Theory,thema_JBSF11,48080
bisac_SOC011000,SOC011000,SOC,SOCIAL SCIENCE / Folklore & Mythology,thema_JBGB,48090
bisac_SOC012000,SOC012000,SOC,SOCIAL SCIENCE / LGBTQ+ Studies / Gay Studies,thema_JBSJ,48100
bisac_SOC013000,SOC013000,SOC,SOCIAL SCIENCE / Gerontology,thema_JBSP4,48110
bisac_SOC014000,SOC014000,SOC,SOCIAL SCIENCE / Holidays (non-religious),thema_JBCC6,48120
bisac_SOC015000,SOC015000,SOC,SOCIAL SCIENCE / Human Geography,thema_RGC,48130
bisac_SOC016000,SOC016000,SOC,SOCIAL SCIENCE / Human Services,thema_JKS,48140
bisac_SOC017000,SOC017000,SOC,SOCIAL SCIENCE / LGBTQ+ Studies / Lesbian Studies,thema_JBSJ,48150
bisac_SOC018000,SOC018000,SOC,SOCIAL SCIENCE / Men's Studies,thema_JBSF2,48160
bisac_SOC019000,SOC019000,SOC,SOCIAL SCIENCE / Methodology,thema_JHBC,48170
bisac_SOC020000,SOC020000,SOC,SOCIAL SCIENCE / Minority Studies,thema_JBSL1,48180
bisac_SOC021000,SOC021000,SOC,SOCIAL SCIENCE / Native American Studies,thema_JBSL11,48190
bisac_SOC022000,SOC022000,SOC,SOCIAL SCIENCE / Popular Culture,thema_JBCC1,48200
bisac_SOC023000,SOC023000,SOC,SOCIAL SCIENCE / Reference,"thema_JB,thema_GBC",48210
bisac_SOC024000,SOC024000,SOC,SOCIAL SCIENCE / Research,thema_JHBC,48220
bisac_SOC025000,SOC025000,SOC,SOCIAL SCIENCE / Social Work,thema_JKSN,48230
bisac_SOC026000,SOC026000,SOC,SOCIAL SCIENCE / Sociology / General,thema_JHB,48240
bisac_SOC026010,SOC026010,SOC,SOCIAL SCIENCE / Sociology / Marriage & Family,thema_JHBK,48250
bisac_SOC026020,SOC026020,SOC,SOCIAL SCIENCE / Sociology / Rural,thema_JBSC,48260
bisac_SOC026030,SOC026030,SOC,SOCIAL SCIENCE / Sociology / Urban,thema_JBSD,48270
bisac_SOC026040,SOC026040,SOC,SOCIAL SCIENCE / Sociology / Social Theory,thema_JHBA,48280
bisac_SOC027000,SOC027000,SOC,SOCIAL SCIENCE / Statistics,thema_JHBC,48290
bisac_SOC028000,SOC028000,SOC,SOCIAL SCIENCE / Women's Studies,thema_JBSF1,48300
bisac_SOC029000,SOC029000,SOC,SOCIAL SCIENCE / Disability,thema_JBFM,48310
bisac_SOC030000,SOC030000,SOC,SOCIAL SCIENCE / Penology,thema_JKVP,48320
bisac_SOC031000,SOC031000,SOC,"SOCIAL SCIENCE / Discrimination (incl. Prejudice, Racism, Colorism, etc.)",thema_JBFA,48330
bisac_SOC032000,SOC032000,SOC,SOCIAL SCIENCE / Gender Studies,thema_JBSF,48340
bisac_SOC033000,SOC033000,SOC,SOCIAL SCIENCE / Philanthropy & Charity,thema_JKSN1,48350
bisac_SOC034000,SOC034000,SOC,SOCIAL SCIENCE / Pornography,thema_JBFW,48360
bisac_SOC035000,SOC035000,SOC,SOCIAL SCIENCE / Volunteer Work,thema_JKSN1,48370
bisac_SOC036000,SOC036000,SOC,SOCIAL SCIENCE / Death & Dying,thema_JHBZ,48380
bisac_SOC037000,SOC037000,SOC,SOCIAL SCIENCE / Future Studies,thema_JBFZ,48390
bisac_SOC038000,SOC038000,SOC,SOCIAL SCIENCE / Freemasonry & Secret Societies,thema_JBSX,48400
bisac_SOC039000,SOC039000,SOC,SOCIAL SCIENCE / Sociology of Religion,thema_JBSR,48410
bisac_SOC040000,SOC040000,SOC,SOCIAL SCIENCE / Disasters & Disaster Relief,thema_JBFF,48420
bisac_SOC041000,SOC041000,SOC,SOCIAL SCIENCE / Essays,thema_JB,48430
bisac_SOC042000,SOC042000,SOC,SOCIAL SCIENCE / Developing & Emerging Countries,"thema_GTP,thema_KCM",48440
bisac_SOC043000,SOC043000,SOC,SOCIAL SCIENCE / Cultural & Ethnic Studies / Asian American & Pacific Islander Studies,thema_JBSL,48450
bisac_SOC044000,SOC044000,SOC,SOCIAL SCIENCE / Cultural & Ethnic Studies / Hispanic & Latino Studies,thema_JBSL,48460
bisac_SOC045000,SOC045000,SOC,SOCIAL SCIENCE / Poverty & Homelessness,"thema_JBFC,thema_JBFD",48470
bisac_SOC046000,SOC046000,SOC,SOCIAL SCIENCE / Abortion & Birth Control,thema_JBFV1,48480
bisac_SOC047000,SOC047000,SOC,SOCIAL SCIENCE / Children's Studies,thema_JBSP1,48490
bisac_SOC048000,SOC048000,SOC,SOCIAL SCIENCE / Islamic Studies,thema_JBSR,48500
bisac_SOC049000,SOC049000,SOC,SOCIAL SCIENCE / Jewish Studies,thema_JBSR,48510
bisac_SOC050000,SOC050000,SOC,SOCIAL SCIENCE / Social Classes & Economic Disparity,thema_JBSA,48520
bisac_SOC051000,SOC051000,SOC,SOCIAL SCIENCE / Violence in Society,thema_JBFK,48530
bisac_SOC052000,SOC052000,SOC,SOCIAL SCIENCE / Media Studies,thema_JBCT,48540
bisac_SOC053000,SOC053000,SOC,SOCIAL SCIENCE / Regional Studies,thema_GTM,48550
bisac_SOC054000,SOC054000,SOC,SOCIAL SCIENCE / Enslavement,thema_NHTS,48560
bisac_SOC055000,SOC055000,SOC,SOCIAL SCIENCE / Agriculture & Food (see also POLITICAL SCIENCE / Public Policy / Agriculture & Food Policy),thema_JBCC4,48570
bisac_SOC056000,SOC056000,SOC,SOCIAL SCIENCE / Black Studies (Global),thema_JBSL,48580
bisac_SOC057000,SOC057000,SOC,SOCIAL SCIENCE / Disease & Health Issues,thema_JBFN,48590
bisac_SOC058000,SOC058000,SOC,SOCIAL SCIENCE / Conspiracy Theories,thema_JBGX,48600
bisac_SOC059000,SOC059000,SOC,SOCIAL SCIENCE / Prostitution & Sex Trade,thema_JBFW,48610
bisac_SOC060000,SOC060000,SOC,SOCIAL SCIENCE / Sexual Abuse & Harassment,thema_JBFK2,48620
bisac_SOC061000,SOC061000,SOC,SOCIAL SCIENCE / Body Language & Nonverbal Communication,thema_JMHC,48630
bisac_SOC062000,SOC062000,SOC,SOCIAL SCIENCE / Indigenous Studies,thema_JBSL11,48640
bisac_SOC063000,SOC063000,SOC,SOCIAL SCIENCE / Privacy & Surveillance (see also POLITICAL SCIENCE / Privacy & Surveillance),thema_JBFV,48650
bisac_SOC064000,SOC064000,SOC,SOCIAL SCIENCE / LGBTQ+ Studies / General,thema_JBSJ,48660
bisac_SOC064010,SOC064010,SOC,SOCIAL SCIENCE / LGBTQ+ Studies / Bisexual Studies,thema_JBSJ,48670
bisac_SOC064020,SOC064020,SOC,SOCIAL SCIENCE / LGBTQ+ Studies / Transgender Studies,thema_JBSF3,48680
bisac_SOC064030,SOC064030,SOC,SOCIAL SCIENCE / LGBTQ+ Studies / Nonbinary & Genderqueer Studies,thema_JBSF3,48690
bisac_SOC065000,SOC065000,SOC,SOCIAL SCIENCE / Human Sexuality (see also PSYCHOLOGY / Human Sexuality),thema_JBFW,48700
bisac_SOC066000,SOC066000,SOC,SOCIAL SCIENCE / Refugees,thema_JBFG,48710
bisac_SOC067000,SOC067000,SOC,SOCIAL SCIENCE / Capital Punishment,thema_JBFV2,48720
bisac_SOC068000,SOC068000,SOC,SOCIAL SCIENCE / Biracial & Multiracial Studies,thema_JBSL13,48730
bisac_SOC069000,SOC069000,SOC,SOCIAL SCIENCE / Cultural & Ethnic Studies / American Studies,thema_JBSL,48740
bisac_SOC070000,SOC070000,SOC,SOCIAL SCIENCE / Race & Ethnic Relations,thema_JBSL1,48750
bisac_SOC071000,SOC071000,SOC,SOCIAL SCIENCE / Technology Studies,thema_PDR,48760
bisac_SOC072000,SOC072000,SOC,SOCIAL SCIENCE / Activism & Social Justice,"thema_JPW,thema_JBFA",48770
bisac_SOC073000,SOC073000,SOC,SOCIAL SCIENCE / Human Trafficking,thema_JBFJ,48780
bisac_SOC074000,SOC074000,SOC,SOCIAL SCIENCE / Diversity & Multiculturalism,"thema_JBCC7,thema_JBSL1",48790
bisac_SOC075000,SOC075000,SOC,SOCIAL SCIENCE / Indigenous Peoples of Turtle Island Studies,thema_JBSL11,48800
bisac_SOC076000,SOC076000,SOC,SOCIAL SCIENCE / Communication Theory,"thema_GPF,thema_GTC",48810
bisac_SOC077000,SOC077000,SOC,SOCIAL SCIENCE / Intersectionality,thema_JBS,48820
bisac_SOC078000,SOC078000,SOC,SOCIAL SCIENCE / Body Image & Fat Studies *,,48830
bisac_SOC079000,SOC079000,SOC,SOCIAL SCIENCE / Border Studies *,,48840
bisac_SOC080000,SOC080000,SOC,SOCIAL SCIENCE / Critical Race Theory *,,48850
bisac_SOC081000,SOC081000,SOC,SOCIAL SCIENCE / Decolonization *,,48860
bisac_SOC082000,SOC082000,SOC,SOCIAL SCIENCE / Diaspora Studies *,,48870
bisac_SOC083000,SOC083000,SOC,SOCIAL SCIENCE / Neurodiversity *,,48880
bisac_SPO000000,SPO000000,SPO,SPORTS & RECREATION / General,thema_SC,48890
bisac_SPO001000,SPO001000,SPO,SPORTS & RECREATION / Air Sports,thema_SMC,48900
bisac_SPO002000,SPO002000,SPO,SPORTS & RECREATION / Archery,thema_SVR,48910
bisac_SPO003000,SPO003000,SPO,SPORTS & RECREATION / Baseball / General,thema_SFC,48920
bisac_SPO003010,SPO003010,SPO,SPORTS & RECREATION / Coaching / Baseball,"thema_SCG,thema_SFC",48930
bisac_SPO003020,SPO003020,SPO,SPORTS & RECREATION / Baseball / Essays & Writings,thema_SFC,48940
bisac_SPO003030,SPO003030,SPO,SPORTS & RECREATION / Baseball / History,"thema_SFC,thema_SCX",48950
bisac_SPO003040,SPO003040,SPO,SPORTS & RECREATION / Baseball / Statistics,thema_SFC,48960
bisac_SPO004000,SPO004000,SPO,SPORTS & RECREATION / Basketball,thema_SFM,48970
bisac_SPO005000,SPO005000,SPO,SPORTS & RECREATION / Water Sports / Boating,thema_SPN,48980
bisac_SPO006000,SPO006000,SPO,SPORTS & RECREATION / Bodybuilding & Weightlifting,"thema_SXB,thema_SHP",48990
bisac_SPO007000,SPO007000,SPO,SPORTS & RECREATION / Bowling,thema_SFV,49000
bisac_SPO008000,SPO008000,SPO,SPORTS & RECREATION / Boxing,thema_SRB,49010
bisac_SPO009000,SPO009000,SPO,SPORTS & RECREATION / Camping,thema_SZR,49020
bisac_SPO010000,SPO010000,SPO,SPORTS & RECREATION / Water Sports / Canoeing,thema_SPNK,49030
bisac_SPO011000,SPO011000,SPO,SPORTS & RECREATION / Cycling,"thema_SZD,thema_SMQ",49040
bisac_SPO012000,SPO012000,SPO,SPORTS & RECREATION / Essays,thema_SC,49050
bisac_SPO014000,SPO014000,SPO,SPORTS & RECREATION / Fishing,thema_SVF,49060
bisac_SPO015000,SPO015000,SPO,SPORTS & RECREATION / Football,thema_SFBD,49070
bisac_SPO016000,SPO016000,SPO,SPORTS & RECREATION / Golf,thema_SFH,49080
bisac_SPO017000,SPO017000,SPO,SPORTS & RECREATION / Gymnastics,thema_SHG,49090
bisac_SPO018000,SPO018000,SPO,SPORTS & RECREATION / Hiking,thema_SZC,49100
bisac_SPO019000,SPO019000,SPO,SPORTS & RECREATION / History,thema_SCX,49110
bisac_SPO020000,SPO020000,SPO,SPORTS & RECREATION / Winter Sports / Hockey,thema_STK,49120
bisac_SPO021000,SPO021000,SPO,SPORTS & RECREATION / Animal Sports / Horse Racing,thema_SKG,49130
bisac_SPO022000,SPO022000,SPO,SPORTS & RECREATION / Hunting,thema_SVH,49140
bisac_SPO023000,SPO023000,SPO,SPORTS & RECREATION / Winter Sports / Ice & Figure Skating,"thema_STG,thema_STJ",49150
bisac_SPO025000,SPO025000,SPO,SPORTS & RECREATION / Water Sports / Kayaking,thema_SPNK,49160
bisac_SPO026000,SPO026000,SPO,SPORTS & RECREATION / Lacrosse,thema_SFK,49170
bisac_SPO027000,SPO027000,SPO,SPORTS & RECREATION / Martial Arts / General,thema_SRM,49180
bisac_SPO027010,SPO027010,SPO,SPORTS & RECREATION / Martial Arts / Karate,thema_SRML,49190
bisac_SPO028000,SPO028000,SPO,SPORTS & RECREATION / Motor Sports / General,thema_SMF,49200
bisac_SPO028010,SPO028010,SPO,SPORTS & RECREATION / Motor Sports / Automobile Racing,thema_SMFA,49210
bisac_SPO028020,SPO028020,SPO,SPORTS & RECREATION / Motor Sports / Motorcycle Racing,thema_SMFK,49220
bisac_SPO029000,SPO029000,SPO,SPORTS & RECREATION / Mountaineering,thema_SZG,49230
bisac_SPO030000,SPO030000,SPO,SPORTS & RECREATION / Outdoor Skills,"thema_SZ,thema_SZV",49240
bisac_SPO031000,SPO031000,SPO,SPORTS & RECREATION / Racket Sports / General,thema_SFT,49250
bisac_SPO032000,SPO032000,SPO,SPORTS & RECREATION / Racket Sports / Racquetball,thema_SFT,49260
bisac_SPO033000,SPO033000,SPO,SPORTS & RECREATION / Reference,"thema_SC,thema_GBC",49270
bisac_SPO034000,SPO034000,SPO,SPORTS & RECREATION / Roller & In-Line Skating,thema_SMX,49280
bisac_SPO035000,SPO035000,SPO,SPORTS & RECREATION / Running & Jogging,thema_SZE,49290
bisac_SPO036000,SPO036000,SPO,SPORTS & RECREATION / Water Sports / Sailing,thema_SPNG,49300
bisac_SPO037000,SPO037000,SPO,SPORTS & RECREATION / Shooting,thema_SVT,49310
bisac_SPO038000,SPO038000,SPO,SPORTS & RECREATION / Skateboarding,thema_SMX,49320
bisac_SPO039000,SPO039000,SPO,SPORTS & RECREATION / Winter Sports / Skiing,thema_STA,49330
bisac_SPO040000,SPO040000,SPO,SPORTS & RECREATION / Soccer,thema_SFBC,49340
bisac_SPO041000,SPO041000,SPO,SPORTS & RECREATION / Sports Psychology,thema_SCGP,49350
bisac_SPO042000,SPO042000,SPO,SPORTS & RECREATION / Racket Sports / Squash,thema_SFTC,49360
bisac_SPO043000,SPO043000,SPO,SPORTS & RECREATION / Water Sports / Swimming & Diving,thema_SPC,49370
bisac_SPO044000,SPO044000,SPO,SPORTS & RECREATION / Racket Sports / Table Tennis,thema_SFTD,49380
bisac_SPO045000,SPO045000,SPO,SPORTS & RECREATION / Racket Sports / Tennis,thema_SFTA,49390
bisac_SPO046000,SPO046000,SPO,SPORTS & RECREATION / Track & Field,thema_SHB,49400
bisac_SPO047000,SPO047000,SPO,SPORTS & RECREATION / Training,thema_SCG,49410
bisac_SPO048000,SPO048000,SPO,SPORTS & RECREATION / Triathlon,thema_SHBM,49420
bisac_SPO049000,SPO049000,SPO,SPORTS & RECREATION / Volleyball,thema_SFP,49430
bisac_SPO050000,SPO050000,SPO,SPORTS & RECREATION / Walking,thema_SZC,49440
bisac_SPO051000,SPO051000,SPO,SPORTS & RECREATION / Water Sports / General,thema_SP,49450
bisac_SPO052000,SPO052000,SPO,SPORTS & RECREATION / Winter Sports / General,thema_ST,49460
bisac_SPO053000,SPO053000,SPO,SPORTS & RECREATION / Wrestling,thema_SRC,49470
bisac_SPO054000,SPO054000,SPO,SPORTS & RECREATION / Cricket,thema_SFD,49480
bisac_SPO055000,SPO055000,SPO,SPORTS & RECREATION / Animal Sports / Polo,thema_SK,49490
bisac_SPO056000,SPO056000,SPO,SPORTS & RECREATION / Rugby,"thema_SFBT,thema_SFBV",49500
bisac_SPO057000,SPO057000,SPO,SPORTS & RECREATION / Animal Sports / Equestrian,thema_SK,49510
bisac_SPO058000,SPO058000,SPO,SPORTS & RECREATION / Olympics & Paralympics,thema_SCBB,49520
bisac_SPO059000,SPO059000,SPO,SPORTS & RECREATION / Water Sports / Scuba & Snorkeling,thema_SPCA,49530
bisac_SPO060000,SPO060000,SPO,"SPORTS & RECREATION / Pool, Billiards, Snooker",thema_SFX,49540
bisac_SPO061000,SPO061000,SPO,SPORTS & RECREATION / Coaching / General,thema_SCG,49550
bisac_SPO061010,SPO061010,SPO,SPORTS & RECREATION / Coaching / Basketball,"thema_SCG,thema_SFM",49560
bisac_SPO061020,SPO061020,SPO,SPORTS & RECREATION / Coaching / Football,"thema_SCG,thema_SFBD",49570
bisac_SPO061030,SPO061030,SPO,SPORTS & RECREATION / Coaching / Soccer,"thema_SCG,thema_SFBC",49580
bisac_SPO062000,SPO062000,SPO,SPORTS & RECREATION / Animal Sports / Dog Racing,thema_SKR,49590
bisac_SPO063000,SPO063000,SPO,SPORTS & RECREATION / Equipment & Supplies,thema_SC,49600
bisac_SPO064000,SPO064000,SPO,SPORTS & RECREATION / Extreme Sports,thema_SXQ,49610
bisac_SPO065000,SPO065000,SPO,SPORTS & RECREATION / Animal Sports / Rodeos,thema_SK,49620
bisac_SPO066000,SPO066000,SPO,SPORTS & RECREATION / Cultural & Social Aspects,thema_JHBS,49630
bisac_SPO067000,SPO067000,SPO,SPORTS & RECREATION / Softball,thema_SFC,49640
bisac_SPO068000,SPO068000,SPO,SPORTS & RECREATION / Business Aspects,thema_SCBM,49650
bisac_SPO069000,SPO069000,SPO,SPORTS & RECREATION / Water Sports / Surfing,thema_SPG,49660
bisac_SPO070000,SPO070000,SPO,SPORTS & RECREATION / Cheerleading,thema_SHG,49670
bisac_SPO071000,SPO071000,SPO,SPORTS & RECREATION / Fencing,thema_SRF,49680
bisac_SPO072000,SPO072000,SPO,SPORTS & RECREATION / Winter Sports / Snowboarding,thema_STC,49690
bisac_SPO073000,SPO073000,SPO,SPORTS & RECREATION / Field Hockey,thema_SFJ,49700
bisac_SPO074000,SPO074000,SPO,SPORTS & RECREATION / Caving,thema_SZN,49710
bisac_SPO075000,SPO075000,SPO,SPORTS & RECREATION / Health & Safety,thema_SC,49720
bisac_SPO076000,SPO076000,SPO,SPORTS & RECREATION / Disability Sports,thema_SCL,49730
bisac_SPO077000,SPO077000,SPO,SPORTS & RECREATION / Children's & Youth Sports,thema_SC,49740
bisac_SPO078000,SPO078000,SPO,SPORTS & RECREATION / Animal Sports / General,thema_SK,49750
bisac_SPO079000,SPO079000,SPO,SPORTS & RECREATION / Rock Climbing,thema_SZG,49760
bisac_SPO080000,SPO080000,SPO,SPORTS & RECREATION / Water Sports / Rowing,thema_SPNL,49770
bisac_SPO081000,SPO081000,SPO,SPORTS & RECREATION / Winter Sports / Curling,thema_STP,49780
bisac_SPO082000,SPO082000,SPO,SPORTS & RECREATION / College Recruiting,"thema_SC,thema_JNM",49790
bisac_SPO083000,SPO083000,SPO,SPORTS & RECREATION / College Sports,"thema_SCB,thema_JNM",49800
bisac_SPO084000,SPO084000,SPO,SPORTS & RECREATION / Racket Sports / Pickleball,thema_SFT,49810
bisac_SPO085000,SPO085000,SPO,SPORTS & RECREATION / Women in Sports,"thema_SC,thema_JBSF1",49820
bisac_SPO086000,SPO086000,SPO,SPORTS & RECREATION / Flying Discs,thema_SX,49830
bisac_STU000000,STU000000,STU,STUDY AIDS / General,thema_JNZ,49840
bisac_STU001000,STU001000,STU,STUDY AIDS / ACT,thema_YPZ,49850
bisac_STU002000,STU002000,STU,STUDY AIDS / Advanced Placement,thema_YPZ,49860
bisac_STU003000,STU003000,STU,STUDY AIDS / Armed Forces (incl. ASVAB),"thema_YPZ,thema_YPWN",49870
bisac_STU004000,STU004000,STU,STUDY AIDS / Book Notes (see also JUVENILE NONFICTION / Study Aids / Book Notes or YOUNG ADULT NONFICTION / Study Aids / Book Notes),thema_DSRC,49880
bisac_STU006000,STU006000,STU,STUDY AIDS / Citizenship,"thema_JNDH,thema_VSD",49890
bisac_STU007000,STU007000,STU,STUDY AIDS / Civil Service,"thema_JNDH,thema_KNV",49900
bisac_STU008000,STU008000,STU,STUDY AIDS / CLEP (College-Level Examination Program),thema_YPZ,49910
bisac_STU009000,STU009000,STU,STUDY AIDS / College Entrance,"thema_JNM,thema_VSK",49920
bisac_STU010000,STU010000,STU,STUDY AIDS / College Guides,"thema_JNM,thema_VSK",49930
bisac_STU011000,STU011000,STU,STUDY AIDS / CPA (Certified Public Accountant),thema_KFCX,49940
bisac_STU012000,STU012000,STU,STUDY AIDS / High School Equivalency (incl. GED & TASC),thema_YPZ,49950
bisac_STU013000,STU013000,STU,STUDY AIDS / GMAT (Graduate Management Admission Test),thema_KJBX,49960
bisac_STU015000,STU015000,STU,STUDY AIDS / Graduate School Guides,"thema_JNM,thema_VSK",49970
bisac_STU016000,STU016000,STU,STUDY AIDS / GRE (Graduate Record Examination),"thema_JNDH,thema_JNM",49980
bisac_STU017000,STU017000,STU,STUDY AIDS / LSAT (Law School Admission Test),thema_LX,49990
bisac_STU018000,STU018000,STU,STU018000,"thema_JNDH,thema_JNM",50000
bisac_STU019000,STU019000,STU,STUDY AIDS / Teacher Certification (incl. Praxis),"thema_JNDH,thema_JNKH",50010
bisac_STU021000,STU021000,STU,STUDY AIDS / Professional,thema_JNZ,50020
bisac_STU022000,STU022000,STU,STUDY AIDS / Regents,"thema_YPZ,thema_JNLC",50030
bisac_STU024000,STU024000,STU,STUDY AIDS / SAT,thema_YPZ,50040
bisac_STU025000,STU025000,STU,STUDY AIDS / High School Entrance,thema_YPZ,50050
bisac_STU026000,STU026000,STU,STUDY AIDS / Study Guides,thema_YPZ,50060
bisac_STU027000,STU027000,STU,STUDY AIDS / Tests (Other),thema_YPZ,50070
bisac_STU028000,STU028000,STU,STUDY AIDS / English Proficiency (incl. TOEFL & IELTS),thema_YPZ,50080
bisac_STU029000,STU029000,STU,STUDY AIDS / Vocational,"thema_JNDH,thema_JNRV",50090
bisac_STU031000,STU031000,STU,STUDY AIDS / Financial Aid,"thema_JNKG,thema_VSK",50100
bisac_STU032000,STU032000,STU,STUDY AIDS / MCAT (Medical College Admission Test),thema_MRG,50110
bisac_STU033000,STU033000,STU,STUDY AIDS / PSAT & NMSQT (National Merit Scholarship Qualifying Test),thema_YPZ,50120
bisac_STU034000,STU034000,STU,STUDY AIDS / Bar Exam,thema_LX,50130
bisac_STU035000,STU035000,STU,STUDY AIDS / NCLEX,"thema_MQC,thema_MRG",50140
bisac_STU036000,STU036000,STU,STUDY AIDS / Study & Test-Taking Skills,"thema_JNZ,thema_YPWL2",50150
bisac_STU037000,STU037000,STU,STUDY AIDS / USMLE (United States Medical Licensure Examination),thema_MRG,50160
bisac_TEC000000,TEC000000,TEC,TECHNOLOGY & ENGINEERING / General,thema_TB,50170
bisac_TEC001000,TEC001000,TEC,TECHNOLOGY & ENGINEERING / Acoustics & Sound,thema_TTA,50180
bisac_TEC002000,TEC002000,TEC,TECHNOLOGY & ENGINEERING / Aeronautics & Astronautics,"thema_TRP,thema_TTDS",50190
bisac_TEC003000,TEC003000,TEC,TECHNOLOGY & ENGINEERING / Agriculture / General,thema_TV,50200
bisac_TEC003010,TEC003010,TEC,TECHNOLOGY & ENGINEERING / Agriculture / Tropical Agriculture,thema_TVQ,50210
bisac_TEC003020,TEC003020,TEC,TECHNOLOGY & ENGINEERING / Agriculture / Animal Husbandry,thema_TVH,50220
bisac_TEC003030,TEC003030,TEC,TECHNOLOGY & ENGINEERING / Agriculture / Agronomy / Crop Science,thema_TVK,50230
bisac_TEC003040,TEC003040,TEC,TECHNOLOGY & ENGINEERING / Agriculture / Forestry,thema_TVR,50240
bisac_TEC003050,TEC003050,TEC,TECHNOLOGY & ENGINEERING / Agriculture / Irrigation,thema_TVDR,50250
bisac_TEC003060,TEC003060,TEC,TECHNOLOGY & ENGINEERING / Agriculture / Agronomy / Soil Science,thema_TVBP,50260
bisac_TEC003070,TEC003070,TEC,TECHNOLOGY & ENGINEERING / Agriculture / Sustainable Agriculture,thema_TVF,50270
bisac_TEC003080,TEC003080,TEC,TECHNOLOGY & ENGINEERING / Agriculture / Agronomy / General,thema_TVK,50280
bisac_TEC003090,TEC003090,TEC,TECHNOLOGY & ENGINEERING / Agriculture / Organic,thema_TVG,50290
bisac_TEC003100,TEC003100,TEC,TECHNOLOGY & ENGINEERING / Agriculture / Beekeeping,thema_TVHH,50300
bisac_TEC003110,TEC003110,TEC,TECHNOLOGY & ENGINEERING / Agriculture / Enology & Viticulture,thema_TVSW,50310
bisac_TEC003120,TEC003120,TEC,TECHNOLOGY & ENGINEERING / Agriculture / Urban Farming,thema_TVU,50320
bisac_TEC004000,TEC004000,TEC,TECHNOLOGY & ENGINEERING / Automation,thema_TJFM,50330
bisac_TEC005000,TEC005000,TEC,TECHNOLOGY & ENGINEERING / Construction / General,"thema_TNK,thema_TNT",50340
bisac_TEC005010,TEC005010,TEC,TECHNOLOGY & ENGINEERING / Construction / Carpentry,thema_TNTC,50350
bisac_TEC005020,TEC005020,TEC,TECHNOLOGY & ENGINEERING / Construction / Contracting,"thema_TNKP,thema_TNT",50360
bisac_TEC005030,TEC005030,TEC,TECHNOLOGY & ENGINEERING / Construction / Electrical,thema_THRX,50370
bisac_TEC005040,TEC005040,TEC,TECHNOLOGY & ENGINEERING / Construction / Estimating,"thema_TNKP,thema_TNT",50380
bisac_TEC005050,TEC005050,TEC,"TECHNOLOGY & ENGINEERING / Construction / Heating, Ventilation & Air Conditioning",thema_TNKH,50390
bisac_TEC005060,TEC005060,TEC,TECHNOLOGY & ENGINEERING / Construction / Masonry,thema_TNTB,50400
bisac_TEC005070,TEC005070,TEC,TECHNOLOGY & ENGINEERING / Construction / Plumbing,thema_TNTP,50410
bisac_TEC005080,TEC005080,TEC,TECHNOLOGY & ENGINEERING / Construction / Roofing,thema_TNTR,50420
bisac_TEC006000,TEC006000,TEC,TECHNOLOGY & ENGINEERING / Drafting & Mechanical Drawing,thema_TBG,50430
bisac_TEC007000,TEC007000,TEC,TECHNOLOGY & ENGINEERING / Electrical,thema_THR,50440
bisac_TEC008000,TEC008000,TEC,TECHNOLOGY & ENGINEERING / Electronics / General,thema_TJF,50450
bisac_TEC008010,TEC008010,TEC,TECHNOLOGY & ENGINEERING / Electronics / Circuits / General,thema_TJFC,50460
bisac_TEC008020,TEC008020,TEC,TECHNOLOGY & ENGINEERING / Electronics / Circuits / Integrated,thema_TJFC,50470
bisac_TEC008030,TEC008030,TEC,TECHNOLOGY & ENGINEERING / Electronics / Circuits / Logic,thema_TJFC,50480
bisac_TEC008050,TEC008050,TEC,TECHNOLOGY & ENGINEERING / Electronics / Circuits / VLSI & ULSI,thema_TJFC,50490
bisac_TEC008060,TEC008060,TEC,TECHNOLOGY & ENGINEERING / Electronics / Digital,thema_TJFC,50500
bisac_TEC008070,TEC008070,TEC,TECHNOLOGY & ENGINEERING / Electronics / Microelectronics,thema_TJFD,50510
bisac_TEC008080,TEC008080,TEC,TECHNOLOGY & ENGINEERING / Electronics / Optoelectronics,thema_TGMM,50520
bisac_TEC008090,TEC008090,TEC,TECHNOLOGY & ENGINEERING / Electronics / Semiconductors,thema_TJFD,50530
bisac_TEC008100,TEC008100,TEC,TECHNOLOGY & ENGINEERING / Electronics / Solid State,thema_TJF,50540
bisac_TEC008110,TEC008110,TEC,TECHNOLOGY & ENGINEERING / Electronics / Transistors,thema_TJFD,50550
bisac_TEC009000,TEC009000,TEC,TECHNOLOGY & ENGINEERING / Engineering (General),thema_TBC,50560
bisac_TEC009010,TEC009010,TEC,TECHNOLOGY & ENGINEERING / Chemical & Biochemical,thema_TDC,50570
bisac_TEC009020,TEC009020,TEC,TECHNOLOGY & ENGINEERING / Civil / General,thema_TN,50580
bisac_TEC009060,TEC009060,TEC,TECHNOLOGY & ENGINEERING / Industrial Engineering,thema_TGP,50590
bisac_TEC009070,TEC009070,TEC,TECHNOLOGY & ENGINEERING / Mechanical,thema_TGB,50600
bisac_TEC009090,TEC009090,TEC,TECHNOLOGY & ENGINEERING / Automotive,thema_TRC,50610
bisac_TEC009100,TEC009100,TEC,TECHNOLOGY & ENGINEERING / Civil / Bridges,thema_TNCJ,50620
bisac_TEC009110,TEC009110,TEC,TECHNOLOGY & ENGINEERING / Civil / Dams & Reservoirs,thema_TNF,50630
bisac_TEC009120,TEC009120,TEC,TECHNOLOGY & ENGINEERING / Civil / Earthquake,thema_TNCE,50640
bisac_TEC009130,TEC009130,TEC,TECHNOLOGY & ENGINEERING / Civil / Flood Control,thema_TNFL,50650
bisac_TEC009140,TEC009140,TEC,TECHNOLOGY & ENGINEERING / Civil / Highway & Traffic,thema_TNH,50660
bisac_TEC009150,TEC009150,TEC,TECHNOLOGY & ENGINEERING / Civil / Soil & Rock,thema_TNCC,50670
bisac_TEC009160,TEC009160,TEC,TECHNOLOGY & ENGINEERING / Civil / Transportation,thema_TR,50680
bisac_TEC010000,TEC010000,TEC,TECHNOLOGY & ENGINEERING / Environmental / General,thema_TQ,50690
bisac_TEC010010,TEC010010,TEC,TECHNOLOGY & ENGINEERING / Environmental / Pollution Control,thema_TQK,50700
bisac_TEC010020,TEC010020,TEC,TECHNOLOGY & ENGINEERING / Environmental / Waste Management,"thema_TQSR,thema_RNH",50710
bisac_TEC010030,TEC010030,TEC,TECHNOLOGY & ENGINEERING / Environmental / Water Supply,thema_TQSW,50720
bisac_TEC011000,TEC011000,TEC,TECHNOLOGY & ENGINEERING / Fiber Optics,thema_TTBF,50730
bisac_TEC012000,TEC012000,TEC,TECHNOLOGY & ENGINEERING / Food Science / General,thema_TDCT,50740
bisac_TEC012010,TEC012010,TEC,TECHNOLOGY & ENGINEERING / Food Science / Chemistry & Biotechnology,thema_PND,50750
bisac_TEC012020,TEC012020,TEC,TECHNOLOGY & ENGINEERING / Food Science / Food Packaging & Processing,thema_TDCT2,50760
bisac_TEC012030,TEC012030,TEC,TECHNOLOGY & ENGINEERING / Food Science / Food Safety & Security,thema_TDCT1,50770
bisac_TEC012040,TEC012040,TEC,TECHNOLOGY & ENGINEERING / Food Science / Food Types,thema_TDCT,50780
bisac_TEC013000,TEC013000,TEC,TECHNOLOGY & ENGINEERING / Fracture Mechanics,thema_TGMD,50790
bisac_TEC014000,TEC014000,TEC,TECHNOLOGY & ENGINEERING / Hydraulics,thema_TGMF2,50800
bisac_TEC015000,TEC015000,TEC,TECHNOLOGY & ENGINEERING / Imaging Systems,thema_TTBM,50810
bisac_TEC016000,TEC016000,TEC,TECHNOLOGY & ENGINEERING / Industrial Design / General,"thema_TBD,thema_AK",50820
bisac_TEC016010,TEC016010,TEC,TECHNOLOGY & ENGINEERING / Industrial Design / Packaging,"thema_TBD,thema_AK",50830
bisac_TEC016020,TEC016020,TEC,TECHNOLOGY & ENGINEERING / Industrial Design / Product,"thema_TBD,thema_AKP",50840
bisac_TEC017000,TEC017000,TEC,TECHNOLOGY & ENGINEERING / Industrial Health & Safety,thema_KNXC,50850
bisac_TEC018000,TEC018000,TEC,TECHNOLOGY & ENGINEERING / Industrial Technology,thema_TD,50860
bisac_TEC019000,TEC019000,TEC,TECHNOLOGY & ENGINEERING / Lasers & Photonics,thema_TTBL,50870
bisac_TEC020000,TEC020000,TEC,TECHNOLOGY & ENGINEERING / Manufacturing,thema_TD,50880
bisac_TEC021000,TEC021000,TEC,TECHNOLOGY & ENGINEERING / Materials Science / General,thema_TGM,50890
bisac_TEC021010,TEC021010,TEC,TECHNOLOGY & ENGINEERING / Materials Science / Ceramics,thema_TDCQ,50900
bisac_TEC021020,TEC021020,TEC,TECHNOLOGY & ENGINEERING / Materials Science / Electronic Materials,thema_TGMM,50910
bisac_TEC021030,TEC021030,TEC,TECHNOLOGY & ENGINEERING / Materials Science / Metals & Alloys,thema_TGM,50920
bisac_TEC021040,TEC021040,TEC,"TECHNOLOGY & ENGINEERING / Materials Science / Thin Films, Surfaces & Interfaces",thema_TGMS,50930
bisac_TEC022000,TEC022000,TEC,TECHNOLOGY & ENGINEERING / Measurement,thema_TBM,50940
bisac_TEC023000,TEC023000,TEC,TECHNOLOGY & ENGINEERING / Metallurgy,thema_TDPM,50950
bisac_TEC024000,TEC024000,TEC,TECHNOLOGY & ENGINEERING / Microwaves,thema_TJFN,50960
bisac_TEC025000,TEC025000,TEC,TECHNOLOGY & ENGINEERING / Military Science,thema_TTM,50970
bisac_TEC026000,TEC026000,TEC,TECHNOLOGY & ENGINEERING / Mining,thema_TTU,50980
bisac_TEC027000,TEC027000,TEC,TECHNOLOGY & ENGINEERING / Nanotechnology & MEMS,thema_TBN,50990
bisac_TEC028000,TEC028000,TEC,TECHNOLOGY & ENGINEERING / Power Resources / Nuclear,thema_THK,51000
bisac_TEC029000,TEC029000,TEC,TECHNOLOGY & ENGINEERING / Operations Research,"thema_TBC,thema_KJM",51010
bisac_TEC030000,TEC030000,TEC,TECHNOLOGY & ENGINEERING / Optics,thema_TTB,51020
bisac_TEC031000,TEC031000,TEC,TECHNOLOGY & ENGINEERING / Power Resources / General,thema_TH,51030
bisac_TEC031010,TEC031010,TEC,TECHNOLOGY & ENGINEERING / Power Resources / Alternative & Renewable,thema_THV,51040
bisac_TEC031020,TEC031020,TEC,TECHNOLOGY & ENGINEERING / Power Resources / Electrical,thema_THY,51050
bisac_TEC031030,TEC031030,TEC,TECHNOLOGY & ENGINEERING / Power Resources / Fossil Fuels,thema_THF,51060
bisac_TEC032000,TEC032000,TEC,TECHNOLOGY & ENGINEERING / Quality Control,thema_TGPQ,51070
bisac_TEC033000,TEC033000,TEC,TECHNOLOGY & ENGINEERING / Radar,thema_TJKD,51080
bisac_TEC034000,TEC034000,TEC,TECHNOLOGY & ENGINEERING / Radio,thema_TJKR,51090
bisac_TEC035000,TEC035000,TEC,TECHNOLOGY & ENGINEERING / Reference,"thema_TB,thema_GBC",51100
bisac_TEC036000,TEC036000,TEC,TECHNOLOGY & ENGINEERING / Remote Sensing & Geographic Information Systems,thema_RGW,51110
bisac_TEC037000,TEC037000,TEC,TECHNOLOGY & ENGINEERING / Robotics,thema_TJFM1,51120
bisac_TEC039000,TEC039000,TEC,TECHNOLOGY & ENGINEERING / Superconductors & Superconductivity,thema_TJFD,51130
bisac_TEC040000,TEC040000,TEC,TECHNOLOGY & ENGINEERING / Technical & Manufacturing Industries & Trades,thema_KND,51140
bisac_TEC041000,TEC041000,TEC,TECHNOLOGY & ENGINEERING / Telecommunications,thema_TJK,51150
bisac_TEC043000,TEC043000,TEC,TECHNOLOGY & ENGINEERING / Television & Video,thema_TJKV,51160
bisac_TEC044000,TEC044000,TEC,TECHNOLOGY & ENGINEERING / Technical Writing,"thema_TB,thema_CBW",51170
bisac_TEC045000,TEC045000,TEC,TECHNOLOGY & ENGINEERING / Fire Science,thema_TNKF,51180
bisac_TEC046000,TEC046000,TEC,TECHNOLOGY & ENGINEERING / Machinery,thema_TGB,51190
bisac_TEC047000,TEC047000,TEC,TECHNOLOGY & ENGINEERING / Petroleum,"thema_THFP,thema_KNB",51200
bisac_TEC048000,TEC048000,TEC,TECHNOLOGY & ENGINEERING / Cartography,thema_RGV,51210
bisac_TEC049000,TEC049000,TEC,TECHNOLOGY & ENGINEERING / Fisheries & Aquaculture,thema_TVT,51220
bisac_TEC050000,TEC050000,TEC,TECHNOLOGY & ENGINEERING / Holography,thema_TTBL,51230
bisac_TEC052000,TEC052000,TEC,TECHNOLOGY & ENGINEERING / Social Aspects,thema_PDR,51240
bisac_TEC054000,TEC054000,TEC,TECHNOLOGY & ENGINEERING / Surveying,thema_TNCB,51250
bisac_TEC055000,TEC055000,TEC,TECHNOLOGY & ENGINEERING / Textiles & Polymers,"thema_TGMP,thema_TDPF",51260
bisac_TEC056000,TEC056000,TEC,TECHNOLOGY & ENGINEERING / History,thema_TBX,51270
bisac_TEC057000,TEC057000,TEC,TECHNOLOGY & ENGINEERING / Inventions,thema_TBY,51280
bisac_TEC058000,TEC058000,TEC,TECHNOLOGY & ENGINEERING / Pest Control,thema_TVP,51290
bisac_TEC059000,TEC059000,TEC,TECHNOLOGY & ENGINEERING / Biomedical,"thema_TCB,thema_MQW",51300
bisac_TEC060000,TEC060000,TEC,TECHNOLOGY & ENGINEERING / Marine & Naval,thema_TTS,51310
bisac_TEC061000,TEC061000,TEC,TECHNOLOGY & ENGINEERING / Mobile & Wireless Communications,"thema_TJKT1,thema_TJKW",51320
bisac_TEC062000,TEC062000,TEC,TECHNOLOGY & ENGINEERING / Project Management,"thema_TB,thema_KJMP",51330
bisac_TEC063000,TEC063000,TEC,TECHNOLOGY & ENGINEERING / Structural,thema_TNC,51340
bisac_TEC064000,TEC064000,TEC,TECHNOLOGY & ENGINEERING / Sensors,thema_TJS,51350
bisac_TEC065000,TEC065000,TEC,TECHNOLOGY & ENGINEERING / Emergency Management,thema_JKSW,51360
bisac_TEC066000,TEC066000,TEC,TECHNOLOGY & ENGINEERING / Research,thema_PDG,51370
bisac_TEC067000,TEC067000,TEC,TECHNOLOGY & ENGINEERING / Signals & Signal Processing,"thema_TJKH,thema_UYS",51380
bisac_TEC068000,TEC068000,TEC,TECHNOLOGY & ENGINEERING / Tribology,thema_TGBF,51390
bisac_TEC069000,TEC069000,TEC,TECHNOLOGY & ENGINEERING / Welding,thema_TGX,51400
bisac_TEC070000,TEC070000,TEC,TECHNOLOGY & ENGINEERING / 3D Printing,thema_TDPT,51410
bisac_TEC071000,TEC071000,TEC,TECHNOLOGY & ENGINEERING / Data Transmission Systems / General,thema_TJK,51420
bisac_TEC071010,TEC071010,TEC,TECHNOLOGY & ENGINEERING / Data Transmission Systems / Broadband,thema_TJK,51430
bisac_TEC072000,TEC072000,TEC,TECHNOLOGY & ENGINEERING / Pharmaceutical,thema_TDCW,51440
bisac_TEC073000,TEC073000,TEC,TECHNOLOGY & ENGINEERING / Systems Engineering,thema_TBC,51450
bisac_TEC074000,TEC074000,TEC,TECHNOLOGY & ENGINEERING / Explosives & Pyrotechnics,thema_TTP,51460
bisac_TEC075000,TEC075000,TEC,TECHNOLOGY & ENGINEERING / Indigenous Knowledge & Perspectives,"thema_TB,thema_JBSL11",51470
bisac_TEC076000,TEC076000,TEC,TECHNOLOGY & ENGINEERING / Control Theory *,,51480
bisac_TRA000000,TRA000000,TRA,TRANSPORTATION / General,thema_WG,51490
bisac_TRA001000,TRA001000,TRA,TRANSPORTATION / Automotive / General,thema_WGC,51500
bisac_TRA001010,TRA001010,TRA,TRANSPORTATION / Automotive / Antique & Classic,"thema_WGCB,thema_WC",51510
bisac_TRA001020,TRA001020,TRA,TRANSPORTATION / Automotive / Buyer's Guides,"thema_WGC,thema_VSG",51520
bisac_TRA001030,TRA001030,TRA,TRANSPORTATION / Automotive / Customizing,thema_WGCV,51530
bisac_TRA001050,TRA001050,TRA,TRANSPORTATION / Automotive / History,"thema_WGC,thema_NHT",51540
bisac_TRA001060,TRA001060,TRA,TRANSPORTATION / Automotive / Pictorial,"thema_WGC,thema_AJ",51550
bisac_TRA001080,TRA001080,TRA,TRANSPORTATION / Automotive / Driver Education,thema_VSF,51560
bisac_TRA001140,TRA001140,TRA,TRANSPORTATION / Automotive / Repair & Maintenance,"thema_WGCV,thema_TRCS",51570
bisac_TRA001150,TRA001150,TRA,TRANSPORTATION / Automotive / Trucks,"thema_WGC,thema_TRCT",51580
bisac_TRA002000,TRA002000,TRA,TRANSPORTATION / Aviation / General,thema_WGM,51590
bisac_TRA002010,TRA002010,TRA,TRANSPORTATION / Aviation / History,"thema_WGM,thema_NHT",51600
bisac_TRA002030,TRA002030,TRA,TRANSPORTATION / Aviation / Repair & Maintenance,"thema_WGM,thema_WGCV",51610
bisac_TRA002040,TRA002040,TRA,TRANSPORTATION / Aviation / Commercial,thema_WGM,51620
bisac_TRA002050,TRA002050,TRA,TRANSPORTATION / Aviation / Piloting & Flight Instruction,thema_TRPS,51630
bisac_TRA003000,TRA003000,TRA,TRANSPORTATION / Motorcycles / General,thema_WGCK,51640
bisac_TRA003010,TRA003010,TRA,TRANSPORTATION / Motorcycles / History,"thema_WGCK,thema_NHT",51650
bisac_TRA003020,TRA003020,TRA,TRANSPORTATION / Motorcycles / Pictorial,"thema_WGCK,thema_AJ",51660
bisac_TRA003030,TRA003030,TRA,TRANSPORTATION / Motorcycles / Repair & Maintenance,"thema_WGCK,thema_WGCV",51670
bisac_TRA004000,TRA004000,TRA,TRANSPORTATION / Railroads / General,thema_WGF,51680
bisac_TRA004010,TRA004010,TRA,TRANSPORTATION / Railroads / History,"thema_WGF,thema_NHT",51690
bisac_TRA004020,TRA004020,TRA,TRANSPORTATION / Railroads / Pictorial,"thema_WGF,thema_AJ",51700
bisac_TRA006000,TRA006000,TRA,TRANSPORTATION / Ships & Boats / General,"thema_WGG,thema_TRL",51710
bisac_TRA006010,TRA006010,TRA,TRANSPORTATION / Ships & Boats / History,"thema_WGG,thema_NHT",51720
bisac_TRA006020,TRA006020,TRA,TRANSPORTATION / Ships & Boats / Pictorial,"thema_WGG,thema_AJ",51730
bisac_TRA006030,TRA006030,TRA,TRANSPORTATION / Ships & Boats / Repair & Maintenance,thema_WGGV,51740
bisac_TRA006040,TRA006040,TRA,TRANSPORTATION / Ships & Boats / Submarines,thema_WGG,51750
bisac_TRA008000,TRA008000,TRA,TRANSPORTATION / Navigation,thema_TRLN,51760
bisac_TRA009000,TRA009000,TRA,TRANSPORTATION / Public Transportation,"thema_WGCF,thema_WGFL",51770
bisac_TRA010000,TRA010000,TRA,TRANSPORTATION / Bicycles,thema_WGD,51780
bisac_TRU000000,TRU000000,TRU,TRUE CRIME / General,thema_DNXC,51790
bisac_TRU001000,TRU001000,TRU,TRUE CRIME / Espionage,"thema_DNXC,thema_JPSH",51800
bisac_TRU002000,TRU002000,TRU,TRUE CRIME / Murder / General,thema_DNXC3,51810
bisac_TRU002010,TRU002010,TRU,TRUE CRIME / Murder / Serial Killers,thema_DNXC3,51820
bisac_TRU002020,TRU002020,TRU,TRUE CRIME / Murder / Mass Murder,thema_DNXC3,51830
bisac_TRU003000,TRU003000,TRU,TRUE CRIME / Organized Crime,"thema_DNXC,thema_JKVM",51840
bisac_TRU004000,TRU004000,TRU,"TRUE CRIME / Con Artists, Hoaxes & Deceptions",thema_DNXC,51850
bisac_TRU005000,TRU005000,TRU,TRUE CRIME / White Collar Crime,"thema_DNXC,thema_JKVK",51860
bisac_TRU006000,TRU006000,TRU,"TRUE CRIME / Abductions, Kidnappings & Missing Persons","thema_DNXC,thema_JKVN1",51870
bisac_TRU007000,TRU007000,TRU,TRUE CRIME / Forensics,"thema_DNXC,thema_JKVF1",51880
bisac_TRU008000,TRU008000,TRU,TRUE CRIME / Heists & Robberies,thema_DNXC,51890
bisac_TRU009000,TRU009000,TRU,TRUE CRIME / Sexual Assault,"thema_DNXC,thema_JBFK2",51900
bisac_TRU010000,TRU010000,TRU,TRUE CRIME / Historical,thema_DNXC,51910
bisac_TRU011000,TRU011000,TRU,TRUE CRIME / Cybercrime,"thema_DNXC,thema_LNQE",51920
bisac_TRU012000,TRU012000,TRU,TRUE CRIME / Domestic Violence & Abuse,"thema_DNXC,thema_JBFK3",51930
bisac_TRU013000,TRU013000,TRU,TRUE CRIME / Drug Trafficking,"thema_DNXC,thema_JKVG",51940
bisac_TRU014000,TRU014000,TRU,TRUE CRIME / Human Trafficking & Enslavement,"thema_DNXC,thema_JBFJ",51950
bisac_TRU015000,TRU015000,TRU,TRUE CRIME / Wrongful Conviction & Miscarriage of Justice,"thema_DNXC,thema_JKVP",51960
bisac_TRU016000,TRU016000,TRU,TRUE CRIME / Cold Cases *,,51970
bisac_TRV000000,TRV000000,TRV,TRAVEL / General,thema_WT,51980
bisac_TRV001000,TRV001000,TRV,TRAVEL / Special Interest / Adventure,thema_WTHA,51990
bisac_TRV002000,TRV002000,TRV,TRAVEL / Africa / General,thema_WT,52000
bisac_TRV002010,TRV002010,TRV,TRAVEL / Africa / Central,thema_WT,52010
bisac_TRV002020,TRV002020,TRV,TRAVEL / Africa / East / General,thema_WT,52020
bisac_TRV002030,TRV002030,TRV,TRAVEL / Africa / East / Kenya,thema_WT,52030
bisac_TRV002040,TRV002040,TRV,TRAVEL / Africa / North / Morocco,thema_WT,52040
bisac_TRV002050,TRV002050,TRV,TRAVEL / Africa / North / General,thema_WT,52050
bisac_TRV002060,TRV002060,TRV,TRAVEL / Africa / South / Republic of South Africa,thema_WT,52060
bisac_TRV002070,TRV002070,TRV,TRAVEL / Africa / South / General,thema_WT,52070
bisac_TRV002080,TRV002080,TRV,TRAVEL / Africa / West,thema_WT,52080
bisac_TRV003000,TRV003000,TRV,TRAVEL / Asia / General,thema_WT,52090
bisac_TRV003010,TRV003010,TRV,TRAVEL / Asia / Central,thema_WT,52100
bisac_TRV003020,TRV003020,TRV,TRAVEL / Asia / East / China,thema_WT,52110
bisac_TRV003030,TRV003030,TRV,TRAVEL / Asia / East / General,thema_WT,52120
bisac_TRV003040,TRV003040,TRV,TRAVEL / Asia / India & South Asia,thema_WT,52130
bisac_TRV003050,TRV003050,TRV,TRAVEL / Asia / East / Japan,thema_WT,52140
bisac_TRV003060,TRV003060,TRV,TRAVEL / Asia / Southeast,thema_WT,52150
bisac_TRV003070,TRV003070,TRV,TRAVEL / Asia / Southwest,thema_WT,52160
bisac_TRV003080,TRV003080,TRV,TRAVEL / Asia / East / Korea,thema_WT,52170
bisac_TRV003090,TRV003090,TRV,TRAVEL / Asia / East / Mongolia,thema_WT,52180
bisac_TRV003100,TRV003100,TRV,TRAVEL / Asia / East / Taiwan,thema_WT,52190
bisac_TRV004000,TRV004000,TRV,TRAVEL / Australia & Oceania,thema_WT,52200
bisac_TRV005000,TRV005000,TRV,"TRAVEL / Food, Lodging & Transportation / Bed & Breakfast",thema_WTHH,52210
bisac_TRV006000,TRV006000,TRV,TRAVEL / Canada / General,thema_WT,52220
bisac_TRV006010,TRV006010,TRV,"TRAVEL / Canada / Atlantic Provinces (NB, NL, NS, PE)",thema_WT,52230
bisac_TRV006020,TRV006020,TRV,TRAVEL / Canada / Ontario (ON),thema_WT,52240
bisac_TRV006030,TRV006030,TRV,"TRAVEL / Canada / Prairie Provinces (MB, SK)",thema_WT,52250
bisac_TRV006040,TRV006040,TRV,"TRAVEL / Canada / Northern Territories (NT, NU, YT)",thema_WT,52260
bisac_TRV006050,TRV006050,TRV,"TRAVEL / Canada / Western Provinces (AB, BC)",thema_WT,52270
bisac_TRV006060,TRV006060,TRV,TRAVEL / Canada / Quebec (QC),thema_WT,52280
bisac_TRV007000,TRV007000,TRV,TRAVEL / Caribbean & West Indies,thema_WT,52290
bisac_TRV008000,TRV008000,TRV,TRAVEL / Central America,thema_WT,52300
bisac_TRV009000,TRV009000,TRV,TRAVEL / Europe / General,thema_WT,52310
bisac_TRV009010,TRV009010,TRV,TRAVEL / Europe / Austria,thema_WT,52320
bisac_TRV009020,TRV009020,TRV,"TRAVEL / Europe / Benelux Countries (Belgium, Netherlands, Luxembourg)",thema_WT,52330
bisac_TRV009030,TRV009030,TRV,TRAVEL / Europe / Nordic & Scandinavian Countries / Denmark,thema_WT,52340
bisac_TRV009040,TRV009040,TRV,TRAVEL / Europe / Eastern,thema_WT,52350
bisac_TRV009050,TRV009050,TRV,TRAVEL / Europe / France,thema_WT,52360
bisac_TRV009060,TRV009060,TRV,TRAVEL / Europe / Germany,thema_WT,52370
bisac_TRV009070,TRV009070,TRV,TRAVEL / Europe / Great Britain,thema_WT,52380
bisac_TRV009080,TRV009080,TRV,TRAVEL / Europe / Greece,thema_WT,52390
bisac_TRV009090,TRV009090,TRV,TRAVEL / Europe / Nordic & Scandinavian Countries / Iceland & Greenland,thema_WT,52400
bisac_TRV009100,TRV009100,TRV,TRAVEL / Europe / Ireland,thema_WT,52410
bisac_TRV009110,TRV009110,TRV,TRAVEL / Europe / Italy,thema_WT,52420
bisac_TRV009120,TRV009120,TRV,TRAVEL / Europe / Nordic & Scandinavian Countries / General,thema_WT,52430
bisac_TRV009130,TRV009130,TRV,TRAVEL / Europe / Spain & Portugal,thema_WT,52440
bisac_TRV009140,TRV009140,TRV,TRAVEL / Europe / Switzerland,thema_WT,52450
bisac_TRV009150,TRV009150,TRV,TRAVEL / Europe / Western,thema_WT,52460
bisac_TRV009160,TRV009160,TRV,TRAVEL / Europe / Cyprus,thema_WT,52470
bisac_TRV009170,TRV009170,TRV,TRAVEL / Europe / Nordic & Scandinavian Countries / Finland,thema_WT,52480
bisac_TRV009180,TRV009180,TRV,TRAVEL / Europe / Nordic & Scandinavian Countries / Norway,thema_WT,52490
bisac_TRV009190,TRV009190,TRV,TRAVEL / Europe / Nordic & Scandinavian Countries / Sweden,thema_WT,52500
bisac_TRV010000,TRV010000,TRV,TRAVEL / Essays & Travelogues,thema_WTL,52510
bisac_TRV011000,TRV011000,TRV,TRAVEL / Special Interest / Family,thema_WTHF,52520
bisac_TRV013000,TRV013000,TRV,"TRAVEL / Food, Lodging & Transportation / Hotels, Inns & Hostels",thema_WTHH,52530
bisac_TRV014000,TRV014000,TRV,TRAVEL / Mexico,thema_WT,52540
bisac_TRV015000,TRV015000,TRV,TRAVEL / Middle East / General,thema_WT,52550
bisac_TRV015010,TRV015010,TRV,TRAVEL / Middle East / Egypt,thema_WT,52560
bisac_TRV015020,TRV015020,TRV,TRAVEL / Middle East / Israel,thema_WT,52570
bisac_TRV015030,TRV015030,TRV,TRAVEL / Middle East / Turkey,thema_WT,52580
bisac_TRV016000,TRV016000,TRV,"TRAVEL / Museums, Tours, Points of Interest",thema_WTHM,52590
bisac_TRV018000,TRV018000,TRV,TRAVEL / Parks & Campgrounds,"thema_WTHH1,thema_WNJ",52600
bisac_TRV019000,TRV019000,TRV,TRAVEL / Pictorials (see also PHOTOGRAPHY / Subjects & Themes / Regional),thema_WTM,52610
bisac_TRV020000,TRV020000,TRV,TRAVEL / Polar Regions,thema_WT,52620
bisac_TRV021000,TRV021000,TRV,TRAVEL / Reference,"thema_WT,thema_GBC",52630
bisac_TRV022000,TRV022000,TRV,"TRAVEL / Food, Lodging & Transportation / Restaurants",thema_WTHR,52640
bisac_TRV023000,TRV023000,TRV,TRAVEL / Russia,thema_WT,52650
bisac_TRV024000,TRV024000,TRV,TRAVEL / South America / General,thema_WT,52660
bisac_TRV024010,TRV024010,TRV,TRAVEL / South America / Argentina,thema_WT,52670
bisac_TRV024020,TRV024020,TRV,TRAVEL / South America / Brazil,thema_WT,52680
bisac_TRV024030,TRV024030,TRV,TRAVEL / South America / Chile & Easter Island,thema_WT,52690
bisac_TRV024040,TRV024040,TRV,TRAVEL / South America / Ecuador & Galapagos Islands,thema_WT,52700
bisac_TRV024050,TRV024050,TRV,TRAVEL / South America / Peru,thema_WT,52710
bisac_TRV025000,TRV025000,TRV,TRAVEL / United States / General,thema_WT,52720
bisac_TRV025010,TRV025010,TRV,TRAVEL / United States / Midwest / General,thema_WT,52730
bisac_TRV025020,TRV025020,TRV,"TRAVEL / United States / Midwest / East North Central (IL, IN, MI, OH, WI)",thema_WT,52740
bisac_TRV025030,TRV025030,TRV,"TRAVEL / United States / Midwest / West North Central (IA, KS, MN, MO, ND, NE, SD)",thema_WT,52750
bisac_TRV025040,TRV025040,TRV,TRAVEL / United States / Northeast / General,thema_WT,52760
bisac_TRV025050,TRV025050,TRV,"TRAVEL / United States / Northeast / Middle Atlantic (NJ, NY, PA)",thema_WT,52770
bisac_TRV025060,TRV025060,TRV,"TRAVEL / United States / Northeast / New England (CT, MA, ME, NH, RI, VT)",thema_WT,52780
bisac_TRV025070,TRV025070,TRV,TRAVEL / United States / South / General,thema_WT,52790
bisac_TRV025080,TRV025080,TRV,"TRAVEL / United States / South / East South Central (AL, KY, MS, TN)",thema_WT,52800
bisac_TRV025090,TRV025090,TRV,"TRAVEL / United States / South / South Atlantic (DC, DE, FL, GA, MD, NC, SC, VA, WV)",thema_WT,52810
bisac_TRV025100,TRV025100,TRV,"TRAVEL / United States / South / West South Central (AR, LA, OK, TX)",thema_WT,52820
bisac_TRV025110,TRV025110,TRV,TRAVEL / United States / West / General,thema_WT,52830
bisac_TRV025120,TRV025120,TRV,"TRAVEL / United States / West / Mountain (AZ, CO, ID, MT, NM, NV, UT, WY)",thema_WT,52840
bisac_TRV025130,TRV025130,TRV,"TRAVEL / United States / West / Pacific (AK, CA, HI, OR, WA)",thema_WT,52850
bisac_TRV026000,TRV026000,TRV,TRAVEL / Special Interest / General,thema_WTH,52860
bisac_TRV026010,TRV026010,TRV,TRAVEL / Special Interest / Business,thema_WTHB,52870
bisac_TRV026020,TRV026020,TRV,TRAVEL / Special Interest / Ecotourism,thema_WTHC,52880
bisac_TRV026030,TRV026030,TRV,TRAVEL / Special Interest / Disability,thema_WTHN,52890
bisac_TRV026040,TRV026040,TRV,TRAVEL / Special Interest / Pets,"thema_WTH,thema_WNG",52900
bisac_TRV026050,TRV026050,TRV,TRAVEL / Special Interest / Senior,thema_WTH,52910
bisac_TRV026060,TRV026060,TRV,TRAVEL / Special Interest / Religious,"thema_WTH,thema_QRVP",52920
bisac_TRV026070,TRV026070,TRV,TRAVEL / Special Interest / LGBTQ+,thema_WTH,52930
bisac_TRV026080,TRV026080,TRV,TRAVEL / Special Interest / Sports,"thema_WTHE,thema_SC",52940
bisac_TRV026090,TRV026090,TRV,TRAVEL / Special Interest / Literary,thema_WTHM,52950
bisac_TRV026100,TRV026100,TRV,TRAVEL / Special Interest / Bicycling,"thema_WTHE,thema_SZD",52960
bisac_TRV026110,TRV026110,TRV,TRAVEL / Special Interest / Military,"thema_WTHM,thema_JWT",52970
bisac_TRV026120,TRV026120,TRV,TRAVEL / Special Interest / Culinary,thema_WTHD,52980
bisac_TRV026130,TRV026130,TRV,TRAVEL / Special Interest / Haunted & Unexplained,"thema_WTH,thema_VXQ",52990
bisac_TRV026140,TRV026140,TRV,TRAVEL / Special Interest / Roadside Attractions,thema_WTHY,53000
bisac_TRV026150,TRV026150,TRV,TRAVEL / Special Interest / Romantic,"thema_WTH,thema_VFVG",53010
bisac_TRV026160,TRV026160,TRV,TRAVEL / Special Interest / Solo,"thema_WTH,thema_VFVM",53020
bisac_TRV026170,TRV026170,TRV,TRAVEL / Special Interest / Day Trips *,,53030
bisac_TRV027000,TRV027000,TRV,"TRAVEL / Maps & Road Atlases (see also REFERENCE / Atlases, Gazetteers & Maps)",thema_WTR,53040
bisac_TRV028000,TRV028000,TRV,"TRAVEL / Food, Lodging & Transportation / Cruises",thema_WTHX,53050
bisac_TRV029000,TRV029000,TRV,TRAVEL / Special Interest / Amusement & Theme Parks,thema_WTHT,53060
bisac_TRV030000,TRV030000,TRV,"TRAVEL / Food, Lodging & Transportation / Resorts & Spas",thema_WTHH,53070
bisac_TRV031000,TRV031000,TRV,"TRAVEL / Food, Lodging & Transportation / Road Travel",thema_WTHY,53080
bisac_TRV032000,TRV032000,TRV,TRAVEL / Special Interest / Shopping,"thema_WTH,thema_WJS",53090
bisac_TRV033000,TRV033000,TRV,TRAVEL / Special Interest / Budget,thema_WTHG,53100
bisac_TRV034000,TRV034000,TRV,TRAVEL / Special Interest / Hikes & Walks,"thema_WTHW,thema_SZC",53110
bisac_TRV035000,TRV035000,TRV,"TRAVEL / Food, Lodging & Transportation / Rail Travel",thema_WTHV,53120
bisac_TRV036000,TRV036000,TRV,"TRAVEL / Food, Lodging & Transportation / General",thema_WTHH,53130
bisac_YAF000000,YAF000000,YAF,YOUNG ADULT FICTION / General,thema_YFB,53140
bisac_YAF001000,YAF001000,YAF,YOUNG ADULT FICTION / Action & Adventure / General,thema_YFC,53150
bisac_YAF001010,YAF001010,YAF,YOUNG ADULT FICTION / Action & Adventure / Pirates,"thema_YFC,thema_YNHA1",53160
bisac_YAF001020,YAF001020,YAF,YOUNG ADULT FICTION / Action & Adventure / Survival Stories,thema_YFC,53170
bisac_YAF002000,YAF002000,YAF,YOUNG ADULT FICTION / Animals / General,thema_YFP,53180
bisac_YAF002010,YAF002010,YAF,YOUNG ADULT FICTION / Animals / Horses,"thema_YFP,thema_YNNJ24",53190
bisac_YAF002020,YAF002020,YAF,YOUNG ADULT FICTION / Animals / Marine Life,"thema_YFP,thema_YNNS",53200
bisac_YAF002030,YAF002030,YAF,YOUNG ADULT FICTION / Animals / Mythical Creatures,"thema_YFH,thema_YNXB",53210
bisac_YAF002040,YAF002040,YAF,YOUNG ADULT FICTION / Animals / Pets,"thema_YFP,thema_YNNH",53220
bisac_YAF003000,YAF003000,YAF,YOUNG ADULT FICTION / Science Fiction / Apocalyptic & Post-Apocalyptic,thema_YFEB,53230
bisac_YAF004000,YAF004000,YAF,YOUNG ADULT FICTION / Art,"thema_YFB,thema_YNA",53240
bisac_YAF005000,YAF005000,YAF,YOUNG ADULT FICTION / Biographical,thema_YFX,53250
bisac_YAF006000,YAF006000,YAF,YOUNG ADULT FICTION / Books & Libraries,"thema_YFB,thema_YNL",53260
bisac_YAF007000,YAF007000,YAF,YOUNG ADULT FICTION / Boys & Men,"thema_YFB,thema_YNMH",53270
bisac_YAF008000,YAF008000,YAF,"YOUNG ADULT FICTION / Careers, Occupations, Internships","thema_YFB,thema_YXV",53280
bisac_YAF009000,YAF009000,YAF,YOUNG ADULT FICTION / Classics,thema_YFA,53290
bisac_YAF010000,YAF010000,YAF,YOUNG ADULT FICTION / Comics & Graphic Novels / General,"thema_XA,thema_YFB",53300
bisac_YAF010010,YAF010010,YAF,YOUNG ADULT FICTION / Comics & Graphic Novels / Manga,"thema_XAM,thema_YFB",53310
bisac_YAF010020,YAF010020,YAF,YOUNG ADULT FICTION / Comics & Graphic Novels / Media Tie-In,"thema_XQC,thema_YFZV",53320
bisac_YAF010030,YAF010030,YAF,YOUNG ADULT FICTION / Comics & Graphic Novels / Science Fiction,"thema_XQL,thema_YFG",53330
bisac_YAF010040,YAF010040,YAF,YOUNG ADULT FICTION / Comics & Graphic Novels / Superheroes,"thema_XQK,thema_YFG",53340
bisac_YAF010050,YAF010050,YAF,YOUNG ADULT FICTION / Comics & Graphic Novels / Action & Adventure,"thema_XQG,thema_YFC",53350
bisac_YAF010060,YAF010060,YAF,YOUNG ADULT FICTION / Comics & Graphic Novels / Classic Adaptation,"thema_XQB,thema_YFA",53360
bisac_YAF010070,YAF010070,YAF,YOUNG ADULT FICTION / Comics & Graphic Novels / Coming of Age,"thema_XA,thema_YFB",53370
bisac_YAF010080,YAF010080,YAF,YOUNG ADULT FICTION / Comics & Graphic Novels / Dystopian,"thema_XQL,thema_YFE",53380
bisac_YAF010090,YAF010090,YAF,"YOUNG ADULT FICTION / Comics & Graphic Novels / Fairy Tales, Folklore, Legends & Mythology","thema_XQM,thema_YFJ",53390
bisac_YAF010100,YAF010100,YAF,YOUNG ADULT FICTION / Comics & Graphic Novels / Fantasy,"thema_XQM,thema_YFH",53400
bisac_YAF010110,YAF010110,YAF,YOUNG ADULT FICTION / Comics & Graphic Novels / Historical,"thema_XQV,thema_YFT",53410
bisac_YAF010120,YAF010120,YAF,YOUNG ADULT FICTION / Comics & Graphic Novels / Horror,"thema_XQH,thema_YFD",53420
bisac_YAF010130,YAF010130,YAF,YOUNG ADULT FICTION / Comics & Graphic Novels / Humorous,"thema_XQT,thema_YFQ",53430
bisac_YAF010140,YAF010140,YAF,YOUNG ADULT FICTION / Comics & Graphic Novels / LGBTQ+,"thema_XA,thema_YFB",53440
bisac_YAF010150,YAF010150,YAF,YOUNG ADULT FICTION / Comics & Graphic Novels / Mystery & Detective,"thema_XQD,thema_YFCF",53450
bisac_YAF010160,YAF010160,YAF,YOUNG ADULT FICTION / Comics & Graphic Novels / Paranormal,"thema_XQM,thema_YNX",53460
bisac_YAF010170,YAF010170,YAF,YOUNG ADULT FICTION / Comics & Graphic Novels / Romance,"thema_XQR,thema_YFM",53470
bisac_YAF010180,YAF010180,YAF,YOUNG ADULT FICTION / Comics & Graphic Novels / Diversity & Multicultural,"thema_XA,thema_YFB",53480
bisac_YAF010190,YAF010190,YAF,YOUNG ADULT FICTION / Comics & Graphic Novels / African American & Black,"thema_XA,thema_YFB",53490
bisac_YAF010200,YAF010200,YAF,YOUNG ADULT FICTION / Comics & Graphic Novels / Asian American & Pacific Islander,"thema_XA,thema_YFB",53500
bisac_YAF010210,YAF010210,YAF,YOUNG ADULT FICTION / Comics & Graphic Novels / Hispanic & Latino,"thema_XA,thema_YFB",53510
bisac_YAF010220,YAF010220,YAF,YOUNG ADULT FICTION / Comics & Graphic Novels / Indigenous,"thema_XA,thema_YFB",53520
bisac_YAF010230,YAF010230,YAF,YOUNG ADULT FICTION / Comics & Graphic Novels / Indigenous Peoples of Turtle Island,"thema_XA,thema_YFB",53530
bisac_YAF010240,YAF010240,YAF,YOUNG ADULT FICTION / Comics & Graphic Novels / Native American,"thema_XA,thema_YFB",53540
bisac_YAF011000,YAF011000,YAF,YOUNG ADULT FICTION / Coming of Age,"thema_YFB,thema_YXWP",53550
bisac_YAF012000,YAF012000,YAF,YOUNG ADULT FICTION / Computers & Digital Media,"thema_YFB,thema_YNTC",53560
bisac_YAF013000,YAF013000,YAF,YOUNG ADULT FICTION / Cooking & Food,"thema_YFB,thema_YNPC",53570
bisac_YAF014000,YAF014000,YAF,YOUNG ADULT FICTION / Diversity & Multicultural,"thema_YFB,thema_YXP",53580
bisac_YAF015000,YAF015000,YAF,YOUNG ADULT FICTION / Dystopian,thema_YFE,53590
bisac_YAF016000,YAF016000,YAF,"YOUNG ADULT FICTION / Epistolary (Letters, Diaries, etc.)",thema_YFZD,53600
bisac_YAF017000,YAF017000,YAF,YOUNG ADULT FICTION / Fairy Tales & Folklore / General,thema_YFJB,53610
bisac_YAF017010,YAF017010,YAF,YOUNG ADULT FICTION / Fairy Tales & Folklore / Adaptations,thema_YFJB,53620
bisac_YAF017020,YAF017020,YAF,YOUNG ADULT FICTION / Fairy Tales & Folklore / Anthologies,"thema_YFJB,thema_YDC",53630
bisac_YAF017030,YAF017030,YAF,YOUNG ADULT FICTION / Fairy Tales & Folklore / Country & Cultural,"thema_YFJB,thema_YNMC",53640
bisac_YAF018000,YAF018000,YAF,YOUNG ADULT FICTION / Family / General (see also headings under Social Themes),thema_YFN,53650
bisac_YAF018010,YAF018010,YAF,YOUNG ADULT FICTION / Family / Adoption,"thema_YFN,thema_YXFF",53660
bisac_YAF018020,YAF018020,YAF,YOUNG ADULT FICTION / Family / Alternative Family,"thema_YFN,thema_YXF",53670
bisac_YAF018030,YAF018030,YAF,YOUNG ADULT FICTION / Family / Marriage & Divorce,"thema_YFN,thema_YXF",53680
bisac_YAF018040,YAF018040,YAF,YOUNG ADULT FICTION / Family / Multigenerational,"thema_YFN,thema_YXF",53690
bisac_YAF018050,YAF018050,YAF,YOUNG ADULT FICTION / Family / Orphans & Foster Homes,"thema_YFN,thema_YXFF",53700
bisac_YAF018060,YAF018060,YAF,YOUNG ADULT FICTION / Family / Parents,"thema_YFN,thema_YXFB",53710
bisac_YAF018070,YAF018070,YAF,YOUNG ADULT FICTION / Family / Siblings,"thema_YFN,thema_YXFR",53720
bisac_YAF018080,YAF018080,YAF,YOUNG ADULT FICTION / Family / Blended Families,"thema_YFN,thema_YXF",53730
bisac_YAF019000,YAF019000,YAF,YOUNG ADULT FICTION / Fantasy / General,thema_YFH,53740
bisac_YAF019010,YAF019010,YAF,YOUNG ADULT FICTION / Fantasy / Contemporary,thema_YFHW,53750
bisac_YAF019020,YAF019020,YAF,YOUNG ADULT FICTION / Fantasy / Dark Fantasy,thema_YFHT,53760
bisac_YAF019030,YAF019030,YAF,YOUNG ADULT FICTION / Fantasy / Epic,thema_YFHB,53770
bisac_YAF019040,YAF019040,YAF,YOUNG ADULT FICTION / Fantasy / Historical,thema_YFHH,53780
bisac_YAF019050,YAF019050,YAF,YOUNG ADULT FICTION / Fantasy / Wizards & Witches,"thema_YFH,thema_YNXW",53790
bisac_YAF019060,YAF019060,YAF,YOUNG ADULT FICTION / Fantasy / Romance,thema_YFHR,53800
bisac_YAF019070,YAF019070,YAF,YOUNG ADULT FICTION / Fantasy / Indigenous,thema_YFH,53810
bisac_YAF020000,YAF020000,YAF,YOUNG ADULT FICTION / Fashion & Beauty,"thema_YFB,thema_YNPJ",53820
bisac_YAF021000,YAF021000,YAF,YOUNG ADULT FICTION / Ghost Stories,thema_YFD,53830
bisac_YAF022000,YAF022000,YAF,YOUNG ADULT FICTION / Girls & Women,"thema_YFB,thema_YNMF",53840
bisac_YAF023000,YAF023000,YAF,YOUNG ADULT FICTION / Health & Daily Living / General,"thema_YFB,thema_YXA",53850
bisac_YAF023010,YAF023010,YAF,"YOUNG ADULT FICTION / Health & Daily Living / Diseases, Illnesses & Injuries","thema_YFB,thema_YXLB",53860
bisac_YAF024000,YAF024000,YAF,YOUNG ADULT FICTION / Historical / General,thema_YFT,53870
bisac_YAF024010,YAF024010,YAF,YOUNG ADULT FICTION / Historical / Africa,"thema_YFT,thema_NHH",53880
bisac_YAF024020,YAF024020,YAF,YOUNG ADULT FICTION / Historical / Ancient Civilizations,"thema_YFT,thema_NHC",53890
bisac_YAF024030,YAF024030,YAF,YOUNG ADULT FICTION / Historical / Asia,"thema_YFT,thema_NHF",53900
bisac_YAF024040,YAF024040,YAF,YOUNG ADULT FICTION / Historical / Canada,"thema_YFT,thema_NHK",53910
bisac_YAF024050,YAF024050,YAF,YOUNG ADULT FICTION / Historical / Europe,"thema_YFT,thema_NHD",53920
bisac_YAF024060,YAF024060,YAF,YOUNG ADULT FICTION / Historical / Exploration & Discovery,"thema_YFT,thema_YNHD",53930
bisac_YAF024070,YAF024070,YAF,YOUNG ADULT FICTION / Historical / Holocaust,"thema_YFT,thema_NHTZ1",53940
bisac_YAF024080,YAF024080,YAF,YOUNG ADULT FICTION / Historical / Medieval,"thema_YFT,thema_NHDJ",53950
bisac_YAF024090,YAF024090,YAF,YOUNG ADULT FICTION / Historical / Middle East,"thema_YFT,thema_NHG",53960
bisac_YAF024100,YAF024100,YAF,YOUNG ADULT FICTION / Historical / Military & Wars,"thema_YFT,thema_YNJ",53970
bisac_YAF024110,YAF024110,YAF,YOUNG ADULT FICTION / Historical / Prehistory,"thema_YFT,thema_NHC",53980
bisac_YAF024120,YAF024120,YAF,YOUNG ADULT FICTION / Historical / Renaissance,"thema_YFT,thema_NHDL",53990
bisac_YAF024130,YAF024130,YAF,YOUNG ADULT FICTION / Historical / United States / General,"thema_YFT,thema_NHK",54000
bisac_YAF024140,YAF024140,YAF,YOUNG ADULT FICTION / Historical / United States / Colonial & Revolutionary Periods,"thema_YFT,thema_NHK",54010
bisac_YAF024150,YAF024150,YAF,YOUNG ADULT FICTION / Historical / United States / 19th Century,"thema_YFT,thema_NHK",54020
bisac_YAF024160,YAF024160,YAF,YOUNG ADULT FICTION / Historical / United States / Civil War Period (1850-1877),"thema_YFT,thema_NHK",54030
bisac_YAF024170,YAF024170,YAF,YOUNG ADULT FICTION / Historical / United States / 20th Century,"thema_YFT,thema_NHK",54040
bisac_YAF024180,YAF024180,YAF,YOUNG ADULT FICTION / Historical / United States / 21st Century,"thema_YFT,thema_NHK",54050
bisac_YAF024190,YAF024190,YAF,YOUNG ADULT FICTION / Historical / Australia & Oceania,"thema_YFT,thema_NHM",54060
bisac_YAF025000,YAF025000,YAF,YOUNG ADULT FICTION / Holidays & Celebrations,"thema_YFB,thema_YNMD",54070
bisac_YAF026000,YAF026000,YAF,YOUNG ADULT FICTION / Horror,thema_YFD,54080
bisac_YAF027000,YAF027000,YAF,YOUNG ADULT FICTION / Humorous / General,thema_YFQ,54090
bisac_YAF027010,YAF027010,YAF,YOUNG ADULT FICTION / Humorous / Dark Humor,thema_YFQ,54100
bisac_YAF027020,YAF027020,YAF,YOUNG ADULT FICTION / Satire,"thema_YFB,thema_FUP",54110
bisac_YAF028000,YAF028000,YAF,YOUNG ADULT FICTION / Interactive Adventures,thema_YFCA,54120
bisac_YAF029000,YAF029000,YAF,YOUNG ADULT FICTION / Law & Crime,"thema_YFCF,thema_YNKC",54130
bisac_YAF030000,YAF030000,YAF,"YOUNG ADULT FICTION / Legends, Myths, Fables / General",thema_YFHG,54140
bisac_YAF030010,YAF030010,YAF,"YOUNG ADULT FICTION / Legends, Myths, Fables / Arthurian",thema_YFHG,54150
bisac_YAF030020,YAF030020,YAF,"YOUNG ADULT FICTION / Legends, Myths, Fables / Greek & Roman","thema_YFHG,thema_QRS",54160
bisac_YAF031000,YAF031000,YAF,YOUNG ADULT FICTION / LGBTQ+ / General,"thema_YFB,thema_YXB",54170
bisac_YAF031010,YAF031010,YAF,YOUNG ADULT FICTION / LGBTQ+ / Bisexual,"thema_YFB,thema_YXB",54180
bisac_YAF031020,YAF031020,YAF,YOUNG ADULT FICTION / LGBTQ+ / Gay,"thema_YFB,thema_YXB",54190
bisac_YAF031030,YAF031030,YAF,YOUNG ADULT FICTION / LGBTQ+ / Lesbian,"thema_YFB,thema_YXB",54200
bisac_YAF031040,YAF031040,YAF,YOUNG ADULT FICTION / LGBTQ+ / Transgender,"thema_YFB,thema_YXC",54210
bisac_YAF031050,YAF031050,YAF,YOUNG ADULT FICTION / LGBTQ+ / Two-Spirited & Indigiqueer,"thema_YFB,thema_YXB",54220
bisac_YAF031060,YAF031060,YAF,YOUNG ADULT FICTION / LGBTQ+ / Nonbinary & Genderqueer,"thema_YFB,thema_YXB",54230
bisac_YAF032000,YAF032000,YAF,YOUNG ADULT FICTION / Lifestyles / City & Town Life,"thema_YFB,thema_YNMK",54240
bisac_YAF033000,YAF033000,YAF,YOUNG ADULT FICTION / Lifestyles / Country Life,"thema_YFB,thema_YNML",54250
bisac_YAF034000,YAF034000,YAF,YOUNG ADULT FICTION / Lifestyles / Farm & Ranch Life,"thema_YFB,thema_YNML",54260
bisac_YAF035000,YAF035000,YAF,YOUNG ADULT FICTION / Comics & Graphic Novels / Light Novel,thema_YFZS,54270
bisac_YAF036000,YAF036000,YAF,YOUNG ADULT FICTION / Literary,thema_YFB,54280
bisac_YAF037000,YAF037000,YAF,YOUNG ADULT FICTION / Loners & Outcasts,"thema_YFB,thema_YXEH",54290
bisac_YAF038000,YAF038000,YAF,YOUNG ADULT FICTION / Magical Realism,thema_YFHD,54300
bisac_YAF039000,YAF039000,YAF,YOUNG ADULT FICTION / Media Tie-In,thema_YFZV,54310
bisac_YAF040000,YAF040000,YAF,YOUNG ADULT FICTION / Mermaids & Mermen,"thema_YFH,thema_YNXB6",54320
bisac_YAF041000,YAF041000,YAF,YOUNG ADULT FICTION / Monsters,"thema_YFH,thema_YNXB",54330
bisac_YAF042000,YAF042000,YAF,YOUNG ADULT FICTION / Mysteries & Detective Stories,thema_YFCF,54340
bisac_YAF043000,YAF043000,YAF,YOUNG ADULT FICTION / Science & Nature / General (see also headings under Animals),"thema_YFP,thema_YNT",54350
bisac_YAF043010,YAF043010,YAF,YOUNG ADULT FICTION / Science & Nature / Environment,"thema_YFP,thema_YXZG",54360
bisac_YAF044000,YAF044000,YAF,YOUNG ADULT FICTION / Novels in Verse,thema_YFV,54370
bisac_YAF045000,YAF045000,YAF,"YOUNG ADULT FICTION / Paranormal, Occult & Supernatural","thema_YFH,thema_YNX",54380
bisac_YAF046000,YAF046000,YAF,YOUNG ADULT FICTION / Places / General,"thema_YFB,thema_YNM",54390
bisac_YAF046010,YAF046010,YAF,YOUNG ADULT FICTION / Indigenous / General,thema_YFB,54400
bisac_YAF046020,YAF046020,YAF,YOUNG ADULT FICTION / Places / Africa,"thema_YFB,thema_YNM",54410
bisac_YAF046030,YAF046030,YAF,YOUNG ADULT FICTION / Places / Asia,"thema_YFB,thema_YNM",54420
bisac_YAF046040,YAF046040,YAF,YOUNG ADULT FICTION / Places / Australia & Oceania,"thema_YFB,thema_YNM",54430
bisac_YAF046050,YAF046050,YAF,YOUNG ADULT FICTION / Places / Canada,"thema_YFB,thema_YNM",54440
bisac_YAF046060,YAF046060,YAF,YOUNG ADULT FICTION / Places / Caribbean & Latin America,"thema_YFB,thema_YNM",54450
bisac_YAF046070,YAF046070,YAF,YOUNG ADULT FICTION / Places / Europe,"thema_YFB,thema_YNM",54460
bisac_YAF046080,YAF046080,YAF,YOUNG ADULT FICTION / Places / Mexico,"thema_YFB,thema_YNM",54470
bisac_YAF046090,YAF046090,YAF,YOUNG ADULT FICTION / Places / Middle East,"thema_YFB,thema_YNM",54480
bisac_YAF046100,YAF046100,YAF,YOUNG ADULT FICTION / Places / Polar Regions,"thema_YFB,thema_YNM",54490
bisac_YAF046110,YAF046110,YAF,YOUNG ADULT FICTION / Places / United States,"thema_YFB,thema_YNM",54500
bisac_YAF046120,YAF046120,YAF,YOUNG ADULT FICTION / African American & Black,thema_YFB,54510
bisac_YAF046130,YAF046130,YAF,YOUNG ADULT FICTION / Asian American & Pacific Islander,thema_YFB,54520
bisac_YAF046140,YAF046140,YAF,YOUNG ADULT FICTION / Hispanic & Latino,thema_YFB,54530
bisac_YAF046150,YAF046150,YAF,YOUNG ADULT FICTION / Native American,thema_YFB,54540
bisac_YAF046160,YAF046160,YAF,YOUNG ADULT FICTION / Middle Eastern & Arab American,thema_YFB,54550
bisac_YAF046170,YAF046170,YAF,YOUNG ADULT FICTION / Indigenous Peoples of Turtle Island,thema_YFB,54560
bisac_YAF046180,YAF046180,YAF,YOUNG ADULT FICTION / Indigenous / Cautionary Tales,"thema_YFJM,thema_YNRR",54570
bisac_YAF046190,YAF046190,YAF,YOUNG ADULT FICTION / Indigenous / City Life,"thema_YFB,thema_YNMK",54580
bisac_YAF046200,YAF046200,YAF,YOUNG ADULT FICTION / Indigenous / Family Life,thema_YFN,54590
bisac_YAF046210,YAF046210,YAF,YOUNG ADULT FICTION / Indigenous / Historical,thema_YFT,54600
bisac_YAF046220,YAF046220,YAF,YOUNG ADULT FICTION / Indigenous / Life Stories (see also Biographical),"thema_YFJ,thema_YFX",54610
bisac_YAF046230,YAF046230,YAF,YOUNG ADULT FICTION / Indigenous / Oral Stories,"thema_YFJM,thema_YNRR",54620
bisac_YAF046240,YAF046240,YAF,YOUNG ADULT FICTION / Indigenous / Retellings,"thema_YFJ,thema_YFZH",54630
bisac_YAF046250,YAF046250,YAF,YOUNG ADULT FICTION / Indigenous / Teachings,"thema_YFJM,thema_YNRR",54640
bisac_YAF047000,YAF047000,YAF,YOUNG ADULT FICTION / Performing Arts / General,"thema_YFB,thema_YND",54650
bisac_YAF047010,YAF047010,YAF,YOUNG ADULT FICTION / Performing Arts / Dance,"thema_YFB,thema_YNDB",54660
bisac_YAF047020,YAF047020,YAF,YOUNG ADULT FICTION / Performing Arts / Film,"thema_YFB,thema_YNF",54670
bisac_YAF047030,YAF047030,YAF,YOUNG ADULT FICTION / Performing Arts / Music,"thema_YFB,thema_YNC",54680
bisac_YAF047040,YAF047040,YAF,YOUNG ADULT FICTION / Performing Arts / Television & Radio,"thema_YFB,thema_YNF",54690
bisac_YAF047050,YAF047050,YAF,YOUNG ADULT FICTION / Performing Arts / Theater & Musicals,"thema_YFB,thema_YND",54700
bisac_YAF048000,YAF048000,YAF,YOUNG ADULT FICTION / Poetry,"thema_YFB,thema_YDP",54710
bisac_YAF049000,YAF049000,YAF,YOUNG ADULT FICTION / Politics & Government,"thema_YFB,thema_YNKA",54720
bisac_YAF050000,YAF050000,YAF,YOUNG ADULT FICTION / Recycling & Green Living,"thema_YFB,thema_YXZG",54730
bisac_YAF051000,YAF051000,YAF,YOUNG ADULT FICTION / Religious / General,"thema_YFK,thema_YNR",54740
bisac_YAF051010,YAF051010,YAF,YOUNG ADULT FICTION / Religious / Agnostic & Atheist,"thema_YFK,thema_YXZR",54750
bisac_YAF051020,YAF051020,YAF,YOUNG ADULT FICTION / Religious / Buddhist,"thema_YFK,thema_YNRF",54760
bisac_YAF051030,YAF051030,YAF,YOUNG ADULT FICTION / Religious / Christian / General,"thema_YFK,thema_YNRM",54770
bisac_YAF051040,YAF051040,YAF,YOUNG ADULT FICTION / Religious / Christian / Action & Adventure,"thema_YFK,thema_YNRM",54780
bisac_YAF051050,YAF051050,YAF,YOUNG ADULT FICTION / Religious / Christian / Comics & Graphic Novels,"thema_YFK,thema_YNRM",54790
bisac_YAF051060,YAF051060,YAF,YOUNG ADULT FICTION / Religious / Christian / Fantasy,"thema_YFK,thema_YNRM",54800
bisac_YAF051070,YAF051070,YAF,YOUNG ADULT FICTION / Religious / Christian / Historical,"thema_YFK,thema_YNRM",54810
bisac_YAF051080,YAF051080,YAF,YOUNG ADULT FICTION / Religious / Christian / Mysteries & Detective Stories,"thema_YFK,thema_YNRM",54820
bisac_YAF051090,YAF051090,YAF,YOUNG ADULT FICTION / Religious / Christian / Relationships,"thema_YFK,thema_YNRM",54830
bisac_YAF051100,YAF051100,YAF,YOUNG ADULT FICTION / Religious / Christian / Science Fiction,"thema_YFK,thema_YNRM",54840
bisac_YAF051110,YAF051110,YAF,YOUNG ADULT FICTION / Religious / Christian / Social Issues,"thema_YFK,thema_YNRM",54850
bisac_YAF051120,YAF051120,YAF,YOUNG ADULT FICTION / Religious / Hindu,"thema_YFK,thema_YNRD",54860
bisac_YAF051130,YAF051130,YAF,YOUNG ADULT FICTION / Religious / Jewish,"thema_YFK,thema_YNRJ",54870
bisac_YAF051140,YAF051140,YAF,YOUNG ADULT FICTION / Religious / Muslim,"thema_YFK,thema_YNRP",54880
bisac_YAF052000,YAF052000,YAF,YOUNG ADULT FICTION / Romance / General,thema_YFMR,54890
bisac_YAF052010,YAF052010,YAF,YOUNG ADULT FICTION / Romance / Clean & Wholesome,"thema_YFMR,thema_FRF",54900
bisac_YAF052020,YAF052020,YAF,YOUNG ADULT FICTION / Romance / Contemporary,"thema_YFMR,thema_YFB",54910
bisac_YAF052030,YAF052030,YAF,YOUNG ADULT FICTION / Romance / Historical,"thema_YFMR,thema_YFT",54920
bisac_YAF052040,YAF052040,YAF,YOUNG ADULT FICTION / Romance / LGBTQ+,"thema_YFMR,thema_YXB",54930
bisac_YAF052050,YAF052050,YAF,YOUNG ADULT FICTION / Romance / Paranormal,"thema_YFMR,thema_FRT",54940
bisac_YAF052060,YAF052060,YAF,YOUNG ADULT FICTION / Romance / Romantic Comedy,"thema_YFMR,thema_FRB",54950
bisac_YAF052070,YAF052070,YAF,YOUNG ADULT FICTION / Romance / Multicultural & Interracial,"thema_YFMR,thema_YXM",54960
bisac_YAF052080,YAF052080,YAF,YOUNG ADULT FICTION / Romance / Indigenous,thema_YFMR,54970
bisac_YAF052090,YAF052090,YAF,YOUNG ADULT FICTION / Romance / Fantasy,"thema_YFMR,thema_YFH",54980
bisac_YAF052100,YAF052100,YAF,YOUNG ADULT FICTION / Romance / Fake Dating *,,54990
bisac_YAF053000,YAF053000,YAF,YOUNG ADULT FICTION / Royalty,"thema_YFB,thema_YNMW",55000
bisac_YAF054000,YAF054000,YAF,YOUNG ADULT FICTION / School & Education / General,thema_YFS,55010
bisac_YAF054010,YAF054010,YAF,YOUNG ADULT FICTION / School & Education / Boarding School & Prep School,"thema_YFS,thema_JNLQ",55020
bisac_YAF054020,YAF054020,YAF,YOUNG ADULT FICTION / School & Education / College & University,"thema_YFS,thema_JNM",55030
bisac_YAF055000,YAF055000,YAF,YOUNG ADULT FICTION / Technology,"thema_YFB,thema_YNT",55040
bisac_YAF056000,YAF056000,YAF,YOUNG ADULT FICTION / Science Fiction / General,thema_YFG,55050
bisac_YAF056010,YAF056010,YAF,YOUNG ADULT FICTION / Science Fiction / Alien Contact,"thema_YFG,thema_YNXF",55060
bisac_YAF056020,YAF056020,YAF,YOUNG ADULT FICTION / Science Fiction / Space Opera,thema_YFGR,55070
bisac_YAF056030,YAF056030,YAF,YOUNG ADULT FICTION / Science Fiction / Romance,"thema_YFG,thema_YFMR",55080
bisac_YAF056040,YAF056040,YAF,YOUNG ADULT FICTION / Science Fiction / Indigenous Futurism,thema_YFG,55090
bisac_YAF057000,YAF057000,YAF,"YOUNG ADULT FICTION / Short Stories, Collections & Anthologies","thema_YFU,thema_YDC",55100
bisac_YAF058000,YAF058000,YAF,YOUNG ADULT FICTION / Social Themes / General (see also headings under Family),"thema_YFB,thema_YX",55110
bisac_YAF058010,YAF058010,YAF,YOUNG ADULT FICTION / Social Themes / Assimilation,"thema_YFB,thema_YXM",55120
bisac_YAF058020,YAF058020,YAF,YOUNG ADULT FICTION / Social Themes / Bullying,"thema_YFB,thema_YXQF",55130
bisac_YAF058030,YAF058030,YAF,YOUNG ADULT FICTION / Social Themes / Class Differences,"thema_YFB,thema_YXZ",55140
bisac_YAF058040,YAF058040,YAF,YOUNG ADULT FICTION / Social Themes / Dating & Sex,"thema_YFB,thema_YXHL",55150
bisac_YAF058050,YAF058050,YAF,"YOUNG ADULT FICTION / Social Themes / Death, Grief, Bereavement","thema_YFB,thema_YXG",55160
bisac_YAF058060,YAF058060,YAF,YOUNG ADULT FICTION / Social Themes / Depression,"thema_YFB,thema_YXLD",55170
bisac_YAF058070,YAF058070,YAF,YOUNG ADULT FICTION / Disability,"thema_YFB,thema_YXK",55180
bisac_YAF058080,YAF058080,YAF,"YOUNG ADULT FICTION / Social Themes / Drugs, Alcohol, Substance Abuse","thema_YFB,thema_YXJ",55190
bisac_YAF058090,YAF058090,YAF,YOUNG ADULT FICTION / Social Themes / Eating Disorders & Body Image,"thema_YFB,thema_YXLD1",55200
bisac_YAF058100,YAF058100,YAF,"YOUNG ADULT FICTION / Social Themes / Emigration, Immigration & Refugees","thema_YFB,thema_YXZM",55210
bisac_YAF058110,YAF058110,YAF,YOUNG ADULT FICTION / Social Themes / Emotions & Feelings,"thema_YFB,thema_YXE",55220
bisac_YAF058120,YAF058120,YAF,YOUNG ADULT FICTION / Social Themes / Friendship,"thema_YFMF,thema_YXHB",55230
bisac_YAF058130,YAF058130,YAF,YOUNG ADULT FICTION / Social Themes / Poverty & Homelessness,"thema_YFB,thema_YXZH",55240
bisac_YAF058140,YAF058140,YAF,YOUNG ADULT FICTION / Social Themes / Mental Illness,"thema_YFB,thema_YXLD",55250
bisac_YAF058150,YAF058150,YAF,YOUNG ADULT FICTION / Social Themes / New Experience,"thema_YFB,thema_YXW",55260
bisac_YAF058160,YAF058160,YAF,YOUNG ADULT FICTION / Social Themes / Peer Pressure,"thema_YFB,thema_YXQ",55270
bisac_YAF058170,YAF058170,YAF,YOUNG ADULT FICTION / Social Themes / Physical & Emotional Abuse (see also Social Themes / Sexual Abuse),"thema_YFB,thema_YXQD",55280
bisac_YAF058180,YAF058180,YAF,YOUNG ADULT FICTION / Social Themes / Pregnancy,"thema_YFB,thema_YXHY",55290
bisac_YAF058190,YAF058190,YAF,YOUNG ADULT FICTION / Social Themes / Prejudice & Racism,"thema_YFB,thema_YXPB",55300
bisac_YAF058200,YAF058200,YAF,YOUNG ADULT FICTION / Social Themes / Religion & Faith,"thema_YFB,thema_YXZR",55310
bisac_YAF058210,YAF058210,YAF,YOUNG ADULT FICTION / Social Themes / Runaways,"thema_YFB,thema_YXS",55320
bisac_YAF058220,YAF058220,YAF,YOUNG ADULT FICTION / Social Themes / Self-Esteem & Self-Reliance,"thema_YFB,thema_YXD",55330
bisac_YAF058230,YAF058230,YAF,YOUNG ADULT FICTION / Social Themes / Cutting & Self-Harm,"thema_YFB,thema_YXLD2",55340
bisac_YAF058240,YAF058240,YAF,YOUNG ADULT FICTION / Social Themes / Sexual Abuse,"thema_YFB,thema_YXQD",55350
bisac_YAF058250,YAF058250,YAF,YOUNG ADULT FICTION / Social Themes / Suicide,"thema_YFB,thema_YXGS",55360
bisac_YAF058260,YAF058260,YAF,YOUNG ADULT FICTION / Social Themes / Values & Virtues,"thema_YFB,thema_YXHP",55370
bisac_YAF058270,YAF058270,YAF,YOUNG ADULT FICTION / Social Themes / Violence,"thema_YFB,thema_YXQ",55380
bisac_YAF058280,YAF058280,YAF,YOUNG ADULT FICTION / Social Themes / Activism & Social Justice,"thema_YFB,thema_YXZB",55390
bisac_YAF058290,YAF058290,YAF,YOUNG ADULT FICTION / Social Themes / Competition & Rivalry *,,55400
bisac_YAF058300,YAF058300,YAF,YOUNG ADULT FICTION / Social Themes / Personal Identity *,,55410
bisac_YAF059000,YAF059000,YAF,YOUNG ADULT FICTION / Sports & Recreation / General,thema_YFR,55420
bisac_YAF059010,YAF059010,YAF,YOUNG ADULT FICTION / Sports & Recreation / Baseball & Softball,"thema_YFR,thema_YNWD3",55430
bisac_YAF059020,YAF059020,YAF,YOUNG ADULT FICTION / Sports & Recreation / Basketball,"thema_YFR,thema_YNWD4",55440
bisac_YAF059030,YAF059030,YAF,YOUNG ADULT FICTION / Sports & Recreation / Camping & Outdoor Activities,"thema_YFR,thema_YNWP",55450
bisac_YAF059040,YAF059040,YAF,YOUNG ADULT FICTION / Sports & Recreation / Equestrian,"thema_YFR,thema_YNNJ24",55460
bisac_YAF059050,YAF059050,YAF,YOUNG ADULT FICTION / Sports & Recreation / Extreme Sports,"thema_YFR,thema_SXQ",55470
bisac_YAF059060,YAF059060,YAF,YOUNG ADULT FICTION / Sports & Recreation / Football,"thema_YFR,thema_YNWD2",55480
bisac_YAF059070,YAF059070,YAF,YOUNG ADULT FICTION / Sports & Recreation / Gymnastics,"thema_YFR,thema_YNWG",55490
bisac_YAF059080,YAF059080,YAF,YOUNG ADULT FICTION / Sports & Recreation / Hockey,"thema_YFR,thema_YNWM2",55500
bisac_YAF059090,YAF059090,YAF,YOUNG ADULT FICTION / Sports & Recreation / Martial Arts,"thema_YFR,thema_YNWJ",55510
bisac_YAF059100,YAF059100,YAF,YOUNG ADULT FICTION / Sports & Recreation / Skateboarding,"thema_YFR,thema_YNWY",55520
bisac_YAF059110,YAF059110,YAF,YOUNG ADULT FICTION / Sports & Recreation / Soccer,"thema_YFR,thema_YNWD1",55530
bisac_YAF059120,YAF059120,YAF,YOUNG ADULT FICTION / Sports & Recreation / Track & Field,"thema_YFR,thema_YNWG",55540
bisac_YAF059130,YAF059130,YAF,YOUNG ADULT FICTION / Sports & Recreation / Water Sports,"thema_YFR,thema_YNWW",55550
bisac_YAF059140,YAF059140,YAF,YOUNG ADULT FICTION / Sports & Recreation / Winter Sports,"thema_YFR,thema_YNWM",55560
bisac_YAF060000,YAF060000,YAF,YOUNG ADULT FICTION / Steampunk,thema_YFGS,55570
bisac_YAF061000,YAF061000,YAF,YOUNG ADULT FICTION / Superheroes,thema_YFF,55580
bisac_YAF062000,YAF062000,YAF,YOUNG ADULT FICTION / Thrillers & Suspense / General,thema_YFCB,55590
bisac_YAF062010,YAF062010,YAF,YOUNG ADULT FICTION / Thrillers & Suspense / Crime,"thema_YFCB,thema_YFCF",55600
bisac_YAF062020,YAF062020,YAF,YOUNG ADULT FICTION / Thrillers & Suspense / Espionage,"thema_YFCB,thema_FHD",55610
bisac_YAF062030,YAF062030,YAF,YOUNG ADULT FICTION / Thrillers & Suspense / Psychological,"thema_YFCB,thema_FHX",55620
bisac_YAF062040,YAF062040,YAF,YOUNG ADULT FICTION / Thrillers & Suspense / Supernatural,"thema_YFCB,thema_YFD",55630
bisac_YAF063000,YAF063000,YAF,YOUNG ADULT FICTION / Science Fiction / Time Travel,"thema_YFG,thema_YNTT",55640
bisac_YAF064000,YAF064000,YAF,YOUNG ADULT FICTION / Travel & Transportation / General,"thema_YFB,thema_YNM",55650
bisac_YAF064010,YAF064010,YAF,YOUNG ADULT FICTION / Travel & Transportation / Car & Road Trips,"thema_YFB,thema_YNM",55660
bisac_YAF065000,YAF065000,YAF,YOUNG ADULT FICTION / Vampires,"thema_YFD,thema_YNXB2",55670
bisac_YAF066000,YAF066000,YAF,YOUNG ADULT FICTION / Visionary & Metaphysical,"thema_YFH,thema_YNX",55680
bisac_YAF067000,YAF067000,YAF,YOUNG ADULT FICTION / War & Military,"thema_YFC,thema_YNJ",55690
bisac_YAF068000,YAF068000,YAF,YOUNG ADULT FICTION / Werewolves & Shifters,"thema_YFD,thema_YNXB2",55700
bisac_YAF069000,YAF069000,YAF,YOUNG ADULT FICTION / Westerns,thema_YFC,55710
bisac_YAF070000,YAF070000,YAF,YOUNG ADULT FICTION / Zombies,"thema_YFD,thema_YNXB3",55720
bisac_YAF071000,YAF071000,YAF,YOUNG ADULT FICTION / Alternative History,"thema_YFE,thema_FDK",55730
bisac_YAF072000,YAF072000,YAF,YOUNG ADULT FICTION / Clean & Nonviolent,thema_YFB,55740
bisac_YAF073000,YAF073000,YAF,YOUNG ADULT FICTION / Own Voices,thema_YFB,55750
bisac_YAF074000,YAF074000,YAF,YOUNG ADULT FICTION / Neurodiversity,"thema_YFB,thema_YXK",55760
bisac_YAF075000,YAF075000,YAF,YOUNG ADULT FICTION / Urban & Street Lit,"thema_YFB,thema_FBAN",55770
bisac_YAF076000,YAF076000,YAF,YOUNG ADULT FICTION / Biracial & Multiracial,"thema_YFB,thema_YNM",55780
bisac_YAF077000,YAF077000,YAF,YOUNG ADULT FICTION / First Nations,thema_YFB,55790
bisac_YAF078000,YAF078000,YAF,YOUNG ADULT FICTION / Inuit,thema_YFB,55800
bisac_YAF079000,YAF079000,YAF,YOUNG ADULT FICTION / Métis,thema_YFB,55810
bisac_YAF080000,YAF080000,YAF,YOUNG ADULT FICTION / Gothic,"thema_YFB,thema_FYL",55820
bisac_YAF081000,YAF081000,YAF,YOUNG ADULT FICTION / Hi-Lo Readers *,,55830
bisac_YAF082000,YAF082000,YAF,YOUNG ADULT FICTION / Speculative *,,55840
bisac_YAF083000,YAF083000,YAF,YOUNG ADULT FICTION / Virtual Worlds *,,55850
bisac_YAN000000,YAN000000,YAN,YOUNG ADULT NONFICTION / General,thema_YN,55860
bisac_YAN001000,YAN001000,YAN,YOUNG ADULT NONFICTION / Activity Books / General,thema_YBG,55870
bisac_YAN001010,YAN001010,YAN,YOUNG ADULT NONFICTION / Activity Books / Coloring *,,55880
bisac_YAN002000,YAN002000,YAN,YOUNG ADULT NONFICTION / Adventure & Adventurers,thema_YNHA,55890
bisac_YAN003000,YAN003000,YAN,YOUNG ADULT NONFICTION / Animals / General,thema_YNN,55900
bisac_YAN003010,YAN003010,YAN,YOUNG ADULT NONFICTION / Animals / Animal Welfare,thema_YNN,55910
bisac_YAN003020,YAN003020,YAN,YOUNG ADULT NONFICTION / Animals / Birds,thema_YNNK,55920
bisac_YAN003030,YAN003030,YAN,YOUNG ADULT NONFICTION / Animals / Marine Life,thema_YNNS,55930
bisac_YAN004000,YAN004000,YAN,YOUNG ADULT NONFICTION / Architecture,thema_YNTP,55940
bisac_YAN005000,YAN005000,YAN,YOUNG ADULT NONFICTION / Art / General,thema_YNA,55950
bisac_YAN005010,YAN005010,YAN,YOUNG ADULT NONFICTION / Art / Cartooning,"thema_YNPB,thema_AKLC",55960
bisac_YAN005020,YAN005020,YAN,YOUNG ADULT NONFICTION / Art / Drawing,"thema_YNPB,thema_AFF",55970
bisac_YAN005030,YAN005030,YAN,YOUNG ADULT NONFICTION / Art / Fashion,thema_YNPJ,55980
bisac_YAN005040,YAN005040,YAN,YOUNG ADULT NONFICTION / Art / History,"thema_YNA,thema_AGA",55990
bisac_YAN005050,YAN005050,YAN,YOUNG ADULT NONFICTION / Art / Painting,"thema_YNA,thema_YNPB",56000
bisac_YAN005060,YAN005060,YAN,YOUNG ADULT NONFICTION / Art / Sculpture,"thema_YNA,thema_YNPB",56010
bisac_YAN005070,YAN005070,YAN,YOUNG ADULT NONFICTION / Art / Techniques,thema_YNPB,56020
bisac_YAN006000,YAN006000,YAN,YOUNG ADULT NONFICTION / Biography & Autobiography / General,thema_YNB,56030
bisac_YAN006010,YAN006010,YAN,YOUNG ADULT NONFICTION / Biography & Autobiography / Art,"thema_YNB,thema_YNA",56040
bisac_YAN006020,YAN006020,YAN,YOUNG ADULT NONFICTION / Biography & Autobiography / Cultural & Regional,thema_YNB,56050
bisac_YAN006030,YAN006030,YAN,YOUNG ADULT NONFICTION / Biography & Autobiography / Historical,"thema_YNB,thema_YNH",56060
bisac_YAN006040,YAN006040,YAN,YOUNG ADULT NONFICTION / Biography & Autobiography / Literary,"thema_YNB,thema_YNL",56070
bisac_YAN006050,YAN006050,YAN,YOUNG ADULT NONFICTION / Biography & Autobiography / Music,"thema_YNB,thema_YNC",56080
bisac_YAN006060,YAN006060,YAN,YOUNG ADULT NONFICTION / Biography & Autobiography / Performing Arts,"thema_YNB,thema_YND",56090
bisac_YAN006070,YAN006070,YAN,YOUNG ADULT NONFICTION / Biography & Autobiography / Political,"thema_YNB,thema_YNKA",56100
bisac_YAN006080,YAN006080,YAN,YOUNG ADULT NONFICTION / Biography & Autobiography / Presidents & First Families (U.S.),"thema_YNB,thema_YNKA",56110
bisac_YAN006090,YAN006090,YAN,YOUNG ADULT NONFICTION / Biography & Autobiography / Religious,"thema_YNB,thema_YNR",56120
bisac_YAN006100,YAN006100,YAN,YOUNG ADULT NONFICTION / Biography & Autobiography / Royalty,"thema_YNB,thema_YNMW",56130
bisac_YAN006110,YAN006110,YAN,YOUNG ADULT NONFICTION / Biography & Autobiography / Science & Technology,"thema_YNB,thema_YNT",56140
bisac_YAN006120,YAN006120,YAN,YOUNG ADULT NONFICTION / Biography & Autobiography / Social Activists,"thema_YNB,thema_YXZB",56150
bisac_YAN006130,YAN006130,YAN,YOUNG ADULT NONFICTION / Biography & Autobiography / Sports & Recreation,"thema_YNB,thema_YNW",56160
bisac_YAN006140,YAN006140,YAN,YOUNG ADULT NONFICTION / Biography & Autobiography / Women,"thema_YNB,thema_YNMF",56170
bisac_YAN006150,YAN006150,YAN,YOUNG ADULT NONFICTION / Biography & Autobiography / LGBTQ+,"thema_YNB,thema_YXB",56180
bisac_YAN007000,YAN007000,YAN,YOUNG ADULT NONFICTION / Paranormal & Supernatural,thema_YNX,56190
bisac_YAN008000,YAN008000,YAN,YOUNG ADULT NONFICTION / Books & Libraries,"thema_YNL,thema_YNGL",56200
bisac_YAN009000,YAN009000,YAN,YOUNG ADULT NONFICTION / Boys & Men,thema_YNMH,56210
bisac_YAN010000,YAN010000,YAN,YOUNG ADULT NONFICTION / Business & Economics,thema_YPJV,56220
bisac_YAN011000,YAN011000,YAN,YOUNG ADULT NONFICTION / Careers,thema_YXV,56230
bisac_YAN012000,YAN012000,YAN,YOUNG ADULT NONFICTION / Comics & Graphic Novels / General,"thema_XQA,thema_YN",56240
bisac_YAN012010,YAN012010,YAN,YOUNG ADULT NONFICTION / Comics & Graphic Novels / Biography & Memoir,"thema_XQA,thema_YNB",56250
bisac_YAN012020,YAN012020,YAN,YOUNG ADULT NONFICTION / Comics & Graphic Novels / History,"thema_XQA,thema_YNH",56260
bisac_YAN012030,YAN012030,YAN,YOUNG ADULT NONFICTION / Comics & Graphic Novels / Science & Nature,"thema_XQA,thema_YNT",56270
bisac_YAN012040,YAN012040,YAN,YOUNG ADULT NONFICTION / Comics & Graphic Novels / Social Topics,"thema_XQA,thema_YX",56280
bisac_YAN013000,YAN013000,YAN,YOUNG ADULT NONFICTION / Computers / General,thema_YNTC,56290
bisac_YAN013010,YAN013010,YAN,YOUNG ADULT NONFICTION / Computers / Entertainment & Games,thema_YNVU,56300
bisac_YAN013020,YAN013020,YAN,YOUNG ADULT NONFICTION / Computers / Internet & Social Media,"thema_YNTC,thema_YNTC2",56310
bisac_YAN013030,YAN013030,YAN,YOUNG ADULT NONFICTION / Computers / Coding & Programming,thema_YNTC1,56320
bisac_YAN013040,YAN013040,YAN,YOUNG ADULT NONFICTION / Computers / Software,thema_YNTC,56330
bisac_YAN014000,YAN014000,YAN,YOUNG ADULT NONFICTION / Cooking & Food,thema_YNPC,56340
bisac_YAN015000,YAN015000,YAN,YOUNG ADULT NONFICTION / Crafts & Hobbies,"thema_YNV,thema_YNP",56350
bisac_YAN016000,YAN016000,YAN,YOUNG ADULT NONFICTION / Curiosities & Wonders,"thema_YNG,thema_YNX",56360
bisac_YAN017000,YAN017000,YAN,YOUNG ADULT NONFICTION / Drama,thema_YNDS,56370
bisac_YAN018000,YAN018000,YAN,YOUNG ADULT NONFICTION / Family / General (see also headings under Social Topics),thema_YXF,56380
bisac_YAN018010,YAN018010,YAN,YOUNG ADULT NONFICTION / Family / Adoption,thema_YXFF,56390
bisac_YAN018020,YAN018020,YAN,YOUNG ADULT NONFICTION / Family / Alternative Family,thema_YXF,56400
bisac_YAN018030,YAN018030,YAN,YOUNG ADULT NONFICTION / Family / Marriage & Divorce,"thema_YXF,thema_YXFD",56410
bisac_YAN018040,YAN018040,YAN,YOUNG ADULT NONFICTION / Family / Multigenerational,thema_YXF,56420
bisac_YAN018050,YAN018050,YAN,YOUNG ADULT NONFICTION / Family / Orphans & Foster Homes,thema_YXFF,56430
bisac_YAN018060,YAN018060,YAN,YOUNG ADULT NONFICTION / Family / Parents,thema_YXF,56440
bisac_YAN018070,YAN018070,YAN,YOUNG ADULT NONFICTION / Family / Siblings,thema_YXFR,56450
bisac_YAN018080,YAN018080,YAN,YOUNG ADULT NONFICTION / Family / Blended Families,thema_YXF,56460
bisac_YAN019000,YAN019000,YAN,YOUNG ADULT NONFICTION / Fashion,thema_YNPJ,56470
bisac_YAN020000,YAN020000,YAN,YOUNG ADULT NONFICTION / Language Study / General,thema_YPCK,56480
bisac_YAN020010,YAN020010,YAN,YOUNG ADULT NONFICTION / Language Study / English as a Second Language,thema_YPCK,56490
bisac_YAN020020,YAN020020,YAN,YOUNG ADULT NONFICTION / Language Study / French,thema_YPCK,56500
bisac_YAN020030,YAN020030,YAN,YOUNG ADULT NONFICTION / Language Study / Spanish,thema_YPCK,56510
bisac_YAN020040,YAN020040,YAN,YOUNG ADULT NONFICTION / Language Study / Indigenous Languages in the Americas,thema_YPC,56520
bisac_YAN021000,YAN021000,YAN,YOUNG ADULT NONFICTION / Games & Activities / General,thema_YNV,56530
bisac_YAN021010,YAN021010,YAN,YOUNG ADULT NONFICTION / Games & Activities / Puzzles & Word Games,thema_YNVP,56540
bisac_YAN021020,YAN021020,YAN,YOUNG ADULT NONFICTION / Games & Activities / Questions & Answers,thema_YNG,56550
bisac_YAN022000,YAN022000,YAN,YOUNG ADULT NONFICTION / Gardening,thema_YNPG,56560
bisac_YAN023000,YAN023000,YAN,YOUNG ADULT NONFICTION / Girls & Women,thema_YNMF,56570
bisac_YAN024000,YAN024000,YAN,YOUNG ADULT NONFICTION / Health & Daily Living / General,thema_YXA,56580
bisac_YAN024010,YAN024010,YAN,YOUNG ADULT NONFICTION / Health & Daily Living / Beauty & Grooming,thema_YXA,56590
bisac_YAN024020,YAN024020,YAN,YOUNG ADULT NONFICTION / Health & Daily Living / Diet & Nutrition,thema_YXAB,56600
bisac_YAN024030,YAN024030,YAN,"YOUNG ADULT NONFICTION / Health & Daily Living / Diseases, Illnesses & Injuries",thema_YXLB,56610
bisac_YAN024040,YAN024040,YAN,YOUNG ADULT NONFICTION / Health & Daily Living / Fitness & Exercise,thema_YXAB,56620
bisac_YAN024050,YAN024050,YAN,YOUNG ADULT NONFICTION / Maturing,thema_YXW,56630
bisac_YAN024060,YAN024060,YAN,YOUNG ADULT NONFICTION / Health & Daily Living / Physical Impairments,thema_YXK,56640
bisac_YAN024070,YAN024070,YAN,YOUNG ADULT NONFICTION / Health & Daily Living / Safety,thema_YXR,56650
bisac_YAN024080,YAN024080,YAN,YOUNG ADULT NONFICTION / Health & Daily Living / Sexuality & Pregnancy,"thema_YXAX,thema_YXHY",56660
bisac_YAN024090,YAN024090,YAN,YOUNG ADULT NONFICTION / Health & Daily Living / Mindfulness & Meditation,thema_YXAD,56670
bisac_YAN024100,YAN024100,YAN,YOUNG ADULT NONFICTION / Health & Daily Living / Mental Health,thema_YXLD,56680
bisac_YAN024110,YAN024110,YAN,YOUNG ADULT NONFICTION / Health & Daily Living / Puberty,thema_YXAX1,56690
bisac_YAN025000,YAN025000,YAN,YOUNG ADULT NONFICTION / History / General,thema_YNH,56700
bisac_YAN025010,YAN025010,YAN,YOUNG ADULT NONFICTION / History / Africa,"thema_YNH,thema_NHH",56710
bisac_YAN025020,YAN025020,YAN,YOUNG ADULT NONFICTION / History / Ancient,"thema_YNH,thema_NHC",56720
bisac_YAN025030,YAN025030,YAN,YOUNG ADULT NONFICTION / History / Asia,"thema_YNH,thema_NHF",56730
bisac_YAN025040,YAN025040,YAN,YOUNG ADULT NONFICTION / History / Australia & Oceania,"thema_YNH,thema_NHM",56740
bisac_YAN025050,YAN025050,YAN,YOUNG ADULT NONFICTION / History / Canada,"thema_YNH,thema_NHK",56750
bisac_YAN025060,YAN025060,YAN,YOUNG ADULT NONFICTION / History / Central & South America,"thema_YNH,thema_NHK",56760
bisac_YAN025070,YAN025070,YAN,YOUNG ADULT NONFICTION / History / Europe,"thema_YNH,thema_NHD",56770
bisac_YAN025080,YAN025080,YAN,YOUNG ADULT NONFICTION / History / Exploration & Discovery,thema_YNHD,56780
bisac_YAN025090,YAN025090,YAN,YOUNG ADULT NONFICTION / History / Holocaust,"thema_YNH,thema_NHTZ1",56790
bisac_YAN025100,YAN025100,YAN,YOUNG ADULT NONFICTION / History / Medieval,"thema_YNH,thema_NHDJ",56800
bisac_YAN025110,YAN025110,YAN,YOUNG ADULT NONFICTION / History / Mexico,"thema_YNH,thema_NHK",56810
bisac_YAN025120,YAN025120,YAN,YOUNG ADULT NONFICTION / History / Middle East,"thema_YNH,thema_NHG",56820
bisac_YAN025130,YAN025130,YAN,YOUNG ADULT NONFICTION / History / Military & Wars,thema_YNJ,56830
bisac_YAN025140,YAN025140,YAN,YOUNG ADULT NONFICTION / History / Modern,thema_YNH,56840
bisac_YAN025150,YAN025150,YAN,YOUNG ADULT NONFICTION / History / Prehistoric,"thema_YNH,thema_NHC",56850
bisac_YAN025160,YAN025160,YAN,YOUNG ADULT NONFICTION / History / Renaissance,"thema_YNH,thema_NHDL",56860
bisac_YAN025170,YAN025170,YAN,YOUNG ADULT NONFICTION / History / United States / General,"thema_YNH,thema_NHK",56870
bisac_YAN025180,YAN025180,YAN,YOUNG ADULT NONFICTION / History / United States / State & Local,"thema_YNH,thema_NHK",56880
bisac_YAN025190,YAN025190,YAN,YOUNG ADULT NONFICTION / History / United States / Colonial & Revolutionary Periods,"thema_YNH,thema_NHK",56890
bisac_YAN025200,YAN025200,YAN,YOUNG ADULT NONFICTION / History / United States / 19th Century,"thema_YNH,thema_NHK",56900
bisac_YAN025210,YAN025210,YAN,YOUNG ADULT NONFICTION / History / United States / Civil War Period (1850-1877),"thema_YNH,thema_NHK",56910
bisac_YAN025220,YAN025220,YAN,YOUNG ADULT NONFICTION / History / United States / 20th Century,"thema_YNH,thema_NHK",56920
bisac_YAN025230,YAN025230,YAN,YOUNG ADULT NONFICTION / History / United States / 21st Century,"thema_YNH,thema_NHK",56930
bisac_YAN026000,YAN026000,YAN,YOUNG ADULT NONFICTION / Holidays & Celebrations,thema_YNMD,56940
bisac_YAN027000,YAN027000,YAN,YOUNG ADULT NONFICTION / House & Home,thema_YNMP,56950
bisac_YAN028000,YAN028000,YAN,YOUNG ADULT NONFICTION / Humor,thema_YNU,56960
bisac_YAN029000,YAN029000,YAN,YOUNG ADULT NONFICTION / Inspirational & Personal Growth,thema_YX,56970
bisac_YAN030000,YAN030000,YAN,YOUNG ADULT NONFICTION / Language Arts / General,thema_YPC,56980
bisac_YAN030010,YAN030010,YAN,YOUNG ADULT NONFICTION / Language Arts / Communication,thema_YPC,56990
bisac_YAN030020,YAN030020,YAN,YOUNG ADULT NONFICTION / Language Arts / Composition & Creative Writing,thema_YPCA2,57000
bisac_YAN030030,YAN030030,YAN,YOUNG ADULT NONFICTION / Language Arts / Grammar,thema_YPCA4,57010
bisac_YAN030040,YAN030040,YAN,YOUNG ADULT NONFICTION / Language Arts / Journal Writing,"thema_YPCA2,thema_VSPE",57020
bisac_YAN030050,YAN030050,YAN,YOUNG ADULT NONFICTION / Language Arts / Vocabulary & Spelling,thema_YPCA23,57030
bisac_YAN031000,YAN031000,YAN,YOUNG ADULT NONFICTION / Law & Crime,thema_YNKC,57040
bisac_YAN032000,YAN032000,YAN,YOUNG ADULT NONFICTION / LGBTQ+ / General,thema_YXB,57050
bisac_YAN032010,YAN032010,YAN,YOUNG ADULT NONFICTION / LGBTQ+ / Bisexual,thema_YXB,57060
bisac_YAN032020,YAN032020,YAN,YOUNG ADULT NONFICTION / LGBTQ+ / Gay,thema_YXB,57070
bisac_YAN032030,YAN032030,YAN,YOUNG ADULT NONFICTION / LGBTQ+ / Lesbian,thema_YXB,57080
bisac_YAN032040,YAN032040,YAN,YOUNG ADULT NONFICTION / LGBTQ+ / Nonbinary & Genderqueer,thema_YXB,57090
bisac_YAN032050,YAN032050,YAN,YOUNG ADULT NONFICTION / LGBTQ+ / Transgender,thema_YXB,57100
bisac_YAN032060,YAN032060,YAN,YOUNG ADULT NONFICTION / LGBTQ+ / Two-Spirited & Indigiqueer,thema_YXB,57110
bisac_YAN033000,YAN033000,YAN,YOUNG ADULT NONFICTION / Literary Criticism & Collections,thema_YNL,57120
bisac_YAN034000,YAN034000,YAN,YOUNG ADULT NONFICTION / Mathematics / General,thema_YPMF,57130
bisac_YAN034010,YAN034010,YAN,YOUNG ADULT NONFICTION / Mathematics / Algebra,thema_YPMF2,57140
bisac_YAN034020,YAN034020,YAN,YOUNG ADULT NONFICTION / Mathematics / Geometry,thema_YPMF3,57150
bisac_YAN035000,YAN035000,YAN,YOUNG ADULT NONFICTION / Media Studies,thema_YPJK,57160
bisac_YAN036000,YAN036000,YAN,YOUNG ADULT NONFICTION / Media Tie-In,thema_YN,57170
bisac_YAN037000,YAN037000,YAN,YOUNG ADULT NONFICTION / Music / General,thema_YNC,57180
bisac_YAN037010,YAN037010,YAN,YOUNG ADULT NONFICTION / Music / History,"thema_YNC,thema_AVM",57190
bisac_YAN037020,YAN037020,YAN,YOUNG ADULT NONFICTION / Music / Instruction & Study,"thema_YNC,thema_YPAD",57200
bisac_YAN037030,YAN037030,YAN,YOUNG ADULT NONFICTION / Music / Popular,"thema_YNC,thema_AVLP",57210
bisac_YAN037040,YAN037040,YAN,YOUNG ADULT NONFICTION / Music / Rap & Hip Hop,thema_YNC,57220
bisac_YAN037050,YAN037050,YAN,YOUNG ADULT NONFICTION / Music / Rock,thema_YNC,57230
bisac_YAN038000,YAN038000,YAN,YOUNG ADULT NONFICTION / Places / General,thema_YNM,57240
bisac_YAN038010,YAN038010,YAN,YOUNG ADULT NONFICTION / Indigenous / General,thema_YNM,57250
bisac_YAN038020,YAN038020,YAN,YOUNG ADULT NONFICTION / Places / Africa,thema_YNM,57260
bisac_YAN038030,YAN038030,YAN,YOUNG ADULT NONFICTION / Places / Asia,thema_YNM,57270
bisac_YAN038040,YAN038040,YAN,YOUNG ADULT NONFICTION / Places / Australia & Oceania,thema_YNM,57280
bisac_YAN038050,YAN038050,YAN,YOUNG ADULT NONFICTION / Places / Canada,thema_YNM,57290
bisac_YAN038060,YAN038060,YAN,YOUNG ADULT NONFICTION / Places / Caribbean & Latin America,thema_YNM,57300
bisac_YAN038070,YAN038070,YAN,YOUNG ADULT NONFICTION / Places / Europe,thema_YNM,57310
bisac_YAN038080,YAN038080,YAN,YOUNG ADULT NONFICTION / Places / Mexico,thema_YNM,57320
bisac_YAN038090,YAN038090,YAN,YOUNG ADULT NONFICTION / Places / Middle East,thema_YNM,57330
bisac_YAN038100,YAN038100,YAN,YOUNG ADULT NONFICTION / Places / United States,thema_YNM,57340
bisac_YAN038110,YAN038110,YAN,YOUNG ADULT NONFICTION / African American & Black,thema_YNM,57350
bisac_YAN038120,YAN038120,YAN,YOUNG ADULT NONFICTION / Asian American & Pacific Islander,thema_YNM,57360
bisac_YAN038130,YAN038130,YAN,YOUNG ADULT NONFICTION / Hispanic & Latino,thema_YNM,57370
bisac_YAN038140,YAN038140,YAN,YOUNG ADULT NONFICTION / Native American,thema_YNM,57380
bisac_YAN038150,YAN038150,YAN,YOUNG ADULT NONFICTION / Middle Eastern & Arab American,thema_YNM,57390
bisac_YAN038160,YAN038160,YAN,YOUNG ADULT NONFICTION / Indigenous Peoples of Turtle Island,thema_YNM,57400
bisac_YAN038170,YAN038170,YAN,YOUNG ADULT NONFICTION / Indigenous / Elders,thema_YXF,57410
bisac_YAN038180,YAN038180,YAN,YOUNG ADULT NONFICTION / Indigenous / Family Life,thema_YXF,57420
bisac_YAN038190,YAN038190,YAN,YOUNG ADULT NONFICTION / Indigenous / Health & Healing,"thema_YXA,thema_YXL",57430
bisac_YAN038200,YAN038200,YAN,YOUNG ADULT NONFICTION / Indigenous / History,thema_YNH,57440
bisac_YAN038210,YAN038210,YAN,YOUNG ADULT NONFICTION / Indigenous / Land-Based Knowledge,"thema_YNT,thema_YNN",57450
bisac_YAN038220,YAN038220,YAN,YOUNG ADULT NONFICTION / Indigenous / Reconciliation,thema_YXZD,57460
bisac_YAN039000,YAN039000,YAN,YOUNG ADULT NONFICTION / Performing Arts / General,thema_YND,57470
bisac_YAN039010,YAN039010,YAN,YOUNG ADULT NONFICTION / Performing Arts / Dance,thema_YNDB,57480
bisac_YAN039020,YAN039020,YAN,YOUNG ADULT NONFICTION / Performing Arts / Film,"thema_YNF,thema_ATF",57490
bisac_YAN039030,YAN039030,YAN,YOUNG ADULT NONFICTION / Performing Arts / Television & Radio,"thema_YNF,thema_ATJ",57500
bisac_YAN039040,YAN039040,YAN,YOUNG ADULT NONFICTION / Performing Arts / Theater & Musicals,"thema_YND,thema_ATD",57510
bisac_YAN040000,YAN040000,YAN,YOUNG ADULT NONFICTION / Personal Finance,thema_YNPK,57520
bisac_YAN041000,YAN041000,YAN,YOUNG ADULT NONFICTION / Philosophy,thema_YNRA,57530
bisac_YAN042000,YAN042000,YAN,YOUNG ADULT NONFICTION / Photography,"thema_YNPB,thema_AJ",57540
bisac_YAN043000,YAN043000,YAN,YOUNG ADULT NONFICTION / Poetry,thema_YDP,57550
bisac_YAN044000,YAN044000,YAN,YOUNG ADULT NONFICTION / Public Speaking & Presentation,"thema_YPCA5,thema_CBP",57560
bisac_YAN045000,YAN045000,YAN,YOUNG ADULT NONFICTION / Recycling & Green Living,thema_YXZG,57570
bisac_YAN046000,YAN046000,YAN,YOUNG ADULT NONFICTION / Reference,thema_YR,57580
bisac_YAN047000,YAN047000,YAN,YOUNG ADULT NONFICTION / Religion / General,thema_YNR,57590
bisac_YAN047010,YAN047010,YAN,YOUNG ADULT NONFICTION / Religion / Agnosticism & Atheism,thema_YNR,57600
bisac_YAN047020,YAN047020,YAN,YOUNG ADULT NONFICTION / Religion / Biblical Stories & Studies,"thema_YNRX,thema_YPJN4",57610
bisac_YAN047030,YAN047030,YAN,YOUNG ADULT NONFICTION / Religion / Buddhism,thema_YNRF,57620
bisac_YAN047040,YAN047040,YAN,YOUNG ADULT NONFICTION / Religion / Christianity,thema_YNRM,57630
bisac_YAN047050,YAN047050,YAN,YAN047050,thema_YNRR,57640
bisac_YAN047060,YAN047060,YAN,YOUNG ADULT NONFICTION / Religion / Hinduism,thema_YNRD,57650
bisac_YAN047070,YAN047070,YAN,YOUNG ADULT NONFICTION / Religion / Islam,thema_YNRP,57660
bisac_YAN047080,YAN047080,YAN,YOUNG ADULT NONFICTION / Religion / Judaism,thema_YNRJ,57670
bisac_YAN047090,YAN047090,YAN,YOUNG ADULT NONFICTION / Religion / Indigenous / General,"thema_YNRR,thema_QRRT",57680
bisac_YAN047100,YAN047100,YAN,YOUNG ADULT NONFICTION / Religion / Indigenous / Ceremony & Spiritual Practice,"thema_YNRR,thema_QRRT",57690
bisac_YAN047110,YAN047110,YAN,YOUNG ADULT NONFICTION / Religion / Indigenous / Sacred Stories,"thema_YNRY,thema_QRRT",57700
bisac_YAN047120,YAN047120,YAN,YOUNG ADULT NONFICTION / Religion / Indigenous / Scripture & Prayerbooks,"thema_YNRX,thema_QRRT",57710
bisac_YAN047130,YAN047130,YAN,YOUNG ADULT NONFICTION / Religion / Indigenous / Spirituality,"thema_YNRR,thema_QRRT",57720
bisac_YAN047140,YAN047140,YAN,YOUNG ADULT NONFICTION / Religion / Indigenous / Teachings & Traditions,"thema_YNRR,thema_QRRT",57730
bisac_YAN048000,YAN048000,YAN,YOUNG ADULT NONFICTION / Religious / Christian / General,thema_YNRM,57740
bisac_YAN048010,YAN048010,YAN,YOUNG ADULT NONFICTION / Religious / Christian / Dating,"thema_YNRM,thema_YXHL",57750
bisac_YAN048020,YAN048020,YAN,YOUNG ADULT NONFICTION / Religious / Christian / Devotional & Prayer,"thema_YNRM,thema_YNRX",57760
bisac_YAN048030,YAN048030,YAN,YOUNG ADULT NONFICTION / Religious / Christian / Family & Relationships,"thema_YNRM,thema_YXF",57770
bisac_YAN048040,YAN048040,YAN,YOUNG ADULT NONFICTION / Religious / Christian / Inspirational,thema_YNRM,57780
bisac_YAN049000,YAN049000,YAN,YOUNG ADULT NONFICTION / School & Education,thema_YXT,57790
bisac_YAN050000,YAN050000,YAN,YOUNG ADULT NONFICTION / Science & Nature / General (see also headings under Animals or Technology),"thema_YNT,thema_YNN",57800
bisac_YAN050010,YAN050010,YAN,YOUNG ADULT NONFICTION / Science & Nature / Anatomy & Physiology,"thema_YNTA,thema_YPMP1",57810
bisac_YAN050020,YAN050020,YAN,YOUNG ADULT NONFICTION / Science & Nature / Astronomy,"thema_YNNZ,thema_YPMP51",57820
bisac_YAN050030,YAN050030,YAN,YOUNG ADULT NONFICTION / Science & Nature / Biology,"thema_YNT,thema_YPMP1",57830
bisac_YAN050040,YAN050040,YAN,YOUNG ADULT NONFICTION / Science & Nature / Botany,"thema_YNNT,thema_YPMP1",57840
bisac_YAN050050,YAN050050,YAN,YOUNG ADULT NONFICTION / Science & Nature / Chemistry,"thema_YNT,thema_YPMP3",57850
bisac_YAN050060,YAN050060,YAN,YOUNG ADULT NONFICTION / Science & Nature / Disasters,thema_YXZE,57860
bisac_YAN050070,YAN050070,YAN,YOUNG ADULT NONFICTION / Science & Nature / Earth Sciences,"thema_YNNV,thema_YPMP7",57870
bisac_YAN050080,YAN050080,YAN,YOUNG ADULT NONFICTION / Science & Nature / Environmental Conservation & Protection,"thema_YXZG,thema_YPMP6",57880
bisac_YAN050090,YAN050090,YAN,YOUNG ADULT NONFICTION / Science & Nature / Environmental Science & Ecosystems,"thema_YNNC,thema_YPMP6",57890
bisac_YAN050100,YAN050100,YAN,YOUNG ADULT NONFICTION / Science & Nature / Experiments & Projects,"thema_YNTD,thema_YPMP",57900
bisac_YAN050110,YAN050110,YAN,YOUNG ADULT NONFICTION / Science & Nature / History of Science,"thema_YNT,thema_YPMP",57910
bisac_YAN050120,YAN050120,YAN,YOUNG ADULT NONFICTION / Science & Nature / Physics,"thema_YNT,thema_YPMP5",57920
bisac_YAN050130,YAN050130,YAN,YOUNG ADULT NONFICTION / Science & Nature / Zoology,"thema_YNN,thema_YPMP1",57930
bisac_YAN051000,YAN051000,YAN,YOUNG ADULT NONFICTION / Social Topics / General (see also headings under Family),thema_YX,57940
bisac_YAN051010,YAN051010,YAN,YOUNG ADULT NONFICTION / Social Topics / Assimilation,"thema_YXM,thema_JBFB",57950
bisac_YAN051020,YAN051020,YAN,YOUNG ADULT NONFICTION / Social Topics / Bullying,thema_YXQF,57960
bisac_YAN051030,YAN051030,YAN,YOUNG ADULT NONFICTION / Social Topics / Class Differences,"thema_YXZ,thema_JBSA",57970
bisac_YAN051040,YAN051040,YAN,YOUNG ADULT NONFICTION / Social Topics / Dating & Sex,thema_YXHL,57980
bisac_YAN051050,YAN051050,YAN,"YOUNG ADULT NONFICTION / Social Topics / Death, Grief, Bereavement",thema_YXG,57990
bisac_YAN051060,YAN051060,YAN,YOUNG ADULT NONFICTION / Social Topics / Depression & Mental Illness,thema_YXLD,58000
bisac_YAN051070,YAN051070,YAN,"YOUNG ADULT NONFICTION / Social Topics / Drugs, Alcohol, Substance Abuse",thema_YXJ,58010
bisac_YAN051080,YAN051080,YAN,YOUNG ADULT NONFICTION / Social Topics / Eating Disorders & Body Image,thema_YXLD1,58020
bisac_YAN051090,YAN051090,YAN,"YOUNG ADULT NONFICTION / Social Topics / Emigration, Immigration & Refugees",thema_YXZM,58030
bisac_YAN051100,YAN051100,YAN,YOUNG ADULT NONFICTION / Social Topics / Emotions & Feelings,thema_YXE,58040
bisac_YAN051110,YAN051110,YAN,YOUNG ADULT NONFICTION / Social Topics / Friendship,thema_YXHB,58050
bisac_YAN051120,YAN051120,YAN,YOUNG ADULT NONFICTION / Social Topics / Poverty & Homelessness,thema_YXZH,58060
bisac_YAN051140,YAN051140,YAN,YOUNG ADULT NONFICTION / Social Topics / Manners & Etiquette,thema_YXHP,58070
bisac_YAN051150,YAN051150,YAN,YOUNG ADULT NONFICTION / Social Topics / Peer Pressure,thema_YXQ,58080
bisac_YAN051160,YAN051160,YAN,YOUNG ADULT NONFICTION / Social Topics / Physical & Emotional Abuse (see also Social Topics / Sexual Abuse),thema_YXQD,58090
bisac_YAN051170,YAN051170,YAN,YOUNG ADULT NONFICTION / Social Topics / Pregnancy,thema_YXHY,58100
bisac_YAN051180,YAN051180,YAN,YOUNG ADULT NONFICTION / Social Topics / Prejudice & Racism,"thema_YXPB,thema_YXN",58110
bisac_YAN051190,YAN051190,YAN,YOUNG ADULT NONFICTION / Social Topics / Runaways,thema_YXS,58120
bisac_YAN051200,YAN051200,YAN,YOUNG ADULT NONFICTION / Social Topics / Self-Esteem & Self-Reliance,thema_YXD,58130
bisac_YAN051210,YAN051210,YAN,YOUNG ADULT NONFICTION / Social Topics / Cutting & Self-Harm,thema_YXLD2,58140
bisac_YAN051220,YAN051220,YAN,YOUNG ADULT NONFICTION / Social Topics / Sexual Abuse,thema_YXQD,58150
bisac_YAN051230,YAN051230,YAN,YOUNG ADULT NONFICTION / Disability,thema_YXK,58160
bisac_YAN051240,YAN051240,YAN,YOUNG ADULT NONFICTION / Social Topics / Suicide,thema_YXGS,58170
bisac_YAN051250,YAN051250,YAN,YOUNG ADULT NONFICTION / Social Topics / Values & Virtues,thema_YXHP,58180
bisac_YAN051260,YAN051260,YAN,YOUNG ADULT NONFICTION / Social Topics / Violence,thema_YXQP,58190
bisac_YAN051270,YAN051270,YAN,YOUNG ADULT NONFICTION / Social Topics / Civil & Human Rights,thema_YXZB,58200
bisac_YAN051280,YAN051280,YAN,YOUNG ADULT NONFICTION / Social Topics / Compulsive Behavior,thema_YXLD,58210
bisac_YAN051290,YAN051290,YAN,YOUNG ADULT NONFICTION / Social Topics / Consent & Boundaries *,thema_YXAX,58220
bisac_YAN052000,YAN052000,YAN,YOUNG ADULT NONFICTION / Social Science / General,thema_YPJJ,58230
bisac_YAN052010,YAN052010,YAN,YOUNG ADULT NONFICTION / Social Science / Archaeology,"thema_YPJJ,thema_NK",58240
bisac_YAN052020,YAN052020,YAN,"YOUNG ADULT NONFICTION / Social Science / Customs, Traditions, Anthropology","thema_YPJJ,thema_YNMC",58250
bisac_YAN052030,YAN052030,YAN,YOUNG ADULT NONFICTION / Social Science / Folklore & Mythology,"thema_YNRU,thema_JBGB",58260
bisac_YAN052040,YAN052040,YAN,YOUNG ADULT NONFICTION / Social Science / Politics & Government,"thema_YPJJ1,thema_YNKA",58270
bisac_YAN052050,YAN052050,YAN,YOUNG ADULT NONFICTION / Social Science / Psychology,thema_YPJJ5,58280
bisac_YAN052060,YAN052060,YAN,YOUNG ADULT NONFICTION / Social Science / Sociology,thema_YPJJ,58290
bisac_YAN053000,YAN053000,YAN,YOUNG ADULT NONFICTION / Sports & Recreation / General,thema_YNW,58300
bisac_YAN053010,YAN053010,YAN,YOUNG ADULT NONFICTION / Sports & Recreation / Baseball & Softball,thema_YNWD3,58310
bisac_YAN053020,YAN053020,YAN,YOUNG ADULT NONFICTION / Sports & Recreation / Basketball,thema_YNWD4,58320
bisac_YAN053030,YAN053030,YAN,YOUNG ADULT NONFICTION / Sports & Recreation / Camping & Outdoor Activities,thema_YNWP,58330
bisac_YAN053040,YAN053040,YAN,YOUNG ADULT NONFICTION / Sports & Recreation / Extreme Sports,"thema_YNW,thema_SXQ",58340
bisac_YAN053050,YAN053050,YAN,YOUNG ADULT NONFICTION / Sports & Recreation / Football,thema_YNWD2,58350
bisac_YAN053060,YAN053060,YAN,YOUNG ADULT NONFICTION / Sports & Recreation / Hockey,thema_YNWM2,58360
bisac_YAN053070,YAN053070,YAN,YOUNG ADULT NONFICTION / Sports & Recreation / Martial Arts,thema_YNWJ,58370
bisac_YAN053080,YAN053080,YAN,YOUNG ADULT NONFICTION / Sports & Recreation / Motor Sports,thema_YNWT,58380
bisac_YAN053090,YAN053090,YAN,YOUNG ADULT NONFICTION / Sports & Recreation / Olympics & Paralympics,thema_YNWA,58390
bisac_YAN053100,YAN053100,YAN,YOUNG ADULT NONFICTION / Sports & Recreation / Soccer,thema_YNWD1,58400
bisac_YAN053110,YAN053110,YAN,YOUNG ADULT NONFICTION / Sports & Recreation / Track & Field,"thema_YNWG,thema_SHB",58410
bisac_YAN053120,YAN053120,YAN,YOUNG ADULT NONFICTION / Sports & Recreation / Winter Sports,thema_YNWM,58420
bisac_YAN054000,YAN054000,YAN,YOUNG ADULT NONFICTION / Study Aids / General,thema_YPZ,58430
bisac_YAN054010,YAN054010,YAN,YOUNG ADULT NONFICTION / Study Aids / Book Notes (see also STUDY AIDS / Book Notes),"thema_YPZ,thema_YNL",58440
bisac_YAN054020,YAN054020,YAN,YOUNG ADULT NONFICTION / Study Aids / Test Preparation,thema_YPZ,58450
bisac_YAN055000,YAN055000,YAN,YOUNG ADULT NONFICTION / Technology / General,"thema_YPMT,thema_YNT",58460
bisac_YAN055010,YAN055010,YAN,"YOUNG ADULT NONFICTION / Technology / Aeronautics, Astronautics & Space Science","thema_YPMT,thema_TRP",58470
bisac_YAN055020,YAN055020,YAN,YOUNG ADULT NONFICTION / Technology / Agriculture,thema_YPWE,58480
bisac_YAN055030,YAN055030,YAN,YOUNG ADULT NONFICTION / Technology / Electricity & Electronics,"thema_YPMT5,thema_YNTE",58490
bisac_YAN055040,YAN055040,YAN,YOUNG ADULT NONFICTION / Technology / Inventions,"thema_YNTD,thema_TBY",58500
bisac_YAN055050,YAN055050,YAN,YOUNG ADULT NONFICTION / Technology / Machinery & Tools,thema_YNTG,58510
bisac_YAN055060,YAN055060,YAN,YOUNG ADULT NONFICTION / Technology / Robotics,"thema_YNTC,thema_TJFM1",58520
bisac_YAN056000,YAN056000,YAN,YOUNG ADULT NONFICTION / Transportation / General,thema_YNTR,58530
bisac_YAN056010,YAN056010,YAN,YOUNG ADULT NONFICTION / Transportation / Aviation,"thema_YNTR,thema_WGM",58540
bisac_YAN056020,YAN056020,YAN,"YOUNG ADULT NONFICTION / Transportation / Boats, Ships & Underwater Craft","thema_YNTR,thema_WGG",58550
bisac_YAN056030,YAN056030,YAN,YOUNG ADULT NONFICTION / Transportation / Cars & Trucks,"thema_YNTR,thema_WGC",58560
bisac_YAN057000,YAN057000,YAN,YOUNG ADULT NONFICTION / Travel,"thema_YNM,thema_WT",58570
bisac_YAN058000,YAN058000,YAN,YOUNG ADULT NONFICTION / Activism & Social Justice,thema_YXZB,58580
bisac_YAN059000,YAN059000,YAN,YOUNG ADULT NONFICTION / Neurodiversity,thema_YXL,58590
bisac_YAN060000,YAN060000,YAN,YOUNG ADULT NONFICTION / Volunteering,thema_YXZB,58600
bisac_YAN061000,YAN061000,YAN,YOUNG ADULT NONFICTION / Diversity & Multicultural,"thema_YXP,thema_YXM",58610
bisac_YAN062000,YAN062000,YAN,YOUNG ADULT NONFICTION / Biracial & Multiracial,thema_YNM,58620
bisac_YAN063000,YAN063000,YAN,YOUNG ADULT NONFICTION / First Nations,thema_YNM,58630
bisac_YAN064000,YAN064000,YAN,YOUNG ADULT NONFICTION / Inuit,thema_YNM,58640
bisac_YAN065000,YAN065000,YAN,YOUNG ADULT NONFICTION / Métis,thema_YNM,58650
bisac_YAN066000,YAN066000,YAN,YOUNG ADULT NONFICTION / Hi-Lo Readers *,,58660
